t0_feature_0,t0_feature_1,t0_feature_2,t0_feature_3,t0_feature_4,t0_feature_5,t0_feature_6,t0_feature_7,t0_feature_8,t0_feature_9,t0_feature_10,t0_feature_11,t0_feature_12,t0_feature_13,t0_feature_14,t0_feature_15,t0_feature_16,t0_feature_17,t0_feature_18,t0_feature_19,t0_feature_20,t0_feature_21,t0_feature_22,t0_feature_23,t0_feature_24,t0_feature_25,t0_feature_26,t1_feature_0,t1_feature_1,t1_feature_2,t1_feature_3,t1_feature_4,t1_feature_5,t1_feature_6,t1_feature_7,t1_feature_8,t1_feature_9,t1_feature_10,t1_feature_11,t1_feature_12,t1_feature_13,t1_feature_14,t1_feature_15,t1_feature_16,t1_feature_17,t1_feature_18,t1_feature_19,t1_feature_20,t1_feature_21,t1_feature_22,t1_feature_23,t1_feature_24,t1_feature_25,t1_feature_26,t2_feature_0,t2_feature_1,t2_feature_2,t2_feature_3,t2_feature_4,t2_feature_5,t2_feature_6,t2_feature_7,t2_feature_8,t2_feature_9,t2_feature_10,t2_feature_11,t2_feature_12,t2_feature_13,t2_feature_14,t2_feature_15,t2_feature_16,t2_feature_17,t2_feature_18,t2_feature_19,t2_feature_20,t2_feature_21,t2_feature_22,t2_feature_23,t2_feature_24,t2_feature_25,t2_feature_26,t3_feature_0,t3_feature_1,t3_feature_2,t3_feature_3,t3_feature_4,t3_feature_5,t3_feature_6,t3_feature_7,t3_feature_8,t3_feature_9,t3_feature_10,t3_feature_11,t3_feature_12,t3_feature_13,t3_feature_14,t3_feature_15,t3_feature_16,t3_feature_17,t3_feature_18,t3_feature_19,t3_feature_20,t3_feature_21,t3_feature_22,t3_feature_23,t3_feature_24,t3_feature_25,t3_feature_26,t4_feature_0,t4_feature_1,t4_feature_2,t4_feature_3,t4_feature_4,t4_feature_5,t4_feature_6,t4_feature_7,t4_feature_8,t4_feature_9,t4_feature_10,t4_feature_11,t4_feature_12,t4_feature_13,t4_feature_14,t4_feature_15,t4_feature_16,t4_feature_17,t4_feature_18,t4_feature_19,t4_feature_20,t4_feature_21,t4_feature_22,t4_feature_23,t4_feature_24,t4_feature_25,t4_feature_26,t5_feature_0,t5_feature_1,t5_feature_2,t5_feature_3,t5_feature_4,t5_feature_5,t5_feature_6,t5_feature_7,t5_feature_8,t5_feature_9,t5_feature_10,t5_feature_11,t5_feature_12,t5_feature_13,t5_feature_14,t5_feature_15,t5_feature_16,t5_feature_17,t5_feature_18,t5_feature_19,t5_feature_20,t5_feature_21,t5_feature_22,t5_feature_23,t5_feature_24,t5_feature_25,t5_feature_26,t6_feature_0,t6_feature_1,t6_feature_2,t6_feature_3,t6_feature_4,t6_feature_5,t6_feature_6,t6_feature_7,t6_feature_8,t6_feature_9,t6_feature_10,t6_feature_11,t6_feature_12,t6_feature_13,t6_feature_14,t6_feature_15,t6_feature_16,t6_feature_17,t6_feature_18,t6_feature_19,t6_feature_20,t6_feature_21,t6_feature_22,t6_feature_23,t6_feature_24,t6_feature_25,t6_feature_26,t7_feature_0,t7_feature_1,t7_feature_2,t7_feature_3,t7_feature_4,t7_feature_5,t7_feature_6,t7_feature_7,t7_feature_8,t7_feature_9,t7_feature_10,t7_feature_11,t7_feature_12,t7_feature_13,t7_feature_14,t7_feature_15,t7_feature_16,t7_feature_17,t7_feature_18,t7_feature_19,t7_feature_20,t7_feature_21,t7_feature_22,t7_feature_23,t7_feature_24,t7_feature_25,t7_feature_26,target_GDP,sample_id,time_length,n_features
18.903334,9.6,4.8707037,82.96829,43.44065,13.953076,12.280781,5.4067407,4.3108616,-18.296452,8.042865,9.103766,9.595498,8.042866,9.556666,3.369899,12.4501,2.4399667,4.1,6.0,22330056.0,0.42879498,2.8067153,7.9,0.0,2013.0,1.0,4.13,9.133333,-2.2213633,38.47923,-27.681847,6.1819687,9.874452,-4.6841264,12.870885,284.09967,10.629351,9.988143,9.701839,10.629352,5.09,5.4588113,13.001567,2.3842,4.1,6.0,17722552.0,0.3286548,2.5729442,7.6,0.0,2013.0,2.0,3.92,10.1,6.09136,-61.013306,-57.23153,5.0035605,13.519923,-39.35307,-3.9330251,277.95374,6.2629232,12.285002,15.114851,6.2629247,8.54,7.118904,13.2989,2.7642,4.04,6.0,18190130.0,0.34263125,3.59102,7.9,0.0,2013.0,3.0,7.4666667,10.0,7.460061,-131.05603,-38.07758,8.980957,13.196985,-87.43495,-22.488232,1528.9176,8.3601885,14.997671,18.128796,8.360189,7.06,6.317906,13.547167,2.9075,4.05,6.0,28702656.0,0.53299457,3.410764,7.7,0.0,2013.0,4.0,-4.7433333,8.7,-8.635409,-24.056782,-86.63486,-1.7961428,4.3504553,-89.99322,-61.00989,710.35876,11.735101,15.325852,16.966599,11.7351,2.7566667,5.4141583,12.0325,2.274,4.08,6.0,22994344.0,0.43523628,3.457568,7.5,0.0,2014.0,1.0,5.0233335,8.9,-3.2019646,222.05508,76.89574,8.046476,3.1052759,-170.52791,-42.228718,449.67474,8.292734,16.989576,20.905598,8.292736,1.4833333,-1.067312,12.271433,2.2049334,4.08,6.0,15732516.0,0.32878008,2.518045,7.6,0.0,2014.0,2.0,13.01,7.9666667,12.372048,75.73436,140.90541,10.103935,3.3604708,-78.10485,-59.714344,-36.2294,2.2918918,12.298028,16.638468,2.291892,0.9533333,-0.052267253,11.8969,1.9678667,4.07,6.0,21158662.0,0.38913068,2.4709277,7.2,0.0,2014.0,3.0,8.65,7.6,34.248867,404.6622,139.56728,6.30392,-0.22721866,124.6765,-62.123764,-96.54374,-11.441908,7.696505,15.978094,-11.4417715,-1.6566666,5.4578238,11.710234,1.5153333,4.09,5.733333,25539418.0,0.554631,3.6467502,7.3,0.0,2014.0,4.0,7.1,0,8,27
4.13,9.133333,-2.2213633,38.47923,-27.681847,6.1819687,9.874452,-4.6841264,12.870885,284.09967,10.629351,9.988143,9.701839,10.629352,5.09,5.4588113,13.001567,2.3842,4.1,6.0,17722552.0,0.3286548,2.5729442,7.6,0.0,2013.0,2.0,3.92,10.1,6.09136,-61.013306,-57.23153,5.0035605,13.519923,-39.35307,-3.9330251,277.95374,6.2629232,12.285002,15.114851,6.2629247,8.54,7.118904,13.2989,2.7642,4.04,6.0,18190130.0,0.34263125,3.59102,7.9,0.0,2013.0,3.0,7.4666667,10.0,7.460061,-131.05603,-38.07758,8.980957,13.196985,-87.43495,-22.488232,1528.9176,8.3601885,14.997671,18.128796,8.360189,7.06,6.317906,13.547167,2.9075,4.05,6.0,28702656.0,0.53299457,3.410764,7.7,0.0,2013.0,4.0,-4.7433333,8.7,-8.635409,-24.056782,-86.63486,-1.7961428,4.3504553,-89.99322,-61.00989,710.35876,11.735101,15.325852,16.966599,11.7351,2.7566667,5.4141583,12.0325,2.274,4.08,6.0,22994344.0,0.43523628,3.457568,7.5,0.0,2014.0,1.0,5.0233335,8.9,-3.2019646,222.05508,76.89574,8.046476,3.1052759,-170.52791,-42.228718,449.67474,8.292734,16.989576,20.905598,8.292736,1.4833333,-1.067312,12.271433,2.2049334,4.08,6.0,15732516.0,0.32878008,2.518045,7.6,0.0,2014.0,2.0,13.01,7.9666667,12.372048,75.73436,140.90541,10.103935,3.3604708,-78.10485,-59.714344,-36.2294,2.2918918,12.298028,16.638468,2.291892,0.9533333,-0.052267253,11.8969,1.9678667,4.07,6.0,21158662.0,0.38913068,2.4709277,7.2,0.0,2014.0,3.0,8.65,7.6,34.248867,404.6622,139.56728,6.30392,-0.22721866,124.6765,-62.123764,-96.54374,-11.441908,7.696505,15.978094,-11.4417715,-1.6566666,5.4578238,11.710234,1.5153333,4.09,5.733333,25539418.0,0.554631,3.6467502,7.3,0.0,2014.0,4.0,9.836667,6.266667,77.989006,-71.96104,1272.5491,2.012427,-9.777393,13.699977,-62.960876,-88.155304,-22.457071,1.6004044,12.1014805,-22.45707,-17.603333,7.9591727,10.47935,1.1902333,4.05,5.516667,27062572.0,0.4996885,2.680761,7.1,0.0,2015.0,1.0,7.1,1,8,27
3.92,10.1,6.09136,-61.013306,-57.23153,5.0035605,13.519923,-39.35307,-3.9330251,277.95374,6.2629232,12.285002,15.114851,6.2629247,8.54,7.118904,13.2989,2.7642,4.04,6.0,18190130.0,0.34263125,3.59102,7.9,0.0,2013.0,3.0,7.4666667,10.0,7.460061,-131.05603,-38.07758,8.980957,13.196985,-87.43495,-22.488232,1528.9176,8.3601885,14.997671,18.128796,8.360189,7.06,6.317906,13.547167,2.9075,4.05,6.0,28702656.0,0.53299457,3.410764,7.7,0.0,2013.0,4.0,-4.7433333,8.7,-8.635409,-24.056782,-86.63486,-1.7961428,4.3504553,-89.99322,-61.00989,710.35876,11.735101,15.325852,16.966599,11.7351,2.7566667,5.4141583,12.0325,2.274,4.08,6.0,22994344.0,0.43523628,3.457568,7.5,0.0,2014.0,1.0,5.0233335,8.9,-3.2019646,222.05508,76.89574,8.046476,3.1052759,-170.52791,-42.228718,449.67474,8.292734,16.989576,20.905598,8.292736,1.4833333,-1.067312,12.271433,2.2049334,4.08,6.0,15732516.0,0.32878008,2.518045,7.6,0.0,2014.0,2.0,13.01,7.9666667,12.372048,75.73436,140.90541,10.103935,3.3604708,-78.10485,-59.714344,-36.2294,2.2918918,12.298028,16.638468,2.291892,0.9533333,-0.052267253,11.8969,1.9678667,4.07,6.0,21158662.0,0.38913068,2.4709277,7.2,0.0,2014.0,3.0,8.65,7.6,34.248867,404.6622,139.56728,6.30392,-0.22721866,124.6765,-62.123764,-96.54374,-11.441908,7.696505,15.978094,-11.4417715,-1.6566666,5.4578238,11.710234,1.5153333,4.09,5.733333,25539418.0,0.554631,3.6467502,7.3,0.0,2014.0,4.0,9.836667,6.266667,77.989006,-71.96104,1272.5491,2.012427,-9.777393,13.699977,-62.960876,-88.155304,-22.457071,1.6004044,12.1014805,-22.45707,-17.603333,7.9591727,10.47935,1.1902333,4.05,5.516667,27062572.0,0.4996885,2.680761,7.1,0.0,2015.0,1.0,-2.88,6.266667,140.88135,11.718258,-10.44401,-4.8503003,-4.1615376,117.782166,-81.2218,-99.20727,-24.242895,-0.29890183,9.357893,-24.242895,-13.376667,12.575172,10.254867,1.3769333,4.04,5.1,15230938.0,0.30600175,2.5834079,7.1,0.0,2015.0,2.0,7.0,2,8,27
7.4666667,10.0,7.460061,-131.05603,-38.07758,8.980957,13.196985,-87.43495,-22.488232,1528.9176,8.3601885,14.997671,18.128796,8.360189,7.06,6.317906,13.547167,2.9075,4.05,6.0,28702656.0,0.53299457,3.410764,7.7,0.0,2013.0,4.0,-4.7433333,8.7,-8.635409,-24.056782,-86.63486,-1.7961428,4.3504553,-89.99322,-61.00989,710.35876,11.735101,15.325852,16.966599,11.7351,2.7566667,5.4141583,12.0325,2.274,4.08,6.0,22994344.0,0.43523628,3.457568,7.5,0.0,2014.0,1.0,5.0233335,8.9,-3.2019646,222.05508,76.89574,8.046476,3.1052759,-170.52791,-42.228718,449.67474,8.292734,16.989576,20.905598,8.292736,1.4833333,-1.067312,12.271433,2.2049334,4.08,6.0,15732516.0,0.32878008,2.518045,7.6,0.0,2014.0,2.0,13.01,7.9666667,12.372048,75.73436,140.90541,10.103935,3.3604708,-78.10485,-59.714344,-36.2294,2.2918918,12.298028,16.638468,2.291892,0.9533333,-0.052267253,11.8969,1.9678667,4.07,6.0,21158662.0,0.38913068,2.4709277,7.2,0.0,2014.0,3.0,8.65,7.6,34.248867,404.6622,139.56728,6.30392,-0.22721866,124.6765,-62.123764,-96.54374,-11.441908,7.696505,15.978094,-11.4417715,-1.6566666,5.4578238,11.710234,1.5153333,4.09,5.733333,25539418.0,0.554631,3.6467502,7.3,0.0,2014.0,4.0,9.836667,6.266667,77.989006,-71.96104,1272.5491,2.012427,-9.777393,13.699977,-62.960876,-88.155304,-22.457071,1.6004044,12.1014805,-22.45707,-17.603333,7.9591727,10.47935,1.1902333,4.05,5.516667,27062572.0,0.4996885,2.680761,7.1,0.0,2015.0,1.0,-2.88,6.266667,140.88135,11.718258,-10.44401,-4.8503003,-4.1615376,117.782166,-81.2218,-99.20727,-24.242895,-0.29890183,9.357893,-24.242895,-13.376667,12.575172,10.254867,1.3769333,4.04,5.1,15230938.0,0.30600175,2.5834079,7.1,0.0,2015.0,2.0,-6.363333,5.9333334,59.314655,-149.15324,-14.9533415,-9.440161,-8.777693,-114.64288,-82.96108,-69.0701,-13.050146,-3.0011685,0.8216942,-13.050148,-14.233334,10.934433,10.734867,1.7327666,4.05,4.6833334,16873886.0,0.33395725,2.5240145,7.0,0.0,2015.0,3.0,6.9,3,8,27
-4.7433333,8.7,-8.635409,-24.056782,-86.63486,-1.7961428,4.3504553,-89.99322,-61.00989,710.35876,11.735101,15.325852,16.966599,11.7351,2.7566667,5.4141583,12.0325,2.274,4.08,6.0,22994344.0,0.43523628,3.457568,7.5,0.0,2014.0,1.0,5.0233335,8.9,-3.2019646,222.05508,76.89574,8.046476,3.1052759,-170.52791,-42.228718,449.67474,8.292734,16.989576,20.905598,8.292736,1.4833333,-1.067312,12.271433,2.2049334,4.08,6.0,15732516.0,0.32878008,2.518045,7.6,0.0,2014.0,2.0,13.01,7.9666667,12.372048,75.73436,140.90541,10.103935,3.3604708,-78.10485,-59.714344,-36.2294,2.2918918,12.298028,16.638468,2.291892,0.9533333,-0.052267253,11.8969,1.9678667,4.07,6.0,21158662.0,0.38913068,2.4709277,7.2,0.0,2014.0,3.0,8.65,7.6,34.248867,404.6622,139.56728,6.30392,-0.22721866,124.6765,-62.123764,-96.54374,-11.441908,7.696505,15.978094,-11.4417715,-1.6566666,5.4578238,11.710234,1.5153333,4.09,5.733333,25539418.0,0.554631,3.6467502,7.3,0.0,2014.0,4.0,9.836667,6.266667,77.989006,-71.96104,1272.5491,2.012427,-9.777393,13.699977,-62.960876,-88.155304,-22.457071,1.6004044,12.1014805,-22.45707,-17.603333,7.9591727,10.47935,1.1902333,4.05,5.516667,27062572.0,0.4996885,2.680761,7.1,0.0,2015.0,1.0,-2.88,6.266667,140.88135,11.718258,-10.44401,-4.8503003,-4.1615376,117.782166,-81.2218,-99.20727,-24.242895,-0.29890183,9.357893,-24.242895,-13.376667,12.575172,10.254867,1.3769333,4.04,5.1,15230938.0,0.30600175,2.5834079,7.1,0.0,2015.0,2.0,-6.363333,5.9333334,59.314655,-149.15324,-14.9533415,-9.440161,-8.777693,-114.64288,-82.96108,-69.0701,-13.050146,-3.0011685,0.8216942,-13.050148,-14.233334,10.934433,10.734867,1.7327666,4.05,4.6833334,16873886.0,0.33395725,2.5240145,7.0,0.0,2015.0,3.0,-5.34,5.9,33.359943,22.824102,9.013168,-4.537077,-6.1316366,-84.66611,-69.56633,111.298874,5.4996333,-4.0205293,-7.1661096,5.4994717,-11.886666,5.065754,11.098534,1.451,4.05,4.35,25128212.0,0.48060372,3.4989157,6.9,0.0,2015.0,4.0,6.9,4,8,27
5.0233335,8.9,-3.2019646,222.05508,76.89574,8.046476,3.1052759,-170.52791,-42.228718,449.67474,8.292734,16.989576,20.905598,8.292736,1.4833333,-1.067312,12.271433,2.2049334,4.08,6.0,15732516.0,0.32878008,2.518045,7.6,0.0,2014.0,2.0,13.01,7.9666667,12.372048,75.73436,140.90541,10.103935,3.3604708,-78.10485,-59.714344,-36.2294,2.2918918,12.298028,16.638468,2.291892,0.9533333,-0.052267253,11.8969,1.9678667,4.07,6.0,21158662.0,0.38913068,2.4709277,7.2,0.0,2014.0,3.0,8.65,7.6,34.248867,404.6622,139.56728,6.30392,-0.22721866,124.6765,-62.123764,-96.54374,-11.441908,7.696505,15.978094,-11.4417715,-1.6566666,5.4578238,11.710234,1.5153333,4.09,5.733333,25539418.0,0.554631,3.6467502,7.3,0.0,2014.0,4.0,9.836667,6.266667,77.989006,-71.96104,1272.5491,2.012427,-9.777393,13.699977,-62.960876,-88.155304,-22.457071,1.6004044,12.1014805,-22.45707,-17.603333,7.9591727,10.47935,1.1902333,4.05,5.516667,27062572.0,0.4996885,2.680761,7.1,0.0,2015.0,1.0,-2.88,6.266667,140.88135,11.718258,-10.44401,-4.8503003,-4.1615376,117.782166,-81.2218,-99.20727,-24.242895,-0.29890183,9.357893,-24.242895,-13.376667,12.575172,10.254867,1.3769333,4.04,5.1,15230938.0,0.30600175,2.5834079,7.1,0.0,2015.0,2.0,-6.363333,5.9333334,59.314655,-149.15324,-14.9533415,-9.440161,-8.777693,-114.64288,-82.96108,-69.0701,-13.050146,-3.0011685,0.8216942,-13.050148,-14.233334,10.934433,10.734867,1.7327666,4.05,4.6833334,16873886.0,0.33395725,2.5240145,7.0,0.0,2015.0,3.0,-5.34,5.9,33.359943,22.824102,9.013168,-4.537077,-6.1316366,-84.66611,-69.56633,111.298874,5.4996333,-4.0205293,-7.1661096,5.4994717,-11.886666,5.065754,11.098534,1.451,4.05,4.35,25128212.0,0.48060372,3.4989157,6.9,0.0,2015.0,4.0,-11.893333,5.8575535,-14.984891,-55.582558,-39.459995,-12.175399,-8.32372,-162.82729,-24.128252,413.435,22.61437,-1.2680657,-8.479029,22.61437,-13.943334,-0.16702811,10.35,2.133797,4.04,4.35,20778134.0,0.47480282,3.1886177,6.9,0.0,2016.0,1.0,6.8,5,8,27
13.01,7.9666667,12.372048,75.73436,140.90541,10.103935,3.3604708,-78.10485,-59.714344,-36.2294,2.2918918,12.298028,16.638468,2.291892,0.9533333,-0.052267253,11.8969,1.9678667,4.07,6.0,21158662.0,0.38913068,2.4709277,7.2,0.0,2014.0,3.0,8.65,7.6,34.248867,404.6622,139.56728,6.30392,-0.22721866,124.6765,-62.123764,-96.54374,-11.441908,7.696505,15.978094,-11.4417715,-1.6566666,5.4578238,11.710234,1.5153333,4.09,5.733333,25539418.0,0.554631,3.6467502,7.3,0.0,2014.0,4.0,9.836667,6.266667,77.989006,-71.96104,1272.5491,2.012427,-9.777393,13.699977,-62.960876,-88.155304,-22.457071,1.6004044,12.1014805,-22.45707,-17.603333,7.9591727,10.47935,1.1902333,4.05,5.516667,27062572.0,0.4996885,2.680761,7.1,0.0,2015.0,1.0,-2.88,6.266667,140.88135,11.718258,-10.44401,-4.8503003,-4.1615376,117.782166,-81.2218,-99.20727,-24.242895,-0.29890183,9.357893,-24.242895,-13.376667,12.575172,10.254867,1.3769333,4.04,5.1,15230938.0,0.30600175,2.5834079,7.1,0.0,2015.0,2.0,-6.363333,5.9333334,59.314655,-149.15324,-14.9533415,-9.440161,-8.777693,-114.64288,-82.96108,-69.0701,-13.050146,-3.0011685,0.8216942,-13.050148,-14.233334,10.934433,10.734867,1.7327666,4.05,4.6833334,16873886.0,0.33395725,2.5240145,7.0,0.0,2015.0,3.0,-5.34,5.9,33.359943,22.824102,9.013168,-4.537077,-6.1316366,-84.66611,-69.56633,111.298874,5.4996333,-4.0205293,-7.1661096,5.4994717,-11.886666,5.065754,11.098534,1.451,4.05,4.35,25128212.0,0.48060372,3.4989157,6.9,0.0,2015.0,4.0,-11.893333,5.8575535,-14.984891,-55.582558,-39.459995,-12.175399,-8.32372,-162.82729,-24.128252,413.435,22.61437,-1.2680657,-8.479029,22.61437,-13.943334,-0.16702811,10.35,2.133797,4.04,4.35,20778134.0,0.47480282,3.1886177,6.9,0.0,2016.0,1.0,-6.3333335,6.0666666,-33.66983,-62.816956,-12.576254,-6.6001782,-5.9125705,-128.70059,-62.54208,667.5102,38.787193,-0.32926178,-11.2579775,38.787193,-6.923333,-3.741084,10.233334,2.0821223,4.05,4.35,15479207.0,0.34497735,2.466071,6.8,0.0,2016.0,2.0,6.8,6,8,27
8.65,7.6,34.248867,404.6622,139.56728,6.30392,-0.22721866,124.6765,-62.123764,-96.54374,-11.441908,7.696505,15.978094,-11.4417715,-1.6566666,5.4578238,11.710234,1.5153333,4.09,5.733333,25539418.0,0.554631,3.6467502,7.3,0.0,2014.0,4.0,9.836667,6.266667,77.989006,-71.96104,1272.5491,2.012427,-9.777393,13.699977,-62.960876,-88.155304,-22.457071,1.6004044,12.1014805,-22.45707,-17.603333,7.9591727,10.47935,1.1902333,4.05,5.516667,27062572.0,0.4996885,2.680761,7.1,0.0,2015.0,1.0,-2.88,6.266667,140.88135,11.718258,-10.44401,-4.8503003,-4.1615376,117.782166,-81.2218,-99.20727,-24.242895,-0.29890183,9.357893,-24.242895,-13.376667,12.575172,10.254867,1.3769333,4.04,5.1,15230938.0,0.30600175,2.5834079,7.1,0.0,2015.0,2.0,-6.363333,5.9333334,59.314655,-149.15324,-14.9533415,-9.440161,-8.777693,-114.64288,-82.96108,-69.0701,-13.050146,-3.0011685,0.8216942,-13.050148,-14.233334,10.934433,10.734867,1.7327666,4.05,4.6833334,16873886.0,0.33395725,2.5240145,7.0,0.0,2015.0,3.0,-5.34,5.9,33.359943,22.824102,9.013168,-4.537077,-6.1316366,-84.66611,-69.56633,111.298874,5.4996333,-4.0205293,-7.1661096,5.4994717,-11.886666,5.065754,11.098534,1.451,4.05,4.35,25128212.0,0.48060372,3.4989157,6.9,0.0,2015.0,4.0,-11.893333,5.8575535,-14.984891,-55.582558,-39.459995,-12.175399,-8.32372,-162.82729,-24.128252,413.435,22.61437,-1.2680657,-8.479029,22.61437,-13.943334,-0.16702811,10.35,2.133797,4.04,4.35,20778134.0,0.47480282,3.1886177,6.9,0.0,2016.0,1.0,-6.3333335,6.0666666,-33.66983,-62.816956,-12.576254,-6.6001782,-5.9125705,-128.70059,-62.54208,667.5102,38.787193,-0.32926178,-11.2579775,38.787193,-6.923333,-3.741084,10.233334,2.0821223,4.05,4.35,15479207.0,0.34497735,2.466071,6.8,0.0,2016.0,2.0,-6.8966665,6.133333,-6.9772053,85.294586,7.854134,-0.70247036,-1.6610323,-1123.0828,-55.58011,189.0787,29.03214,5.1326075,-2.7087047,29.033115,-4.1566668,-7.0279098,10.5,1.6750374,4.04,4.35,17891152.0,0.37852502,3.5674229,6.8,0.0,2016.0,3.0,6.9,7,8,27
9.836667,6.266667,77.989006,-71.96104,1272.5491,2.012427,-9.777393,13.699977,-62.960876,-88.155304,-22.457071,1.6004044,12.1014805,-22.45707,-17.603333,7.9591727,10.47935,1.1902333,4.05,5.516667,27062572.0,0.4996885,2.680761,7.1,0.0,2015.0,1.0,-2.88,6.266667,140.88135,11.718258,-10.44401,-4.8503003,-4.1615376,117.782166,-81.2218,-99.20727,-24.242895,-0.29890183,9.357893,-24.242895,-13.376667,12.575172,10.254867,1.3769333,4.04,5.1,15230938.0,0.30600175,2.5834079,7.1,0.0,2015.0,2.0,-6.363333,5.9333334,59.314655,-149.15324,-14.9533415,-9.440161,-8.777693,-114.64288,-82.96108,-69.0701,-13.050146,-3.0011685,0.8216942,-13.050148,-14.233334,10.934433,10.734867,1.7327666,4.05,4.6833334,16873886.0,0.33395725,2.5240145,7.0,0.0,2015.0,3.0,-5.34,5.9,33.359943,22.824102,9.013168,-4.537077,-6.1316366,-84.66611,-69.56633,111.298874,5.4996333,-4.0205293,-7.1661096,5.4994717,-11.886666,5.065754,11.098534,1.451,4.05,4.35,25128212.0,0.48060372,3.4989157,6.9,0.0,2015.0,4.0,-11.893333,5.8575535,-14.984891,-55.582558,-39.459995,-12.175399,-8.32372,-162.82729,-24.128252,413.435,22.61437,-1.2680657,-8.479029,22.61437,-13.943334,-0.16702811,10.35,2.133797,4.04,4.35,20778134.0,0.47480282,3.1886177,6.9,0.0,2016.0,1.0,-6.3333335,6.0666666,-33.66983,-62.816956,-12.576254,-6.6001782,-5.9125705,-128.70059,-62.54208,667.5102,38.787193,-0.32926178,-11.2579775,38.787193,-6.923333,-3.741084,10.233334,2.0821223,4.05,4.35,15479207.0,0.34497735,2.466071,6.8,0.0,2016.0,2.0,-6.8966665,6.133333,-6.9772053,85.294586,7.854134,-0.70247036,-1.6610323,-1123.0828,-55.58011,189.0787,29.03214,5.1326075,-2.7087047,29.033115,-4.1566668,-7.0279098,10.5,1.6750374,4.04,4.35,17891152.0,0.37852502,3.5674229,6.8,0.0,2016.0,3.0,-5.2733335,6.1,-6.7747126,-253.44827,-82.36862,-6.1277204,4.2916455,-116.02708,-31.032272,42.848602,16.835852,5.715119,1.5393066,16.835852,2.4866667,-6.444763,10.566667,2.1415834,4.02,4.35,25858446.0,0.50249416,3.2024336,6.9,0.0,2016.0,4.0,7.0,8,8,27
-2.88,6.266667,140.88135,11.718258,-10.44401,-4.8503003,-4.1615376,117.782166,-81.2218,-99.20727,-24.242895,-0.29890183,9.357893,-24.242895,-13.376667,12.575172,10.254867,1.3769333,4.04,5.1,15230938.0,0.30600175,2.5834079,7.1,0.0,2015.0,2.0,-6.363333,5.9333334,59.314655,-149.15324,-14.9533415,-9.440161,-8.777693,-114.64288,-82.96108,-69.0701,-13.050146,-3.0011685,0.8216942,-13.050148,-14.233334,10.934433,10.734867,1.7327666,4.05,4.6833334,16873886.0,0.33395725,2.5240145,7.0,0.0,2015.0,3.0,-5.34,5.9,33.359943,22.824102,9.013168,-4.537077,-6.1316366,-84.66611,-69.56633,111.298874,5.4996333,-4.0205293,-7.1661096,5.4994717,-11.886666,5.065754,11.098534,1.451,4.05,4.35,25128212.0,0.48060372,3.4989157,6.9,0.0,2015.0,4.0,-11.893333,5.8575535,-14.984891,-55.582558,-39.459995,-12.175399,-8.32372,-162.82729,-24.128252,413.435,22.61437,-1.2680657,-8.479029,22.61437,-13.943334,-0.16702811,10.35,2.133797,4.04,4.35,20778134.0,0.47480282,3.1886177,6.9,0.0,2016.0,1.0,-6.3333335,6.0666666,-33.66983,-62.816956,-12.576254,-6.6001782,-5.9125705,-128.70059,-62.54208,667.5102,38.787193,-0.32926178,-11.2579775,38.787193,-6.923333,-3.741084,10.233334,2.0821223,4.05,4.35,15479207.0,0.34497735,2.466071,6.8,0.0,2016.0,2.0,-6.8966665,6.133333,-6.9772053,85.294586,7.854134,-0.70247036,-1.6610323,-1123.0828,-55.58011,189.0787,29.03214,5.1326075,-2.7087047,29.033115,-4.1566668,-7.0279098,10.5,1.6750374,4.04,4.35,17891152.0,0.37852502,3.5674229,6.8,0.0,2016.0,3.0,-5.2733335,6.1,-6.7747126,-253.44827,-82.36862,-6.1277204,4.2916455,-116.02708,-31.032272,42.848602,16.835852,5.715119,1.5393066,16.835852,2.4866667,-6.444763,10.566667,2.1415834,4.02,4.35,25858446.0,0.50249416,3.2024336,6.9,0.0,2016.0,4.0,6.5466666,6.953277,20.878859,-447.3573,-54.03859,12.433651,18.63032,-13.171066,-57.14255,-29.998814,5.1000013,5.4195786,5.548853,5.100001,25.296667,-5.0724545,10.2,1.4163517,3.97,4.35,32122132.0,0.58719695,3.0725896,7.0,0.0,2017.0,1.0,7.0,9,8,27
-6.363333,5.9333334,59.314655,-149.15324,-14.9533415,-9.440161,-8.777693,-114.64288,-82.96108,-69.0701,-13.050146,-3.0011685,0.8216942,-13.050148,-14.233334,10.934433,10.734867,1.7327666,4.05,4.6833334,16873886.0,0.33395725,2.5240145,7.0,0.0,2015.0,3.0,-5.34,5.9,33.359943,22.824102,9.013168,-4.537077,-6.1316366,-84.66611,-69.56633,111.298874,5.4996333,-4.0205293,-7.1661096,5.4994717,-11.886666,5.065754,11.098534,1.451,4.05,4.35,25128212.0,0.48060372,3.4989157,6.9,0.0,2015.0,4.0,-11.893333,5.8575535,-14.984891,-55.582558,-39.459995,-12.175399,-8.32372,-162.82729,-24.128252,413.435,22.61437,-1.2680657,-8.479029,22.61437,-13.943334,-0.16702811,10.35,2.133797,4.04,4.35,20778134.0,0.47480282,3.1886177,6.9,0.0,2016.0,1.0,-6.3333335,6.0666666,-33.66983,-62.816956,-12.576254,-6.6001782,-5.9125705,-128.70059,-62.54208,667.5102,38.787193,-0.32926178,-11.2579775,38.787193,-6.923333,-3.741084,10.233334,2.0821223,4.05,4.35,15479207.0,0.34497735,2.466071,6.8,0.0,2016.0,2.0,-6.8966665,6.133333,-6.9772053,85.294586,7.854134,-0.70247036,-1.6610323,-1123.0828,-55.58011,189.0787,29.03214,5.1326075,-2.7087047,29.033115,-4.1566668,-7.0279098,10.5,1.6750374,4.04,4.35,17891152.0,0.37852502,3.5674229,6.8,0.0,2016.0,3.0,-5.2733335,6.1,-6.7747126,-253.44827,-82.36862,-6.1277204,4.2916455,-116.02708,-31.032272,42.848602,16.835852,5.715119,1.5393066,16.835852,2.4866667,-6.444763,10.566667,2.1415834,4.02,4.35,25858446.0,0.50249416,3.2024336,6.9,0.0,2016.0,4.0,6.5466666,6.953277,20.878859,-447.3573,-54.03859,12.433651,18.63032,-13.171066,-57.14255,-29.998814,5.1000013,5.4195786,5.548853,5.100001,25.296667,-5.0724545,10.2,1.4163517,3.97,4.35,32122132.0,0.58719695,3.0725896,7.0,0.0,2017.0,1.0,8.176666,6.866667,16.200603,-66.88404,-8.962866,11.438683,13.619832,141.46822,8.834617,-53.186863,-2.0805974,5.8518877,9.317972,-2.0805998,14.106667,-4.141071,10.8,1.4,3.95,4.35,24424964.0,0.44633135,2.445849,7.0,0.0,2017.0,2.0,6.9,10,8,27
-5.34,5.9,33.359943,22.824102,9.013168,-4.537077,-6.1316366,-84.66611,-69.56633,111.298874,5.4996333,-4.0205293,-7.1661096,5.4994717,-11.886666,5.065754,11.098534,1.451,4.05,4.35,25128212.0,0.48060372,3.4989157,6.9,0.0,2015.0,4.0,-11.893333,5.8575535,-14.984891,-55.582558,-39.459995,-12.175399,-8.32372,-162.82729,-24.128252,413.435,22.61437,-1.2680657,-8.479029,22.61437,-13.943334,-0.16702811,10.35,2.133797,4.04,4.35,20778134.0,0.47480282,3.1886177,6.9,0.0,2016.0,1.0,-6.3333335,6.0666666,-33.66983,-62.816956,-12.576254,-6.6001782,-5.9125705,-128.70059,-62.54208,667.5102,38.787193,-0.32926178,-11.2579775,38.787193,-6.923333,-3.741084,10.233334,2.0821223,4.05,4.35,15479207.0,0.34497735,2.466071,6.8,0.0,2016.0,2.0,-6.8966665,6.133333,-6.9772053,85.294586,7.854134,-0.70247036,-1.6610323,-1123.0828,-55.58011,189.0787,29.03214,5.1326075,-2.7087047,29.033115,-4.1566668,-7.0279098,10.5,1.6750374,4.04,4.35,17891152.0,0.37852502,3.5674229,6.8,0.0,2016.0,3.0,-5.2733335,6.1,-6.7747126,-253.44827,-82.36862,-6.1277204,4.2916455,-116.02708,-31.032272,42.848602,16.835852,5.715119,1.5393066,16.835852,2.4866667,-6.444763,10.566667,2.1415834,4.02,4.35,25858446.0,0.50249416,3.2024336,6.9,0.0,2016.0,4.0,6.5466666,6.953277,20.878859,-447.3573,-54.03859,12.433651,18.63032,-13.171066,-57.14255,-29.998814,5.1000013,5.4195786,5.548853,5.100001,25.296667,-5.0724545,10.2,1.4163517,3.97,4.35,32122132.0,0.58719695,3.0725896,7.0,0.0,2017.0,1.0,8.176666,6.866667,16.200603,-66.88404,-8.962866,11.438683,13.619832,141.46822,8.834617,-53.186863,-2.0805974,5.8518877,9.317972,-2.0805998,14.106667,-4.141071,10.8,1.4,3.95,4.35,24424964.0,0.44633135,2.445849,7.0,0.0,2017.0,2.0,6.3766665,6.3333335,22.584414,438.45633,-40.077183,7.042597,12.831991,108.293434,168.03955,-74.6459,-6.1717114,5.134003,10.053652,-6.172421,14.816667,-0.80621386,10.266666,1.6,3.95,4.35,30050548.0,0.54879403,2.5614595,6.9,0.0,2017.0,3.0,6.8,11,8,27
-11.893333,5.8575535,-14.984891,-55.582558,-39.459995,-12.175399,-8.32372,-162.82729,-24.128252,413.435,22.61437,-1.2680657,-8.479029,22.61437,-13.943334,-0.16702811,10.35,2.133797,4.04,4.35,20778134.0,0.47480282,3.1886177,6.9,0.0,2016.0,1.0,-6.3333335,6.0666666,-33.66983,-62.816956,-12.576254,-6.6001782,-5.9125705,-128.70059,-62.54208,667.5102,38.787193,-0.32926178,-11.2579775,38.787193,-6.923333,-3.741084,10.233334,2.0821223,4.05,4.35,15479207.0,0.34497735,2.466071,6.8,0.0,2016.0,2.0,-6.8966665,6.133333,-6.9772053,85.294586,7.854134,-0.70247036,-1.6610323,-1123.0828,-55.58011,189.0787,29.03214,5.1326075,-2.7087047,29.033115,-4.1566668,-7.0279098,10.5,1.6750374,4.04,4.35,17891152.0,0.37852502,3.5674229,6.8,0.0,2016.0,3.0,-5.2733335,6.1,-6.7747126,-253.44827,-82.36862,-6.1277204,4.2916455,-116.02708,-31.032272,42.848602,16.835852,5.715119,1.5393066,16.835852,2.4866667,-6.444763,10.566667,2.1415834,4.02,4.35,25858446.0,0.50249416,3.2024336,6.9,0.0,2016.0,4.0,6.5466666,6.953277,20.878859,-447.3573,-54.03859,12.433651,18.63032,-13.171066,-57.14255,-29.998814,5.1000013,5.4195786,5.548853,5.100001,25.296667,-5.0724545,10.2,1.4163517,3.97,4.35,32122132.0,0.58719695,3.0725896,7.0,0.0,2017.0,1.0,8.176666,6.866667,16.200603,-66.88404,-8.962866,11.438683,13.619832,141.46822,8.834617,-53.186863,-2.0805974,5.8518877,9.317972,-2.0805998,14.106667,-4.141071,10.8,1.4,3.95,4.35,24424964.0,0.44633135,2.445849,7.0,0.0,2017.0,2.0,6.3766665,6.3333335,22.584414,438.45633,-40.077183,7.042597,12.831991,108.293434,168.03955,-74.6459,-6.1717114,5.134003,10.053652,-6.172421,14.816667,-0.80621386,10.266666,1.6,3.95,4.35,30050548.0,0.54879403,2.5614595,6.9,0.0,2017.0,3.0,9.5,6.1666665,21.221039,68.72488,381.051,16.718384,8.300786,190.26372,-54.495487,-67.73634,4.047602,9.312812,11.587727,4.0476036,13.366667,-0.10117535,9.866667,1.8,3.9,4.35,36312508.0,0.66284585,2.9229994,6.8,0.0,2017.0,4.0,6.9,12,8,27
-6.3333335,6.0666666,-33.66983,-62.816956,-12.576254,-6.6001782,-5.9125705,-128.70059,-62.54208,667.5102,38.787193,-0.32926178,-11.2579775,38.787193,-6.923333,-3.741084,10.233334,2.0821223,4.05,4.35,15479207.0,0.34497735,2.466071,6.8,0.0,2016.0,2.0,-6.8966665,6.133333,-6.9772053,85.294586,7.854134,-0.70247036,-1.6610323,-1123.0828,-55.58011,189.0787,29.03214,5.1326075,-2.7087047,29.033115,-4.1566668,-7.0279098,10.5,1.6750374,4.04,4.35,17891152.0,0.37852502,3.5674229,6.8,0.0,2016.0,3.0,-5.2733335,6.1,-6.7747126,-253.44827,-82.36862,-6.1277204,4.2916455,-116.02708,-31.032272,42.848602,16.835852,5.715119,1.5393066,16.835852,2.4866667,-6.444763,10.566667,2.1415834,4.02,4.35,25858446.0,0.50249416,3.2024336,6.9,0.0,2016.0,4.0,6.5466666,6.953277,20.878859,-447.3573,-54.03859,12.433651,18.63032,-13.171066,-57.14255,-29.998814,5.1000013,5.4195786,5.548853,5.100001,25.296667,-5.0724545,10.2,1.4163517,3.97,4.35,32122132.0,0.58719695,3.0725896,7.0,0.0,2017.0,1.0,8.176666,6.866667,16.200603,-66.88404,-8.962866,11.438683,13.619832,141.46822,8.834617,-53.186863,-2.0805974,5.8518877,9.317972,-2.0805998,14.106667,-4.141071,10.8,1.4,3.95,4.35,24424964.0,0.44633135,2.445849,7.0,0.0,2017.0,2.0,6.3766665,6.3333335,22.584414,438.45633,-40.077183,7.042597,12.831991,108.293434,168.03955,-74.6459,-6.1717114,5.134003,10.053652,-6.172421,14.816667,-0.80621386,10.266666,1.6,3.95,4.35,30050548.0,0.54879403,2.5614595,6.9,0.0,2017.0,3.0,9.5,6.1666665,21.221039,68.72488,381.051,16.718384,8.300786,190.26372,-54.495487,-67.73634,4.047602,9.312812,11.587727,4.0476036,13.366667,-0.10117535,9.866667,1.8,3.9,4.35,36312508.0,0.66284585,2.9229994,6.8,0.0,2017.0,4.0,17.056667,6.438206,22.374447,-304.81708,-290.149,9.294873,20.109985,-5.094146,-39.727432,-11.753897,-2.7066395,10.306182,15.547687,-2.7066374,19.68,1.6097189,9.9,2.1666667,3.89,4.35,34402700.0,0.62856907,3.0501378,6.9,0.0,2018.0,1.0,6.9,13,8,27
-6.8966665,6.133333,-6.9772053,85.294586,7.854134,-0.70247036,-1.6610323,-1123.0828,-55.58011,189.0787,29.03214,5.1326075,-2.7087047,29.033115,-4.1566668,-7.0279098,10.5,1.6750374,4.04,4.35,17891152.0,0.37852502,3.5674229,6.8,0.0,2016.0,3.0,-5.2733335,6.1,-6.7747126,-253.44827,-82.36862,-6.1277204,4.2916455,-116.02708,-31.032272,42.848602,16.835852,5.715119,1.5393066,16.835852,2.4866667,-6.444763,10.566667,2.1415834,4.02,4.35,25858446.0,0.50249416,3.2024336,6.9,0.0,2016.0,4.0,6.5466666,6.953277,20.878859,-447.3573,-54.03859,12.433651,18.63032,-13.171066,-57.14255,-29.998814,5.1000013,5.4195786,5.548853,5.100001,25.296667,-5.0724545,10.2,1.4163517,3.97,4.35,32122132.0,0.58719695,3.0725896,7.0,0.0,2017.0,1.0,8.176666,6.866667,16.200603,-66.88404,-8.962866,11.438683,13.619832,141.46822,8.834617,-53.186863,-2.0805974,5.8518877,9.317972,-2.0805998,14.106667,-4.141071,10.8,1.4,3.95,4.35,24424964.0,0.44633135,2.445849,7.0,0.0,2017.0,2.0,6.3766665,6.3333335,22.584414,438.45633,-40.077183,7.042597,12.831991,108.293434,168.03955,-74.6459,-6.1717114,5.134003,10.053652,-6.172421,14.816667,-0.80621386,10.266666,1.6,3.95,4.35,30050548.0,0.54879403,2.5614595,6.9,0.0,2017.0,3.0,9.5,6.1666665,21.221039,68.72488,381.051,16.718384,8.300786,190.26372,-54.495487,-67.73634,4.047602,9.312812,11.587727,4.0476036,13.366667,-0.10117535,9.866667,1.8,3.9,4.35,36312508.0,0.66284585,2.9229994,6.8,0.0,2017.0,4.0,17.056667,6.438206,22.374447,-304.81708,-290.149,9.294873,20.109985,-5.094146,-39.727432,-11.753897,-2.7066395,10.306182,15.547687,-2.7066374,19.68,1.6097189,9.9,2.1666667,3.89,4.35,34402700.0,0.62856907,3.0501378,6.9,0.0,2018.0,1.0,11.503333,6.6,9.957227,-705.26825,-104.91088,9.063971,18.827251,-497.97025,-36.559372,132.09995,5.222862,7.854274,8.884174,5.2228646,20.736666,4.9894314,8.966666,1.8333334,3.83,4.35,24638186.0,0.24218269,1.834451,6.9,0.0,2018.0,2.0,6.7,14,8,27
-5.2733335,6.1,-6.7747126,-253.44827,-82.36862,-6.1277204,4.2916455,-116.02708,-31.032272,42.848602,16.835852,5.715119,1.5393066,16.835852,2.4866667,-6.444763,10.566667,2.1415834,4.02,4.35,25858446.0,0.50249416,3.2024336,6.9,0.0,2016.0,4.0,6.5466666,6.953277,20.878859,-447.3573,-54.03859,12.433651,18.63032,-13.171066,-57.14255,-29.998814,5.1000013,5.4195786,5.548853,5.100001,25.296667,-5.0724545,10.2,1.4163517,3.97,4.35,32122132.0,0.58719695,3.0725896,7.0,0.0,2017.0,1.0,8.176666,6.866667,16.200603,-66.88404,-8.962866,11.438683,13.619832,141.46822,8.834617,-53.186863,-2.0805974,5.8518877,9.317972,-2.0805998,14.106667,-4.141071,10.8,1.4,3.95,4.35,24424964.0,0.44633135,2.445849,7.0,0.0,2017.0,2.0,6.3766665,6.3333335,22.584414,438.45633,-40.077183,7.042597,12.831991,108.293434,168.03955,-74.6459,-6.1717114,5.134003,10.053652,-6.172421,14.816667,-0.80621386,10.266666,1.6,3.95,4.35,30050548.0,0.54879403,2.5614595,6.9,0.0,2017.0,3.0,9.5,6.1666665,21.221039,68.72488,381.051,16.718384,8.300786,190.26372,-54.495487,-67.73634,4.047602,9.312812,11.587727,4.0476036,13.366667,-0.10117535,9.866667,1.8,3.9,4.35,36312508.0,0.66284585,2.9229994,6.8,0.0,2017.0,4.0,17.056667,6.438206,22.374447,-304.81708,-290.149,9.294873,20.109985,-5.094146,-39.727432,-11.753897,-2.7066395,10.306182,15.547687,-2.7066374,19.68,1.6097189,9.9,2.1666667,3.89,4.35,34402700.0,0.62856907,3.0501378,6.9,0.0,2018.0,1.0,11.503333,6.6,9.957227,-705.26825,-104.91088,9.063971,18.827251,-497.97025,-36.559372,132.09995,5.222862,7.854274,8.884174,5.2228646,20.736666,4.9894314,8.966666,1.8333334,3.83,4.35,24638186.0,0.24218269,1.834451,6.9,0.0,2018.0,2.0,11.673333,5.9666667,-10.03682,-276.25192,-59.27171,10.80019,15.3724785,-1165.013,-48.63722,272.06897,11.622885,6.609442,4.749622,11.622887,20.663334,0.18812233,9.0,2.3,3.82,4.35,26841518.0,0.49064663,2.8869064,6.7,0.0,2018.0,3.0,6.5,15,8,27
6.5466666,6.953277,20.878859,-447.3573,-54.03859,12.433651,18.63032,-13.171066,-57.14255,-29.998814,5.1000013,5.4195786,5.548853,5.100001,25.296667,-5.0724545,10.2,1.4163517,3.97,4.35,32122132.0,0.58719695,3.0725896,7.0,0.0,2017.0,1.0,8.176666,6.866667,16.200603,-66.88404,-8.962866,11.438683,13.619832,141.46822,8.834617,-53.186863,-2.0805974,5.8518877,9.317972,-2.0805998,14.106667,-4.141071,10.8,1.4,3.95,4.35,24424964.0,0.44633135,2.445849,7.0,0.0,2017.0,2.0,6.3766665,6.3333335,22.584414,438.45633,-40.077183,7.042597,12.831991,108.293434,168.03955,-74.6459,-6.1717114,5.134003,10.053652,-6.172421,14.816667,-0.80621386,10.266666,1.6,3.95,4.35,30050548.0,0.54879403,2.5614595,6.9,0.0,2017.0,3.0,9.5,6.1666665,21.221039,68.72488,381.051,16.718384,8.300786,190.26372,-54.495487,-67.73634,4.047602,9.312812,11.587727,4.0476036,13.366667,-0.10117535,9.866667,1.8,3.9,4.35,36312508.0,0.66284585,2.9229994,6.8,0.0,2017.0,4.0,17.056667,6.438206,22.374447,-304.81708,-290.149,9.294873,20.109985,-5.094146,-39.727432,-11.753897,-2.7066395,10.306182,15.547687,-2.7066374,19.68,1.6097189,9.9,2.1666667,3.89,4.35,34402700.0,0.62856907,3.0501378,6.9,0.0,2018.0,1.0,11.503333,6.6,9.957227,-705.26825,-104.91088,9.063971,18.827251,-497.97025,-36.559372,132.09995,5.222862,7.854274,8.884174,5.2228646,20.736666,4.9894314,8.966666,1.8333334,3.83,4.35,24638186.0,0.24218269,1.834451,6.9,0.0,2018.0,2.0,11.673333,5.9666667,-10.03682,-276.25192,-59.27171,10.80019,15.3724785,-1165.013,-48.63722,272.06897,11.622885,6.609442,4.749622,11.622887,20.663334,0.18812233,9.0,2.3,3.82,4.35,26841518.0,0.49064663,2.8869064,6.7,0.0,2018.0,3.0,4.5333333,5.6666665,-21.043972,23.692078,-30.837957,0.8490737,4.1009283,-3272.4368,485.6112,1510.9797,2.0468485,3.3541038,3.8807585,2.0468476,5.1833334,-1.359175,8.286938,2.2,3.8,4.35,35761540.0,0.6536529,3.3376353,6.5,0.0,2018.0,4.0,6.3,16,8,27
8.176666,6.866667,16.200603,-66.88404,-8.962866,11.438683,13.619832,141.46822,8.834617,-53.186863,-2.0805974,5.8518877,9.317972,-2.0805998,14.106667,-4.141071,10.8,1.4,3.95,4.35,24424964.0,0.44633135,2.445849,7.0,0.0,2017.0,2.0,6.3766665,6.3333335,22.584414,438.45633,-40.077183,7.042597,12.831991,108.293434,168.03955,-74.6459,-6.1717114,5.134003,10.053652,-6.172421,14.816667,-0.80621386,10.266666,1.6,3.95,4.35,30050548.0,0.54879403,2.5614595,6.9,0.0,2017.0,3.0,9.5,6.1666665,21.221039,68.72488,381.051,16.718384,8.300786,190.26372,-54.495487,-67.73634,4.047602,9.312812,11.587727,4.0476036,13.366667,-0.10117535,9.866667,1.8,3.9,4.35,36312508.0,0.66284585,2.9229994,6.8,0.0,2017.0,4.0,17.056667,6.438206,22.374447,-304.81708,-290.149,9.294873,20.109985,-5.094146,-39.727432,-11.753897,-2.7066395,10.306182,15.547687,-2.7066374,19.68,1.6097189,9.9,2.1666667,3.89,4.35,34402700.0,0.62856907,3.0501378,6.9,0.0,2018.0,1.0,11.503333,6.6,9.957227,-705.26825,-104.91088,9.063971,18.827251,-497.97025,-36.559372,132.09995,5.222862,7.854274,8.884174,5.2228646,20.736666,4.9894314,8.966666,1.8333334,3.83,4.35,24638186.0,0.24218269,1.834451,6.9,0.0,2018.0,2.0,11.673333,5.9666667,-10.03682,-276.25192,-59.27171,10.80019,15.3724785,-1165.013,-48.63722,272.06897,11.622885,6.609442,4.749622,11.622887,20.663334,0.18812233,9.0,2.3,3.82,4.35,26841518.0,0.49064663,2.8869064,6.7,0.0,2018.0,3.0,4.5333333,5.6666665,-21.043972,23.692078,-30.837957,0.8490737,4.1009283,-3272.4368,485.6112,1510.9797,2.0468485,3.3541038,3.8807585,2.0468476,5.1833334,-1.359175,8.286938,2.2,3.8,4.35,35761540.0,0.6536529,3.3376353,6.5,0.0,2018.0,4.0,0.87666667,6.21949,-12.453424,72.2453,156.06259,1.588585,-7.4256268,80.26605,101.14651,-33.690952,4.00757,3.1602588,2.8729093,4.007493,-4.0933332,-0.9053741,8.45,1.8333334,3.67,4.35,33987060.0,0.6236327,3.204869,6.3,0.0,2019.0,1.0,6.0,17,8,27
6.3766665,6.3333335,22.584414,438.45633,-40.077183,7.042597,12.831991,108.293434,168.03955,-74.6459,-6.1717114,5.134003,10.053652,-6.172421,14.816667,-0.80621386,10.266666,1.6,3.95,4.35,30050548.0,0.54879403,2.5614595,6.9,0.0,2017.0,3.0,9.5,6.1666665,21.221039,68.72488,381.051,16.718384,8.300786,190.26372,-54.495487,-67.73634,4.047602,9.312812,11.587727,4.0476036,13.366667,-0.10117535,9.866667,1.8,3.9,4.35,36312508.0,0.66284585,2.9229994,6.8,0.0,2017.0,4.0,17.056667,6.438206,22.374447,-304.81708,-290.149,9.294873,20.109985,-5.094146,-39.727432,-11.753897,-2.7066395,10.306182,15.547687,-2.7066374,19.68,1.6097189,9.9,2.1666667,3.89,4.35,34402700.0,0.62856907,3.0501378,6.9,0.0,2018.0,1.0,11.503333,6.6,9.957227,-705.26825,-104.91088,9.063971,18.827251,-497.97025,-36.559372,132.09995,5.222862,7.854274,8.884174,5.2228646,20.736666,4.9894314,8.966666,1.8333334,3.83,4.35,24638186.0,0.24218269,1.834451,6.9,0.0,2018.0,2.0,11.673333,5.9666667,-10.03682,-276.25192,-59.27171,10.80019,15.3724785,-1165.013,-48.63722,272.06897,11.622885,6.609442,4.749622,11.622887,20.663334,0.18812233,9.0,2.3,3.82,4.35,26841518.0,0.49064663,2.8869064,6.7,0.0,2018.0,3.0,4.5333333,5.6666665,-21.043972,23.692078,-30.837957,0.8490737,4.1009283,-3272.4368,485.6112,1510.9797,2.0468485,3.3541038,3.8807585,2.0468476,5.1833334,-1.359175,8.286938,2.2,3.8,4.35,35761540.0,0.6536529,3.3376353,6.5,0.0,2018.0,4.0,0.87666667,6.21949,-12.453424,72.2453,156.06259,1.588585,-7.4256268,80.26605,101.14651,-33.690952,4.00757,3.1602588,2.8729093,4.007493,-4.0933332,-0.9053741,8.45,1.8333334,3.67,4.35,33987060.0,0.6236327,3.204869,6.3,0.0,2019.0,1.0,-1.01,5.5666666,0.5951073,109.257324,849.87354,-2.0087512,-5.0103784,-15.591951,-0.7319418,9.499146,0.32203105,4.212162,5.6835127,0.32203355,-3.49,-2.8480499,8.533334,2.6333334,3.61,4.35,26693248.0,0.48873827,2.9302206,6.0,0.0,2019.0,2.0,5.9,18,8,27
9.5,6.1666665,21.221039,68.72488,381.051,16.718384,8.300786,190.26372,-54.495487,-67.73634,4.047602,9.312812,11.587727,4.0476036,13.366667,-0.10117535,9.866667,1.8,3.9,4.35,36312508.0,0.66284585,2.9229994,6.8,0.0,2017.0,4.0,17.056667,6.438206,22.374447,-304.81708,-290.149,9.294873,20.109985,-5.094146,-39.727432,-11.753897,-2.7066395,10.306182,15.547687,-2.7066374,19.68,1.6097189,9.9,2.1666667,3.89,4.35,34402700.0,0.62856907,3.0501378,6.9,0.0,2018.0,1.0,11.503333,6.6,9.957227,-705.26825,-104.91088,9.063971,18.827251,-497.97025,-36.559372,132.09995,5.222862,7.854274,8.884174,5.2228646,20.736666,4.9894314,8.966666,1.8333334,3.83,4.35,24638186.0,0.24218269,1.834451,6.9,0.0,2018.0,2.0,11.673333,5.9666667,-10.03682,-276.25192,-59.27171,10.80019,15.3724785,-1165.013,-48.63722,272.06897,11.622885,6.609442,4.749622,11.622887,20.663334,0.18812233,9.0,2.3,3.82,4.35,26841518.0,0.49064663,2.8869064,6.7,0.0,2018.0,3.0,4.5333333,5.6666665,-21.043972,23.692078,-30.837957,0.8490737,4.1009283,-3272.4368,485.6112,1510.9797,2.0468485,3.3541038,3.8807585,2.0468476,5.1833334,-1.359175,8.286938,2.2,3.8,4.35,35761540.0,0.6536529,3.3376353,6.5,0.0,2018.0,4.0,0.87666667,6.21949,-12.453424,72.2453,156.06259,1.588585,-7.4256268,80.26605,101.14651,-33.690952,4.00757,3.1602588,2.8729093,4.007493,-4.0933332,-0.9053741,8.45,1.8333334,3.67,4.35,33987060.0,0.6236327,3.204869,6.3,0.0,2019.0,1.0,-1.01,5.5666666,0.5951073,109.257324,849.87354,-2.0087512,-5.0103784,-15.591951,-0.7319418,9.499146,0.32203105,4.212162,5.6835127,0.32203355,-3.49,-2.8480499,8.533334,2.6333334,3.61,4.35,26693248.0,0.48873827,2.9302206,6.0,0.0,2019.0,2.0,-0.23666666,5.0,6.2625866,138.12762,74.31169,-2.3572345,-4.1232853,-40.1656,-0.36604372,32.962982,2.312345,3.5956779,4.1029906,2.312343,-6.2,-1.382409,7.633333,2.8666666,3.61,4.266667,29733088.0,0.54414564,3.432943,5.9,0.0,2019.0,3.0,5.8,19,8,27
-17.21237,2.2366667,-38.896698,-444.89362,77.43552,-15.845077,-20.297422,-25346.045,41.753815,12484.685,68.865395,-13.318732,-25.146164,68.88228,-19.953333,-26.705828,2.9,9.6,5.091497,11.5,132276280.0,0.82046,12.014907,0.9276832,9.0,2014.0,4.0,-15.054681,0.80333334,-35.159943,19.144642,16.219442,-26.712114,-35.22061,99.719444,-34.511665,-69.50408,26.503298,-16.243423,-24.010012,26.503635,-38.546665,-37.144333,-6.9,16.2,5.31109,15.333333,102499450.0,0.6251503,11.257771,-1.5260212,9.0,2015.0,1.0,-30.848457,-0.12,-23.511534,0.18417524,37.882465,-30.666754,-35.911156,-123.51692,-31.756224,37.04517,60.705467,-17.366179,-28.132257,60.70646,-40.88,-24.43172,-9.6,15.833333,5.556642,12.666667,349990.97,0.0021550625,0.31156847,-3.088915,9.0,2015.0,2.0,-36.755398,0.93,-28.14663,13268.287,23.438494,-34.7358,-37.015778,99.90706,-30.814621,-99.07202,41.62607,-14.214375,-25.464128,41.6262,-37.883335,-35.015034,-9.866667,15.7,5.550289,11.166667,2557830.8,0.015885862,1.7080245,-1.6999714,9.0,2015.0,3.0,-29.019396,3.3733332,-8.667543,194.01901,1.4520257,-26.730026,-29.724623,99.55478,-42.428547,-99.22775,8.274938,-7.8439436,-13.076566,8.2749815,-31.346666,-20.627254,-12.533334,14.5,5.736389,11.0,106497896.0,0.6555861,10.694735,-1.5971363,9.0,2015.0,4.0,-9.5906315,0.47333333,-5.8412557,-64.37964,-57.946877,-27.924038,-17.24899,-3972.0,-18.336971,1.3625592,15.583266,-0.36540356,-5.1892796,15.583299,-15.243333,-12.2614765,-4.9666667,8.4,5.685252,11.0,88484320.0,0.5463112,13.093369,-0.20645504,9.0,2016.0,1.0,-25.184063,1.1133333,-4.899193,-87.7532,-89.093216,-20.523401,-9.237064,-736.055,76.49389,553.14716,5.095014,-1.7389587,-3.8462915,5.095043,-4.53,-18.996933,-4.866667,7.366667,5.662198,10.833333,687116.0,0.004299983,0.4777119,0.3213251,9.0,2016.0,2.0,-9.348874,2.2766666,16.200222,-89.92237,-98.27508,-7.239023,-0.24654162,773.247,135.72614,45.789307,-10.8998995,1.9610206,6.884172,-10.899892,5.556667,-1.1615766,-3.8666666,6.8333335,5.573368,10.333333,4650480.0,0.028888796,2.63893,0.058542266,9.0,2016.0,3.0,0.53795344,20,8,27
-15.054681,0.80333334,-35.159943,19.144642,16.219442,-26.712114,-35.22061,99.719444,-34.511665,-69.50408,26.503298,-16.243423,-24.010012,26.503635,-38.546665,-37.144333,-6.9,16.2,5.31109,15.333333,102499450.0,0.6251503,11.257771,-1.5260212,9.0,2015.0,1.0,-30.848457,-0.12,-23.511534,0.18417524,37.882465,-30.666754,-35.911156,-123.51692,-31.756224,37.04517,60.705467,-17.366179,-28.132257,60.70646,-40.88,-24.43172,-9.6,15.833333,5.556642,12.666667,349990.97,0.0021550625,0.31156847,-3.088915,9.0,2015.0,2.0,-36.755398,0.93,-28.14663,13268.287,23.438494,-34.7358,-37.015778,99.90706,-30.814621,-99.07202,41.62607,-14.214375,-25.464128,41.6262,-37.883335,-35.015034,-9.866667,15.7,5.550289,11.166667,2557830.8,0.015885862,1.7080245,-1.6999714,9.0,2015.0,3.0,-29.019396,3.3733332,-8.667543,194.01901,1.4520257,-26.730026,-29.724623,99.55478,-42.428547,-99.22775,8.274938,-7.8439436,-13.076566,8.2749815,-31.346666,-20.627254,-12.533334,14.5,5.736389,11.0,106497896.0,0.6555861,10.694735,-1.5971363,9.0,2015.0,4.0,-9.5906315,0.47333333,-5.8412557,-64.37964,-57.946877,-27.924038,-17.24899,-3972.0,-18.336971,1.3625592,15.583266,-0.36540356,-5.1892796,15.583299,-15.243333,-12.2614765,-4.9666667,8.4,5.685252,11.0,88484320.0,0.5463112,13.093369,-0.20645504,9.0,2016.0,1.0,-25.184063,1.1133333,-4.899193,-87.7532,-89.093216,-20.523401,-9.237064,-736.055,76.49389,553.14716,5.095014,-1.7389587,-3.8462915,5.095043,-4.53,-18.996933,-4.866667,7.366667,5.662198,10.833333,687116.0,0.004299983,0.4777119,0.3213251,9.0,2016.0,2.0,-9.348874,2.2766666,16.200222,-89.92237,-98.27508,-7.239023,-0.24654162,773.247,135.72614,45.789307,-10.8998995,1.9610206,6.884172,-10.899892,5.556667,-1.1615766,-3.8666666,6.8333335,5.573368,10.333333,4650480.0,0.028888796,2.63893,0.058542266,9.0,2016.0,3.0,1.9959068,4.7533336,33.66873,-63.244186,-29.348705,3.9283433,9.033019,463.03888,659.3925,15.989468,-35.233997,5.3596187,21.774347,-35.234123,8.793333,8.033374,-4.5666666,5.766667,5.398535,10.0,126646424.0,0.77215314,14.793201,0.53795344,9.0,2016.0,4.0,1.3100138,21,8,27
-30.848457,-0.12,-23.511534,0.18417524,37.882465,-30.666754,-35.911156,-123.51692,-31.756224,37.04517,60.705467,-17.366179,-28.132257,60.70646,-40.88,-24.43172,-9.6,15.833333,5.556642,12.666667,349990.97,0.0021550625,0.31156847,-3.088915,9.0,2015.0,2.0,-36.755398,0.93,-28.14663,13268.287,23.438494,-34.7358,-37.015778,99.90706,-30.814621,-99.07202,41.62607,-14.214375,-25.464128,41.6262,-37.883335,-35.015034,-9.866667,15.7,5.550289,11.166667,2557830.8,0.015885862,1.7080245,-1.6999714,9.0,2015.0,3.0,-29.019396,3.3733332,-8.667543,194.01901,1.4520257,-26.730026,-29.724623,99.55478,-42.428547,-99.22775,8.274938,-7.8439436,-13.076566,8.2749815,-31.346666,-20.627254,-12.533334,14.5,5.736389,11.0,106497896.0,0.6555861,10.694735,-1.5971363,9.0,2015.0,4.0,-9.5906315,0.47333333,-5.8412557,-64.37964,-57.946877,-27.924038,-17.24899,-3972.0,-18.336971,1.3625592,15.583266,-0.36540356,-5.1892796,15.583299,-15.243333,-12.2614765,-4.9666667,8.4,5.685252,11.0,88484320.0,0.5463112,13.093369,-0.20645504,9.0,2016.0,1.0,-25.184063,1.1133333,-4.899193,-87.7532,-89.093216,-20.523401,-9.237064,-736.055,76.49389,553.14716,5.095014,-1.7389587,-3.8462915,5.095043,-4.53,-18.996933,-4.866667,7.366667,5.662198,10.833333,687116.0,0.004299983,0.4777119,0.3213251,9.0,2016.0,2.0,-9.348874,2.2766666,16.200222,-89.92237,-98.27508,-7.239023,-0.24654162,773.247,135.72614,45.789307,-10.8998995,1.9610206,6.884172,-10.899892,5.556667,-1.1615766,-3.8666666,6.8333335,5.573368,10.333333,4650480.0,0.028888796,2.63893,0.058542266,9.0,2016.0,3.0,1.9959068,4.7533336,33.66873,-63.244186,-29.348705,3.9283433,9.033019,463.03888,659.3925,15.989468,-35.233997,5.3596187,21.774347,-35.234123,8.793333,8.033374,-4.5666666,5.766667,5.398535,10.0,126646424.0,0.77215314,14.793201,0.53795344,9.0,2016.0,4.0,27.924805,2.92,51.557606,132.0349,68.521965,30.973444,24.188662,312.52457,72.07777,-4.1983247,-26.908104,5.797514,17.857138,-26.908327,27.483334,31.458693,-1.6,4.633333,5.555303,9.916667,139884530.0,0.85229385,16.824036,1.3100138,9.0,2017.0,1.0,2.3412426,22,8,27
-36.755398,0.93,-28.14663,13268.287,23.438494,-34.7358,-37.015778,99.90706,-30.814621,-99.07202,41.62607,-14.214375,-25.464128,41.6262,-37.883335,-35.015034,-9.866667,15.7,5.550289,11.166667,2557830.8,0.015885862,1.7080245,-1.6999714,9.0,2015.0,3.0,-29.019396,3.3733332,-8.667543,194.01901,1.4520257,-26.730026,-29.724623,99.55478,-42.428547,-99.22775,8.274938,-7.8439436,-13.076566,8.2749815,-31.346666,-20.627254,-12.533334,14.5,5.736389,11.0,106497896.0,0.6555861,10.694735,-1.5971363,9.0,2015.0,4.0,-9.5906315,0.47333333,-5.8412557,-64.37964,-57.946877,-27.924038,-17.24899,-3972.0,-18.336971,1.3625592,15.583266,-0.36540356,-5.1892796,15.583299,-15.243333,-12.2614765,-4.9666667,8.4,5.685252,11.0,88484320.0,0.5463112,13.093369,-0.20645504,9.0,2016.0,1.0,-25.184063,1.1133333,-4.899193,-87.7532,-89.093216,-20.523401,-9.237064,-736.055,76.49389,553.14716,5.095014,-1.7389587,-3.8462915,5.095043,-4.53,-18.996933,-4.866667,7.366667,5.662198,10.833333,687116.0,0.004299983,0.4777119,0.3213251,9.0,2016.0,2.0,-9.348874,2.2766666,16.200222,-89.92237,-98.27508,-7.239023,-0.24654162,773.247,135.72614,45.789307,-10.8998995,1.9610206,6.884172,-10.899892,5.556667,-1.1615766,-3.8666666,6.8333335,5.573368,10.333333,4650480.0,0.028888796,2.63893,0.058542266,9.0,2016.0,3.0,1.9959068,4.7533336,33.66873,-63.244186,-29.348705,3.9283433,9.033019,463.03888,659.3925,15.989468,-35.233997,5.3596187,21.774347,-35.234123,8.793333,8.033374,-4.5666666,5.766667,5.398535,10.0,126646424.0,0.77215314,14.793201,0.53795344,9.0,2016.0,4.0,27.924805,2.92,51.557606,132.0349,68.521965,30.973444,24.188662,312.52457,72.07777,-4.1983247,-26.908104,5.797514,17.857138,-26.908327,27.483334,31.458693,-1.6,4.633333,5.555303,9.916667,139884530.0,0.85229385,16.824036,1.3100138,9.0,2017.0,1.0,23.814999,4.5033336,17.30504,163.23512,-13.231785,21.78914,22.481825,86.48362,-43.331463,-83.24993,-6.366475,6.0844836,10.281032,-6.366909,29.043333,18.749979,0.93333334,4.2,5.21812,9.333333,1505504.9,0.009175921,1.0488509,2.3412426,9.0,2017.0,2.0,2.6379209,23,8,27
-29.019396,3.3733332,-8.667543,194.01901,1.4520257,-26.730026,-29.724623,99.55478,-42.428547,-99.22775,8.274938,-7.8439436,-13.076566,8.2749815,-31.346666,-20.627254,-12.533334,14.5,5.736389,11.0,106497896.0,0.6555861,10.694735,-1.5971363,9.0,2015.0,4.0,-9.5906315,0.47333333,-5.8412557,-64.37964,-57.946877,-27.924038,-17.24899,-3972.0,-18.336971,1.3625592,15.583266,-0.36540356,-5.1892796,15.583299,-15.243333,-12.2614765,-4.9666667,8.4,5.685252,11.0,88484320.0,0.5463112,13.093369,-0.20645504,9.0,2016.0,1.0,-25.184063,1.1133333,-4.899193,-87.7532,-89.093216,-20.523401,-9.237064,-736.055,76.49389,553.14716,5.095014,-1.7389587,-3.8462915,5.095043,-4.53,-18.996933,-4.866667,7.366667,5.662198,10.833333,687116.0,0.004299983,0.4777119,0.3213251,9.0,2016.0,2.0,-9.348874,2.2766666,16.200222,-89.92237,-98.27508,-7.239023,-0.24654162,773.247,135.72614,45.789307,-10.8998995,1.9610206,6.884172,-10.899892,5.556667,-1.1615766,-3.8666666,6.8333335,5.573368,10.333333,4650480.0,0.028888796,2.63893,0.058542266,9.0,2016.0,3.0,1.9959068,4.7533336,33.66873,-63.244186,-29.348705,3.9283433,9.033019,463.03888,659.3925,15.989468,-35.233997,5.3596187,21.774347,-35.234123,8.793333,8.033374,-4.5666666,5.766667,5.398535,10.0,126646424.0,0.77215314,14.793201,0.53795344,9.0,2016.0,4.0,27.924805,2.92,51.557606,132.0349,68.521965,30.973444,24.188662,312.52457,72.07777,-4.1983247,-26.908104,5.797514,17.857138,-26.908327,27.483334,31.458693,-1.6,4.633333,5.555303,9.916667,139884530.0,0.85229385,16.824036,1.3100138,9.0,2017.0,1.0,23.814999,4.5033336,17.30504,163.23512,-13.231785,21.78914,22.481825,86.48362,-43.331463,-83.24993,-6.366475,6.0844836,10.281032,-6.366909,29.043333,18.749979,0.93333334,4.2,5.21812,9.333333,1505504.9,0.009175921,1.0488509,2.3412426,9.0,2017.0,2.0,19.49327,2.53,14.278843,-456.64337,-2707.5625,18.115767,21.735985,-193.06201,-55.718594,7.035654,-7.533798,7.8252335,12.726537,-7.5342045,21.746666,7.667742,2.0333333,3.4,5.010365,8.833333,7634360.5,0.04652548,2.2953932,2.6379209,9.0,2017.0,3.0,1.0403416,24,8,27
-9.5906315,0.47333333,-5.8412557,-64.37964,-57.946877,-27.924038,-17.24899,-3972.0,-18.336971,1.3625592,15.583266,-0.36540356,-5.1892796,15.583299,-15.243333,-12.2614765,-4.9666667,8.4,5.685252,11.0,88484320.0,0.5463112,13.093369,-0.20645504,9.0,2016.0,1.0,-25.184063,1.1133333,-4.899193,-87.7532,-89.093216,-20.523401,-9.237064,-736.055,76.49389,553.14716,5.095014,-1.7389587,-3.8462915,5.095043,-4.53,-18.996933,-4.866667,7.366667,5.662198,10.833333,687116.0,0.004299983,0.4777119,0.3213251,9.0,2016.0,2.0,-9.348874,2.2766666,16.200222,-89.92237,-98.27508,-7.239023,-0.24654162,773.247,135.72614,45.789307,-10.8998995,1.9610206,6.884172,-10.899892,5.556667,-1.1615766,-3.8666666,6.8333335,5.573368,10.333333,4650480.0,0.028888796,2.63893,0.058542266,9.0,2016.0,3.0,1.9959068,4.7533336,33.66873,-63.244186,-29.348705,3.9283433,9.033019,463.03888,659.3925,15.989468,-35.233997,5.3596187,21.774347,-35.234123,8.793333,8.033374,-4.5666666,5.766667,5.398535,10.0,126646424.0,0.77215314,14.793201,0.53795344,9.0,2016.0,4.0,27.924805,2.92,51.557606,132.0349,68.521965,30.973444,24.188662,312.52457,72.07777,-4.1983247,-26.908104,5.797514,17.857138,-26.908327,27.483334,31.458693,-1.6,4.633333,5.555303,9.916667,139884530.0,0.85229385,16.824036,1.3100138,9.0,2017.0,1.0,23.814999,4.5033336,17.30504,163.23512,-13.231785,21.78914,22.481825,86.48362,-43.331463,-83.24993,-6.366475,6.0844836,10.281032,-6.366909,29.043333,18.749979,0.93333334,4.2,5.21812,9.333333,1505504.9,0.009175921,1.0488509,2.3412426,9.0,2017.0,2.0,19.49327,2.53,14.278843,-456.64337,-2707.5625,18.115767,21.735985,-193.06201,-55.718594,7.035654,-7.533798,7.8252335,12.726537,-7.5342045,21.746666,7.667742,2.0333333,3.4,5.010365,8.833333,7634360.5,0.04652548,2.2953932,2.6379209,9.0,2017.0,3.0,23.309711,-0.9866667,9.066896,101.646645,28.294758,20.911669,20.17779,-99.81506,-61.402214,7.516066,27.601255,8.514092,4.4092402,27.600868,22.336666,2.5522456,3.2666667,2.5666666,5.092336,8.083333,115738140.0,0.7051755,13.407494,1.0403416,9.0,2017.0,4.0,2.5630643,25,8,27
-25.184063,1.1133333,-4.899193,-87.7532,-89.093216,-20.523401,-9.237064,-736.055,76.49389,553.14716,5.095014,-1.7389587,-3.8462915,5.095043,-4.53,-18.996933,-4.866667,7.366667,5.662198,10.833333,687116.0,0.004299983,0.4777119,0.3213251,9.0,2016.0,2.0,-9.348874,2.2766666,16.200222,-89.92237,-98.27508,-7.239023,-0.24654162,773.247,135.72614,45.789307,-10.8998995,1.9610206,6.884172,-10.899892,5.556667,-1.1615766,-3.8666666,6.8333335,5.573368,10.333333,4650480.0,0.028888796,2.63893,0.058542266,9.0,2016.0,3.0,1.9959068,4.7533336,33.66873,-63.244186,-29.348705,3.9283433,9.033019,463.03888,659.3925,15.989468,-35.233997,5.3596187,21.774347,-35.234123,8.793333,8.033374,-4.5666666,5.766667,5.398535,10.0,126646424.0,0.77215314,14.793201,0.53795344,9.0,2016.0,4.0,27.924805,2.92,51.557606,132.0349,68.521965,30.973444,24.188662,312.52457,72.07777,-4.1983247,-26.908104,5.797514,17.857138,-26.908327,27.483334,31.458693,-1.6,4.633333,5.555303,9.916667,139884530.0,0.85229385,16.824036,1.3100138,9.0,2017.0,1.0,23.814999,4.5033336,17.30504,163.23512,-13.231785,21.78914,22.481825,86.48362,-43.331463,-83.24993,-6.366475,6.0844836,10.281032,-6.366909,29.043333,18.749979,0.93333334,4.2,5.21812,9.333333,1505504.9,0.009175921,1.0488509,2.3412426,9.0,2017.0,2.0,19.49327,2.53,14.278843,-456.64337,-2707.5625,18.115767,21.735985,-193.06201,-55.718594,7.035654,-7.533798,7.8252335,12.726537,-7.5342045,21.746666,7.667742,2.0333333,3.4,5.010365,8.833333,7634360.5,0.04652548,2.2953932,2.6379209,9.0,2017.0,3.0,23.309711,-0.9866667,9.066896,101.646645,28.294758,20.911669,20.17779,-99.81506,-61.402214,7.516066,27.601255,8.514092,4.4092402,27.600868,22.336666,2.5522456,3.2666667,2.5666666,5.092336,8.083333,115738140.0,0.7051755,13.407494,1.0403416,9.0,2017.0,4.0,4.9505486,10.663333,10.54784,44.854076,42.918827,22.684889,17.72356,-651.6062,-62.131054,197.21404,22.483166,8.578999,5.3994985,22.482954,20.136667,-6.27936,2.7,2.2666667,5.040833,7.5,93380840.0,0.5690081,18.02334,2.5630643,9.0,2018.0,1.0,2.728981,26,8,27
-9.348874,2.2766666,16.200222,-89.92237,-98.27508,-7.239023,-0.24654162,773.247,135.72614,45.789307,-10.8998995,1.9610206,6.884172,-10.899892,5.556667,-1.1615766,-3.8666666,6.8333335,5.573368,10.333333,4650480.0,0.028888796,2.63893,0.058542266,9.0,2016.0,3.0,1.9959068,4.7533336,33.66873,-63.244186,-29.348705,3.9283433,9.033019,463.03888,659.3925,15.989468,-35.233997,5.3596187,21.774347,-35.234123,8.793333,8.033374,-4.5666666,5.766667,5.398535,10.0,126646424.0,0.77215314,14.793201,0.53795344,9.0,2016.0,4.0,27.924805,2.92,51.557606,132.0349,68.521965,30.973444,24.188662,312.52457,72.07777,-4.1983247,-26.908104,5.797514,17.857138,-26.908327,27.483334,31.458693,-1.6,4.633333,5.555303,9.916667,139884530.0,0.85229385,16.824036,1.3100138,9.0,2017.0,1.0,23.814999,4.5033336,17.30504,163.23512,-13.231785,21.78914,22.481825,86.48362,-43.331463,-83.24993,-6.366475,6.0844836,10.281032,-6.366909,29.043333,18.749979,0.93333334,4.2,5.21812,9.333333,1505504.9,0.009175921,1.0488509,2.3412426,9.0,2017.0,2.0,19.49327,2.53,14.278843,-456.64337,-2707.5625,18.115767,21.735985,-193.06201,-55.718594,7.035654,-7.533798,7.8252335,12.726537,-7.5342045,21.746666,7.667742,2.0333333,3.4,5.010365,8.833333,7634360.5,0.04652548,2.2953932,2.6379209,9.0,2017.0,3.0,23.309711,-0.9866667,9.066896,101.646645,28.294758,20.911669,20.17779,-99.81506,-61.402214,7.516066,27.601255,8.514092,4.4092402,27.600868,22.336666,2.5522456,3.2666667,2.5666666,5.092336,8.083333,115738140.0,0.7051755,13.407494,1.0403416,9.0,2017.0,4.0,4.9505486,10.663333,10.54784,44.854076,42.918827,22.684889,17.72356,-651.6062,-62.131054,197.21404,22.483166,8.578999,5.3994985,22.482954,20.136667,-6.27936,2.7,2.2666667,5.040833,7.5,93380840.0,0.5690081,18.02334,2.5630643,9.0,2018.0,1.0,30.315535,7.64,7.891257,287.21277,1092.8783,25.356827,10.398814,-13.581839,-19.59069,5.1717644,8.7651005,3.7301886,2.2894464,8.765003,8.28,-12.389041,3.1666667,2.3666666,4.78619,7.25,1017880.0,0.0014519625,0.8143081,2.728981,9.0,2018.0,2.0,2.6339061,27,8,27
1.9959068,4.7533336,33.66873,-63.244186,-29.348705,3.9283433,9.033019,463.03888,659.3925,15.989468,-35.233997,5.3596187,21.774347,-35.234123,8.793333,8.033374,-4.5666666,5.766667,5.398535,10.0,126646424.0,0.77215314,14.793201,0.53795344,9.0,2016.0,4.0,27.924805,2.92,51.557606,132.0349,68.521965,30.973444,24.188662,312.52457,72.07777,-4.1983247,-26.908104,5.797514,17.857138,-26.908327,27.483334,31.458693,-1.6,4.633333,5.555303,9.916667,139884530.0,0.85229385,16.824036,1.3100138,9.0,2017.0,1.0,23.814999,4.5033336,17.30504,163.23512,-13.231785,21.78914,22.481825,86.48362,-43.331463,-83.24993,-6.366475,6.0844836,10.281032,-6.366909,29.043333,18.749979,0.93333334,4.2,5.21812,9.333333,1505504.9,0.009175921,1.0488509,2.3412426,9.0,2017.0,2.0,19.49327,2.53,14.278843,-456.64337,-2707.5625,18.115767,21.735985,-193.06201,-55.718594,7.035654,-7.533798,7.8252335,12.726537,-7.5342045,21.746666,7.667742,2.0333333,3.4,5.010365,8.833333,7634360.5,0.04652548,2.2953932,2.6379209,9.0,2017.0,3.0,23.309711,-0.9866667,9.066896,101.646645,28.294758,20.911669,20.17779,-99.81506,-61.402214,7.516066,27.601255,8.514092,4.4092402,27.600868,22.336666,2.5522456,3.2666667,2.5666666,5.092336,8.083333,115738140.0,0.7051755,13.407494,1.0403416,9.0,2017.0,4.0,4.9505486,10.663333,10.54784,44.854076,42.918827,22.684889,17.72356,-651.6062,-62.131054,197.21404,22.483166,8.578999,5.3994985,22.482954,20.136667,-6.27936,2.7,2.2666667,5.040833,7.5,93380840.0,0.5690081,18.02334,2.5630643,9.0,2018.0,1.0,30.315535,7.64,7.891257,287.21277,1092.8783,25.356827,10.398814,-13.581839,-19.59069,5.1717644,8.7651005,3.7301886,2.2894464,8.765003,8.28,-12.389041,3.1666667,2.3666666,4.78619,7.25,1017880.0,0.0014519625,0.8143081,2.728981,9.0,2018.0,2.0,31.095087,7.633333,6.0029287,817.381,937.6488,27.894712,0.42540672,85.31336,4.981843,-30.889193,15.259339,0.5391164,-3.313852,15.258996,-1.7233334,-7.4141026,2.7,3.0,4.595316,7.3333335,3780045.2,0.023044623,2.495075,2.6339061,9.0,2018.0,3.0,3.239026,28,8,27
27.924805,2.92,51.557606,132.0349,68.521965,30.973444,24.188662,312.52457,72.07777,-4.1983247,-26.908104,5.797514,17.857138,-26.908327,27.483334,31.458693,-1.6,4.633333,5.555303,9.916667,139884530.0,0.85229385,16.824036,1.3100138,9.0,2017.0,1.0,23.814999,4.5033336,17.30504,163.23512,-13.231785,21.78914,22.481825,86.48362,-43.331463,-83.24993,-6.366475,6.0844836,10.281032,-6.366909,29.043333,18.749979,0.93333334,4.2,5.21812,9.333333,1505504.9,0.009175921,1.0488509,2.3412426,9.0,2017.0,2.0,19.49327,2.53,14.278843,-456.64337,-2707.5625,18.115767,21.735985,-193.06201,-55.718594,7.035654,-7.533798,7.8252335,12.726537,-7.5342045,21.746666,7.667742,2.0333333,3.4,5.010365,8.833333,7634360.5,0.04652548,2.2953932,2.6379209,9.0,2017.0,3.0,23.309711,-0.9866667,9.066896,101.646645,28.294758,20.911669,20.17779,-99.81506,-61.402214,7.516066,27.601255,8.514092,4.4092402,27.600868,22.336666,2.5522456,3.2666667,2.5666666,5.092336,8.083333,115738140.0,0.7051755,13.407494,1.0403416,9.0,2017.0,4.0,4.9505486,10.663333,10.54784,44.854076,42.918827,22.684889,17.72356,-651.6062,-62.131054,197.21404,22.483166,8.578999,5.3994985,22.482954,20.136667,-6.27936,2.7,2.2666667,5.040833,7.5,93380840.0,0.5690081,18.02334,2.5630643,9.0,2018.0,1.0,30.315535,7.64,7.891257,287.21277,1092.8783,25.356827,10.398814,-13.581839,-19.59069,5.1717644,8.7651005,3.7301886,2.2894464,8.765003,8.28,-12.389041,3.1666667,2.3666666,4.78619,7.25,1017880.0,0.0014519625,0.8143081,2.728981,9.0,2018.0,2.0,31.095087,7.633333,6.0029287,817.381,937.6488,27.894712,0.42540672,85.31336,4.981843,-30.889193,15.259339,0.5391164,-3.313852,15.258996,-1.7233334,-7.4141026,2.7,3.0,4.595316,7.3333335,3780045.2,0.023044623,2.495075,2.6339061,9.0,2018.0,3.0,20.688519,6.653333,-3.1660366,201.64897,203.10219,16.098106,-3.7455282,-68912.63,-62.07455,150.39955,33.574352,-0.23329586,-9.11897,33.574017,-3.5633333,-8.360127,2.7333333,3.8666666,4.810364,7.5833335,97498620.0,0.5941187,21.363773,3.239026,9.0,2018.0,4.0,1.388533,29,8,27
23.814999,4.5033336,17.30504,163.23512,-13.231785,21.78914,22.481825,86.48362,-43.331463,-83.24993,-6.366475,6.0844836,10.281032,-6.366909,29.043333,18.749979,0.93333334,4.2,5.21812,9.333333,1505504.9,0.009175921,1.0488509,2.3412426,9.0,2017.0,2.0,19.49327,2.53,14.278843,-456.64337,-2707.5625,18.115767,21.735985,-193.06201,-55.718594,7.035654,-7.533798,7.8252335,12.726537,-7.5342045,21.746666,7.667742,2.0333333,3.4,5.010365,8.833333,7634360.5,0.04652548,2.2953932,2.6379209,9.0,2017.0,3.0,23.309711,-0.9866667,9.066896,101.646645,28.294758,20.911669,20.17779,-99.81506,-61.402214,7.516066,27.601255,8.514092,4.4092402,27.600868,22.336666,2.5522456,3.2666667,2.5666666,5.092336,8.083333,115738140.0,0.7051755,13.407494,1.0403416,9.0,2017.0,4.0,4.9505486,10.663333,10.54784,44.854076,42.918827,22.684889,17.72356,-651.6062,-62.131054,197.21404,22.483166,8.578999,5.3994985,22.482954,20.136667,-6.27936,2.7,2.2666667,5.040833,7.5,93380840.0,0.5690081,18.02334,2.5630643,9.0,2018.0,1.0,30.315535,7.64,7.891257,287.21277,1092.8783,25.356827,10.398814,-13.581839,-19.59069,5.1717644,8.7651005,3.7301886,2.2894464,8.765003,8.28,-12.389041,3.1666667,2.3666666,4.78619,7.25,1017880.0,0.0014519625,0.8143081,2.728981,9.0,2018.0,2.0,31.095087,7.633333,6.0029287,817.381,937.6488,27.894712,0.42540672,85.31336,4.981843,-30.889193,15.259339,0.5391164,-3.313852,15.258996,-1.7233334,-7.4141026,2.7,3.0,4.595316,7.3333335,3780045.2,0.023044623,2.495075,2.6339061,9.0,2018.0,3.0,20.688519,6.653333,-3.1660366,201.64897,203.10219,16.098106,-3.7455282,-68912.63,-62.07455,150.39955,33.574352,-0.23329586,-9.11897,33.574017,-3.5633333,-8.360127,2.7333333,3.8666666,4.810364,7.5833335,97498620.0,0.5941187,21.363773,3.239026,9.0,2018.0,4.0,-6.1207438,3.51,-7.141512,-2.8809905,11.38709,-0.16921908,-3.609254,106.3516,92.410965,-69.88129,27.482807,0.53068787,-6.6314425,27.482296,-3.5233333,-7.350203,2.3,5.1666665,4.845534,7.75,129355590.0,0.78839135,22.908293,1.388533,9.0,2019.0,1.0,1.3575612,30,8,27
19.49327,2.53,14.278843,-456.64337,-2707.5625,18.115767,21.735985,-193.06201,-55.718594,7.035654,-7.533798,7.8252335,12.726537,-7.5342045,21.746666,7.667742,2.0333333,3.4,5.010365,8.833333,7634360.5,0.04652548,2.2953932,2.6379209,9.0,2017.0,3.0,23.309711,-0.9866667,9.066896,101.646645,28.294758,20.911669,20.17779,-99.81506,-61.402214,7.516066,27.601255,8.514092,4.4092402,27.600868,22.336666,2.5522456,3.2666667,2.5666666,5.092336,8.083333,115738140.0,0.7051755,13.407494,1.0403416,9.0,2017.0,4.0,4.9505486,10.663333,10.54784,44.854076,42.918827,22.684889,17.72356,-651.6062,-62.131054,197.21404,22.483166,8.578999,5.3994985,22.482954,20.136667,-6.27936,2.7,2.2666667,5.040833,7.5,93380840.0,0.5690081,18.02334,2.5630643,9.0,2018.0,1.0,30.315535,7.64,7.891257,287.21277,1092.8783,25.356827,10.398814,-13.581839,-19.59069,5.1717644,8.7651005,3.7301886,2.2894464,8.765003,8.28,-12.389041,3.1666667,2.3666666,4.78619,7.25,1017880.0,0.0014519625,0.8143081,2.728981,9.0,2018.0,2.0,31.095087,7.633333,6.0029287,817.381,937.6488,27.894712,0.42540672,85.31336,4.981843,-30.889193,15.259339,0.5391164,-3.313852,15.258996,-1.7233334,-7.4141026,2.7,3.0,4.595316,7.3333335,3780045.2,0.023044623,2.495075,2.6339061,9.0,2018.0,3.0,20.688519,6.653333,-3.1660366,201.64897,203.10219,16.098106,-3.7455282,-68912.63,-62.07455,150.39955,33.574352,-0.23329586,-9.11897,33.574017,-3.5633333,-8.360127,2.7333333,3.8666666,4.810364,7.5833335,97498620.0,0.5941187,21.363773,3.239026,9.0,2018.0,4.0,-6.1207438,3.51,-7.141512,-2.8809905,11.38709,-0.16921908,-3.609254,106.3516,92.410965,-69.88129,27.482807,0.53068787,-6.6314425,27.482296,-3.5233333,-7.350203,2.3,5.1666665,4.845534,7.75,129355590.0,0.78839135,22.908293,1.388533,9.0,2019.0,1.0,-7.460084,3.0433333,8.992722,-45.52972,-43.273766,-3.6986032,2.293119,97.665695,38.17734,-71.33479,20.123598,8.109678,4.454371,20.122986,-2.4266667,2.00749,1.9,5.0,4.605196,7.6666665,1327283.5,0.0081036305,1.2914869,1.3575612,9.0,2019.0,2.0,2.7674618,31,8,27
23.309711,-0.9866667,9.066896,101.646645,28.294758,20.911669,20.17779,-99.81506,-61.402214,7.516066,27.601255,8.514092,4.4092402,27.600868,22.336666,2.5522456,3.2666667,2.5666666,5.092336,8.083333,115738140.0,0.7051755,13.407494,1.0403416,9.0,2017.0,4.0,4.9505486,10.663333,10.54784,44.854076,42.918827,22.684889,17.72356,-651.6062,-62.131054,197.21404,22.483166,8.578999,5.3994985,22.482954,20.136667,-6.27936,2.7,2.2666667,5.040833,7.5,93380840.0,0.5690081,18.02334,2.5630643,9.0,2018.0,1.0,30.315535,7.64,7.891257,287.21277,1092.8783,25.356827,10.398814,-13.581839,-19.59069,5.1717644,8.7651005,3.7301886,2.2894464,8.765003,8.28,-12.389041,3.1666667,2.3666666,4.78619,7.25,1017880.0,0.0014519625,0.8143081,2.728981,9.0,2018.0,2.0,31.095087,7.633333,6.0029287,817.381,937.6488,27.894712,0.42540672,85.31336,4.981843,-30.889193,15.259339,0.5391164,-3.313852,15.258996,-1.7233334,-7.4141026,2.7,3.0,4.595316,7.3333335,3780045.2,0.023044623,2.495075,2.6339061,9.0,2018.0,3.0,20.688519,6.653333,-3.1660366,201.64897,203.10219,16.098106,-3.7455282,-68912.63,-62.07455,150.39955,33.574352,-0.23329586,-9.11897,33.574017,-3.5633333,-8.360127,2.7333333,3.8666666,4.810364,7.5833335,97498620.0,0.5941187,21.363773,3.239026,9.0,2018.0,4.0,-6.1207438,3.51,-7.141512,-2.8809905,11.38709,-0.16921908,-3.609254,106.3516,92.410965,-69.88129,27.482807,0.53068787,-6.6314425,27.482296,-3.5233333,-7.350203,2.3,5.1666665,4.845534,7.75,129355590.0,0.78839135,22.908293,1.388533,9.0,2019.0,1.0,-7.460084,3.0433333,8.992722,-45.52972,-43.273766,-3.6986032,2.293119,97.665695,38.17734,-71.33479,20.123598,8.109678,4.454371,20.122986,-2.4266667,2.00749,1.9,5.0,4.605196,7.6666665,1327283.5,0.0081036305,1.2914869,1.3575612,9.0,2019.0,2.0,-6.912963,4.21,10.481773,-69.98032,-61.712807,-6.2875385,6.864771,-989.3318,-2.5726948,81.16588,20.381733,8.86981,5.2777843,20.381462,3.96,4.674354,1.1666666,4.3,4.384212,7.1666665,7765987.0,0.047349904,5.3823943,2.7674618,9.0,2019.0,3.0,3.0695016,32,8,27
0.74,0.16049875,1.4099958,23.475521,-3.2179945,-1.172456,-0.7923829,30.353092,4.199113,-18.51175,-3.5160954,8.594529,8.076013,-3.5215235,1.94,-0.43828923,0.7653122,0.91,7.166667,1.0,52926796.0,0.6025525,2.762089,1.57,8.0,2013.0,1.0,2.5,-0.073604316,4.0030155,-23.414204,6.459311,3.1152914,2.1013553,-3.586603,3.6490502,3.6476464,50.61078,12.181388,4.934859,50.607788,2.97,-1.4045905,3.666973,0.76666665,7.133333,1.0,1951865.5,0.02242233,0.40691084,1.82,8.0,2013.0,2.0,2.46,2.526221,-2.0367305,37.242588,19.416754,1.8316324,-0.106353246,-1.9928223,0.58225816,0.6601772,69.03792,10.362498,0.35099941,69.03294,1.43,-4.164081,4.7978935,1.1533333,7.1,1.0,2749683.5,0.03166991,0.69361395,2.52,8.0,2013.0,3.0,4.15,4.356392,4.238807,-3.2491925,17.862635,0.052603103,-1.4598612,98.529434,-0.8574806,-63.811195,92.97943,13.8823395,0.187496,92.98025,1.97,-5.1892495,4.6869974,0.93,7.133333,1.0,60159724.0,0.6852512,2.5916407,3.38,8.0,2013.0,4.0,2.18,3.6250892,1.0766119,-3.1420486,32.67486,1.2860969,-1.7726843,498.91534,684.91815,19.866581,82.38067,11.810572,2.5890014,82.3797,0.19,-8.055067,4.0714154,1.39,7.066667,1.0,49330708.0,0.56167114,3.4266934,2.64,8.0,2014.0,1.0,6.41,6.5280685,13.883919,8.750694,33.50642,4.9393125,1.209328,-12.149401,-1.4673626,-1.161412,30.350588,17.040287,14.46555,30.35648,2.51,-6.052758,5.53164,2.2266667,7.1,1.0,1972024.5,0.023591295,0.71642315,2.98,8.0,2014.0,2.0,8.77,5.0394077,16.026554,33.54854,30.591152,4.660327,2.0666919,3.826623,0.104579374,-0.115459666,40.297424,8.094477,6.2108626,40.31274,3.38,-4.3181834,6.088438,2.0833333,7.0,1.0,6933623.0,0.079152785,0.9889902,3.12,8.0,2014.0,3.0,7.86,4.693725,-0.48545226,55.500896,11.086932,0.15709169,-0.634155,-556.3766,-2.9390607,11.71032,207.66882,5.461134,3.5472696,207.68198,4.02,-5.4491296,4.7801304,1.9266666,6.7,1.0,70118776.0,0.8004493,3.0707867,2.76,8.0,2014.0,4.0,2.01,33,8,27
2.5,-0.073604316,4.0030155,-23.414204,6.459311,3.1152914,2.1013553,-3.586603,3.6490502,3.6476464,50.61078,12.181388,4.934859,50.607788,2.97,-1.4045905,3.666973,0.76666665,7.133333,1.0,1951865.5,0.02242233,0.40691084,1.82,8.0,2013.0,2.0,2.46,2.526221,-2.0367305,37.242588,19.416754,1.8316324,-0.106353246,-1.9928223,0.58225816,0.6601772,69.03792,10.362498,0.35099941,69.03294,1.43,-4.164081,4.7978935,1.1533333,7.1,1.0,2749683.5,0.03166991,0.69361395,2.52,8.0,2013.0,3.0,4.15,4.356392,4.238807,-3.2491925,17.862635,0.052603103,-1.4598612,98.529434,-0.8574806,-63.811195,92.97943,13.8823395,0.187496,92.98025,1.97,-5.1892495,4.6869974,0.93,7.133333,1.0,60159724.0,0.6852512,2.5916407,3.38,8.0,2013.0,4.0,2.18,3.6250892,1.0766119,-3.1420486,32.67486,1.2860969,-1.7726843,498.91534,684.91815,19.866581,82.38067,11.810572,2.5890014,82.3797,0.19,-8.055067,4.0714154,1.39,7.066667,1.0,49330708.0,0.56167114,3.4266934,2.64,8.0,2014.0,1.0,6.41,6.5280685,13.883919,8.750694,33.50642,4.9393125,1.209328,-12.149401,-1.4673626,-1.161412,30.350588,17.040287,14.46555,30.35648,2.51,-6.052758,5.53164,2.2266667,7.1,1.0,1972024.5,0.023591295,0.71642315,2.98,8.0,2014.0,2.0,8.77,5.0394077,16.026554,33.54854,30.591152,4.660327,2.0666919,3.826623,0.104579374,-0.115459666,40.297424,8.094477,6.2108626,40.31274,3.38,-4.3181834,6.088438,2.0833333,7.0,1.0,6933623.0,0.079152785,0.9889902,3.12,8.0,2014.0,3.0,7.86,4.693725,-0.48545226,55.500896,11.086932,0.15709169,-0.634155,-556.3766,-2.9390607,11.71032,207.66882,5.461134,3.5472696,207.68198,4.02,-5.4491296,4.7801304,1.9266666,6.7,1.0,70118776.0,0.8004493,3.0707867,2.76,8.0,2014.0,4.0,7.13,2.4314148,-6.127857,-32.45531,-56.924088,-9.947496,-5.8193493,-121.36768,-88.58198,-27.286022,349.03107,4.3505564,-1.5918672,349.03787,4.15,-7.217336,1.6561011,1.0733334,6.8,0.75,78564744.0,0.89398515,3.1805582,2.01,8.0,2015.0,1.0,0.81,34,8,27
2.46,2.526221,-2.0367305,37.242588,19.416754,1.8316324,-0.106353246,-1.9928223,0.58225816,0.6601772,69.03792,10.362498,0.35099941,69.03294,1.43,-4.164081,4.7978935,1.1533333,7.1,1.0,2749683.5,0.03166991,0.69361395,2.52,8.0,2013.0,3.0,4.15,4.356392,4.238807,-3.2491925,17.862635,0.052603103,-1.4598612,98.529434,-0.8574806,-63.811195,92.97943,13.8823395,0.187496,92.98025,1.97,-5.1892495,4.6869974,0.93,7.133333,1.0,60159724.0,0.6852512,2.5916407,3.38,8.0,2013.0,4.0,2.18,3.6250892,1.0766119,-3.1420486,32.67486,1.2860969,-1.7726843,498.91534,684.91815,19.866581,82.38067,11.810572,2.5890014,82.3797,0.19,-8.055067,4.0714154,1.39,7.066667,1.0,49330708.0,0.56167114,3.4266934,2.64,8.0,2014.0,1.0,6.41,6.5280685,13.883919,8.750694,33.50642,4.9393125,1.209328,-12.149401,-1.4673626,-1.161412,30.350588,17.040287,14.46555,30.35648,2.51,-6.052758,5.53164,2.2266667,7.1,1.0,1972024.5,0.023591295,0.71642315,2.98,8.0,2014.0,2.0,8.77,5.0394077,16.026554,33.54854,30.591152,4.660327,2.0666919,3.826623,0.104579374,-0.115459666,40.297424,8.094477,6.2108626,40.31274,3.38,-4.3181834,6.088438,2.0833333,7.0,1.0,6933623.0,0.079152785,0.9889902,3.12,8.0,2014.0,3.0,7.86,4.693725,-0.48545226,55.500896,11.086932,0.15709169,-0.634155,-556.3766,-2.9390607,11.71032,207.66882,5.461134,3.5472696,207.68198,4.02,-5.4491296,4.7801304,1.9266666,6.7,1.0,70118776.0,0.8004493,3.0707867,2.76,8.0,2014.0,4.0,7.13,2.4314148,-6.127857,-32.45531,-56.924088,-9.947496,-5.8193493,-121.36768,-88.58198,-27.286022,349.03107,4.3505564,-1.5918672,349.03787,4.15,-7.217336,1.6561011,1.0733334,6.8,0.75,78564744.0,0.89398515,3.1805582,2.01,8.0,2015.0,1.0,2.39,-2.0262165,-7.1879773,-1.7327057,-28.148884,-11.666416,-9.128554,18.235704,-6.8603215,-7.1503334,242.16112,2.2543383,-5.823808,242.15726,0.99,-7.184828,2.5194726,0.9,6.9,0.75,897271.44,0.010293974,0.3508441,0.81,8.0,2015.0,2.0,0.21,35,8,27
4.15,4.356392,4.238807,-3.2491925,17.862635,0.052603103,-1.4598612,98.529434,-0.8574806,-63.811195,92.97943,13.8823395,0.187496,92.98025,1.97,-5.1892495,4.6869974,0.93,7.133333,1.0,60159724.0,0.6852512,2.5916407,3.38,8.0,2013.0,4.0,2.18,3.6250892,1.0766119,-3.1420486,32.67486,1.2860969,-1.7726843,498.91534,684.91815,19.866581,82.38067,11.810572,2.5890014,82.3797,0.19,-8.055067,4.0714154,1.39,7.066667,1.0,49330708.0,0.56167114,3.4266934,2.64,8.0,2014.0,1.0,6.41,6.5280685,13.883919,8.750694,33.50642,4.9393125,1.209328,-12.149401,-1.4673626,-1.161412,30.350588,17.040287,14.46555,30.35648,2.51,-6.052758,5.53164,2.2266667,7.1,1.0,1972024.5,0.023591295,0.71642315,2.98,8.0,2014.0,2.0,8.77,5.0394077,16.026554,33.54854,30.591152,4.660327,2.0666919,3.826623,0.104579374,-0.115459666,40.297424,8.094477,6.2108626,40.31274,3.38,-4.3181834,6.088438,2.0833333,7.0,1.0,6933623.0,0.079152785,0.9889902,3.12,8.0,2014.0,3.0,7.86,4.693725,-0.48545226,55.500896,11.086932,0.15709169,-0.634155,-556.3766,-2.9390607,11.71032,207.66882,5.461134,3.5472696,207.68198,4.02,-5.4491296,4.7801304,1.9266666,6.7,1.0,70118776.0,0.8004493,3.0707867,2.76,8.0,2014.0,4.0,7.13,2.4314148,-6.127857,-32.45531,-56.924088,-9.947496,-5.8193493,-121.36768,-88.58198,-27.286022,349.03107,4.3505564,-1.5918672,349.03787,4.15,-7.217336,1.6561011,1.0733334,6.8,0.75,78564744.0,0.89398515,3.1805582,2.01,8.0,2015.0,1.0,2.39,-2.0262165,-7.1879773,-1.7327057,-28.148884,-11.666416,-9.128554,18.235704,-6.8603215,-7.1503334,242.16112,2.2543383,-5.823808,242.15726,0.99,-7.184828,2.5194726,0.9,6.9,0.75,897271.44,0.010293974,0.3508441,0.81,8.0,2015.0,2.0,2.88,0.06816392,-24.813236,-62.87447,-45.807518,-15.509661,-12.441738,64.781006,-12.647016,-15.45668,414.5775,-0.2572671,-9.316908,414.5588,-0.63,-12.366165,2.8415473,1.19,7.0,0.5,5106784.5,0.060763504,0.9363118,0.21,8.0,2015.0,3.0,-0.41,36,8,27
2.18,3.6250892,1.0766119,-3.1420486,32.67486,1.2860969,-1.7726843,498.91534,684.91815,19.866581,82.38067,11.810572,2.5890014,82.3797,0.19,-8.055067,4.0714154,1.39,7.066667,1.0,49330708.0,0.56167114,3.4266934,2.64,8.0,2014.0,1.0,6.41,6.5280685,13.883919,8.750694,33.50642,4.9393125,1.209328,-12.149401,-1.4673626,-1.161412,30.350588,17.040287,14.46555,30.35648,2.51,-6.052758,5.53164,2.2266667,7.1,1.0,1972024.5,0.023591295,0.71642315,2.98,8.0,2014.0,2.0,8.77,5.0394077,16.026554,33.54854,30.591152,4.660327,2.0666919,3.826623,0.104579374,-0.115459666,40.297424,8.094477,6.2108626,40.31274,3.38,-4.3181834,6.088438,2.0833333,7.0,1.0,6933623.0,0.079152785,0.9889902,3.12,8.0,2014.0,3.0,7.86,4.693725,-0.48545226,55.500896,11.086932,0.15709169,-0.634155,-556.3766,-2.9390607,11.71032,207.66882,5.461134,3.5472696,207.68198,4.02,-5.4491296,4.7801304,1.9266666,6.7,1.0,70118776.0,0.8004493,3.0707867,2.76,8.0,2014.0,4.0,7.13,2.4314148,-6.127857,-32.45531,-56.924088,-9.947496,-5.8193493,-121.36768,-88.58198,-27.286022,349.03107,4.3505564,-1.5918672,349.03787,4.15,-7.217336,1.6561011,1.0733334,6.8,0.75,78564744.0,0.89398515,3.1805582,2.01,8.0,2015.0,1.0,2.39,-2.0262165,-7.1879773,-1.7327057,-28.148884,-11.666416,-9.128554,18.235704,-6.8603215,-7.1503334,242.16112,2.2543383,-5.823808,242.15726,0.99,-7.184828,2.5194726,0.9,6.9,0.75,897271.44,0.010293974,0.3508441,0.81,8.0,2015.0,2.0,2.88,0.06816392,-24.813236,-62.87447,-45.807518,-15.509661,-12.441738,64.781006,-12.647016,-15.45668,414.5775,-0.2572671,-9.316908,414.5588,-0.63,-12.366165,2.8415473,1.19,7.0,0.5,5106784.5,0.060763504,0.9363118,0.21,8.0,2015.0,3.0,1.54,-2.2507806,-21.42498,0.6934877,4.699772,-13.500878,-12.946692,88.722984,-10.690179,-22.69897,1081.5492,1.0803359,-9.008798,1081.5425,-1.37,-11.321126,3.1501646,1.3333334,7.066667,0.5,77288650.0,0.88238585,2.61356,-0.41,8.0,2015.0,4.0,0.74,37,8,27
6.41,6.5280685,13.883919,8.750694,33.50642,4.9393125,1.209328,-12.149401,-1.4673626,-1.161412,30.350588,17.040287,14.46555,30.35648,2.51,-6.052758,5.53164,2.2266667,7.1,1.0,1972024.5,0.023591295,0.71642315,2.98,8.0,2014.0,2.0,8.77,5.0394077,16.026554,33.54854,30.591152,4.660327,2.0666919,3.826623,0.104579374,-0.115459666,40.297424,8.094477,6.2108626,40.31274,3.38,-4.3181834,6.088438,2.0833333,7.0,1.0,6933623.0,0.079152785,0.9889902,3.12,8.0,2014.0,3.0,7.86,4.693725,-0.48545226,55.500896,11.086932,0.15709169,-0.634155,-556.3766,-2.9390607,11.71032,207.66882,5.461134,3.5472696,207.68198,4.02,-5.4491296,4.7801304,1.9266666,6.7,1.0,70118776.0,0.8004493,3.0707867,2.76,8.0,2014.0,4.0,7.13,2.4314148,-6.127857,-32.45531,-56.924088,-9.947496,-5.8193493,-121.36768,-88.58198,-27.286022,349.03107,4.3505564,-1.5918672,349.03787,4.15,-7.217336,1.6561011,1.0733334,6.8,0.75,78564744.0,0.89398515,3.1805582,2.01,8.0,2015.0,1.0,2.39,-2.0262165,-7.1879773,-1.7327057,-28.148884,-11.666416,-9.128554,18.235704,-6.8603215,-7.1503334,242.16112,2.2543383,-5.823808,242.15726,0.99,-7.184828,2.5194726,0.9,6.9,0.75,897271.44,0.010293974,0.3508441,0.81,8.0,2015.0,2.0,2.88,0.06816392,-24.813236,-62.87447,-45.807518,-15.509661,-12.441738,64.781006,-12.647016,-15.45668,414.5775,-0.2572671,-9.316908,414.5588,-0.63,-12.366165,2.8415473,1.19,7.0,0.5,5106784.5,0.060763504,0.9363118,0.21,8.0,2015.0,3.0,1.54,-2.2507806,-21.42498,0.6934877,4.699772,-13.500878,-12.946692,88.722984,-10.690179,-22.69897,1081.5492,1.0803359,-9.008798,1081.5425,-1.37,-11.321126,3.1501646,1.3333334,7.066667,0.5,77288650.0,0.88238585,2.61356,-0.41,8.0,2015.0,4.0,4.76,-1.0643644,-16.612253,26.733458,12.161866,-7.969498,-8.40072,54.10452,-23.494701,-40.311665,79.61789,1.7556155,-1.5567199,79.59307,-0.66,-7.289806,7.4926643,1.5466666,7.2,0.5,64071780.0,0.7347784,3.152726,0.74,8.0,2016.0,1.0,0.52,38,8,27
8.77,5.0394077,16.026554,33.54854,30.591152,4.660327,2.0666919,3.826623,0.104579374,-0.115459666,40.297424,8.094477,6.2108626,40.31274,3.38,-4.3181834,6.088438,2.0833333,7.0,1.0,6933623.0,0.079152785,0.9889902,3.12,8.0,2014.0,3.0,7.86,4.693725,-0.48545226,55.500896,11.086932,0.15709169,-0.634155,-556.3766,-2.9390607,11.71032,207.66882,5.461134,3.5472696,207.68198,4.02,-5.4491296,4.7801304,1.9266666,6.7,1.0,70118776.0,0.8004493,3.0707867,2.76,8.0,2014.0,4.0,7.13,2.4314148,-6.127857,-32.45531,-56.924088,-9.947496,-5.8193493,-121.36768,-88.58198,-27.286022,349.03107,4.3505564,-1.5918672,349.03787,4.15,-7.217336,1.6561011,1.0733334,6.8,0.75,78564744.0,0.89398515,3.1805582,2.01,8.0,2015.0,1.0,2.39,-2.0262165,-7.1879773,-1.7327057,-28.148884,-11.666416,-9.128554,18.235704,-6.8603215,-7.1503334,242.16112,2.2543383,-5.823808,242.15726,0.99,-7.184828,2.5194726,0.9,6.9,0.75,897271.44,0.010293974,0.3508441,0.81,8.0,2015.0,2.0,2.88,0.06816392,-24.813236,-62.87447,-45.807518,-15.509661,-12.441738,64.781006,-12.647016,-15.45668,414.5775,-0.2572671,-9.316908,414.5588,-0.63,-12.366165,2.8415473,1.19,7.0,0.5,5106784.5,0.060763504,0.9363118,0.21,8.0,2015.0,3.0,1.54,-2.2507806,-21.42498,0.6934877,4.699772,-13.500878,-12.946692,88.722984,-10.690179,-22.69897,1081.5492,1.0803359,-9.008798,1081.5425,-1.37,-11.321126,3.1501646,1.3333334,7.066667,0.5,77288650.0,0.88238585,2.61356,-0.41,8.0,2015.0,4.0,4.76,-1.0643644,-16.612253,26.733458,12.161866,-7.969498,-8.40072,54.10452,-23.494701,-40.311665,79.61789,1.7556155,-1.5567199,79.59307,-0.66,-7.289806,7.4926643,1.5466666,7.2,0.5,64071780.0,0.7347784,3.152726,0.74,8.0,2016.0,1.0,-0.87,-1.7365701,-9.701404,3.202015,-3.3455465,-5.978986,-5.1408153,100.0,-19.142864,-20.958168,36.75745,3.7417724,2.091984,36.809963,-0.63,-2.9845674,5.207978,1.55,7.033333,0.5,1754394.4,0.021101164,0.5327448,0.52,8.0,2016.0,2.0,1.2,39,8,27
7.86,4.693725,-0.48545226,55.500896,11.086932,0.15709169,-0.634155,-556.3766,-2.9390607,11.71032,207.66882,5.461134,3.5472696,207.68198,4.02,-5.4491296,4.7801304,1.9266666,6.7,1.0,70118776.0,0.8004493,3.0707867,2.76,8.0,2014.0,4.0,7.13,2.4314148,-6.127857,-32.45531,-56.924088,-9.947496,-5.8193493,-121.36768,-88.58198,-27.286022,349.03107,4.3505564,-1.5918672,349.03787,4.15,-7.217336,1.6561011,1.0733334,6.8,0.75,78564744.0,0.89398515,3.1805582,2.01,8.0,2015.0,1.0,2.39,-2.0262165,-7.1879773,-1.7327057,-28.148884,-11.666416,-9.128554,18.235704,-6.8603215,-7.1503334,242.16112,2.2543383,-5.823808,242.15726,0.99,-7.184828,2.5194726,0.9,6.9,0.75,897271.44,0.010293974,0.3508441,0.81,8.0,2015.0,2.0,2.88,0.06816392,-24.813236,-62.87447,-45.807518,-15.509661,-12.441738,64.781006,-12.647016,-15.45668,414.5775,-0.2572671,-9.316908,414.5588,-0.63,-12.366165,2.8415473,1.19,7.0,0.5,5106784.5,0.060763504,0.9363118,0.21,8.0,2015.0,3.0,1.54,-2.2507806,-21.42498,0.6934877,4.699772,-13.500878,-12.946692,88.722984,-10.690179,-22.69897,1081.5492,1.0803359,-9.008798,1081.5425,-1.37,-11.321126,3.1501646,1.3333334,7.066667,0.5,77288650.0,0.88238585,2.61356,-0.41,8.0,2015.0,4.0,4.76,-1.0643644,-16.612253,26.733458,12.161866,-7.969498,-8.40072,54.10452,-23.494701,-40.311665,79.61789,1.7556155,-1.5567199,79.59307,-0.66,-7.289806,7.4926643,1.5466666,7.2,0.5,64071780.0,0.7347784,3.152726,0.74,8.0,2016.0,1.0,-0.87,-1.7365701,-9.701404,3.202015,-3.3455465,-5.978986,-5.1408153,100.0,-19.142864,-20.958168,36.75745,3.7417724,2.091984,36.809963,-0.63,-2.9845674,5.207978,1.55,7.033333,0.5,1754394.4,0.021101164,0.5327448,0.52,8.0,2016.0,2.0,0.01,0.10849302,11.443207,10.858588,-1.9909216,0.58295745,0.70026785,-2012.5714,-14.97851,30.541544,13.440188,12.198981,12.103372,13.4594555,1.73,1.391799,3.645003,1.2333333,7.0,0.5,18999352.0,0.21776204,1.1168915,1.2,8.0,2016.0,3.0,1.7,40,8,27
7.13,2.4314148,-6.127857,-32.45531,-56.924088,-9.947496,-5.8193493,-121.36768,-88.58198,-27.286022,349.03107,4.3505564,-1.5918672,349.03787,4.15,-7.217336,1.6561011,1.0733334,6.8,0.75,78564744.0,0.89398515,3.1805582,2.01,8.0,2015.0,1.0,2.39,-2.0262165,-7.1879773,-1.7327057,-28.148884,-11.666416,-9.128554,18.235704,-6.8603215,-7.1503334,242.16112,2.2543383,-5.823808,242.15726,0.99,-7.184828,2.5194726,0.9,6.9,0.75,897271.44,0.010293974,0.3508441,0.81,8.0,2015.0,2.0,2.88,0.06816392,-24.813236,-62.87447,-45.807518,-15.509661,-12.441738,64.781006,-12.647016,-15.45668,414.5775,-0.2572671,-9.316908,414.5588,-0.63,-12.366165,2.8415473,1.19,7.0,0.5,5106784.5,0.060763504,0.9363118,0.21,8.0,2015.0,3.0,1.54,-2.2507806,-21.42498,0.6934877,4.699772,-13.500878,-12.946692,88.722984,-10.690179,-22.69897,1081.5492,1.0803359,-9.008798,1081.5425,-1.37,-11.321126,3.1501646,1.3333334,7.066667,0.5,77288650.0,0.88238585,2.61356,-0.41,8.0,2015.0,4.0,4.76,-1.0643644,-16.612253,26.733458,12.161866,-7.969498,-8.40072,54.10452,-23.494701,-40.311665,79.61789,1.7556155,-1.5567199,79.59307,-0.66,-7.289806,7.4926643,1.5466666,7.2,0.5,64071780.0,0.7347784,3.152726,0.74,8.0,2016.0,1.0,-0.87,-1.7365701,-9.701404,3.202015,-3.3455465,-5.978986,-5.1408153,100.0,-19.142864,-20.958168,36.75745,3.7417724,2.091984,36.809963,-0.63,-2.9845674,5.207978,1.55,7.033333,0.5,1754394.4,0.021101164,0.5327448,0.52,8.0,2016.0,2.0,0.01,0.10849302,11.443207,10.858588,-1.9909216,0.58295745,0.70026785,-2012.5714,-14.97851,30.541544,13.440188,12.198981,12.103372,13.4594555,1.73,1.391799,3.645003,1.2333333,7.0,0.5,18999352.0,0.21776204,1.1168915,1.2,8.0,2016.0,3.0,1.79,2.1760073,18.69748,5.9464755,60.01541,5.8526154,1.312134,100.0,-15.170869,-17.075348,-5.929318,10.449745,12.437276,-5.941781,-0.22,1.9592445,5.0418415,1.39,6.966667,0.5,74779130.0,0.85094476,3.018438,1.7,8.0,2016.0,4.0,2.37,41,8,27
2.39,-2.0262165,-7.1879773,-1.7327057,-28.148884,-11.666416,-9.128554,18.235704,-6.8603215,-7.1503334,242.16112,2.2543383,-5.823808,242.15726,0.99,-7.184828,2.5194726,0.9,6.9,0.75,897271.44,0.010293974,0.3508441,0.81,8.0,2015.0,2.0,2.88,0.06816392,-24.813236,-62.87447,-45.807518,-15.509661,-12.441738,64.781006,-12.647016,-15.45668,414.5775,-0.2572671,-9.316908,414.5588,-0.63,-12.366165,2.8415473,1.19,7.0,0.5,5106784.5,0.060763504,0.9363118,0.21,8.0,2015.0,3.0,1.54,-2.2507806,-21.42498,0.6934877,4.699772,-13.500878,-12.946692,88.722984,-10.690179,-22.69897,1081.5492,1.0803359,-9.008798,1081.5425,-1.37,-11.321126,3.1501646,1.3333334,7.066667,0.5,77288650.0,0.88238585,2.61356,-0.41,8.0,2015.0,4.0,4.76,-1.0643644,-16.612253,26.733458,12.161866,-7.969498,-8.40072,54.10452,-23.494701,-40.311665,79.61789,1.7556155,-1.5567199,79.59307,-0.66,-7.289806,7.4926643,1.5466666,7.2,0.5,64071780.0,0.7347784,3.152726,0.74,8.0,2016.0,1.0,-0.87,-1.7365701,-9.701404,3.202015,-3.3455465,-5.978986,-5.1408153,100.0,-19.142864,-20.958168,36.75745,3.7417724,2.091984,36.809963,-0.63,-2.9845674,5.207978,1.55,7.033333,0.5,1754394.4,0.021101164,0.5327448,0.52,8.0,2016.0,2.0,0.01,0.10849302,11.443207,10.858588,-1.9909216,0.58295745,0.70026785,-2012.5714,-14.97851,30.541544,13.440188,12.198981,12.103372,13.4594555,1.73,1.391799,3.645003,1.2333333,7.0,0.5,18999352.0,0.21776204,1.1168915,1.2,8.0,2016.0,3.0,1.79,2.1760073,18.69748,5.9464755,60.01541,5.8526154,1.312134,100.0,-15.170869,-17.075348,-5.929318,10.449745,12.437276,-5.941781,-0.22,1.9592445,5.0418415,1.39,6.966667,0.5,74779130.0,0.85094476,3.018438,1.7,8.0,2016.0,4.0,5.09,3.1216497,27.06157,6.691923,22.769058,12.575533,9.089308,-3.9233456,3.923348,3.923347,78.4835,17.730068,13.011515,78.50994,13.72,5.539094,6.112225,1.9133333,6.7,0.5,90962296.0,1.0350764,3.6316276,2.37,8.0,2017.0,1.0,2.93,42,8,27
-1.4966667,-1.6662667,20.780937,22.416462,-77.50908,0.86632454,4.165248,170.96616,458.19952,-1.0858762,-29.148703,12.902725,21.270077,-29.145437,1.8166667,3.2456872,1.1250777,3.6863782,4.988171,4.3333335,5556396.5,0.6463174,12.820133,-0.3,10.0,2013.0,1.0,2.5766666,0.09983333,19.835943,-104.728874,-836.3831,1.2257855,8.652732,5639.593,15560.832,-15.378091,-26.61178,5.328245,15.738271,-26.611546,4.9566665,8.987148,-1.643083,4.4562874,5.103687,4.0,6009314.0,0.60362726,9.323069,1.7,10.0,2013.0,2.0,5.613333,-1.0746666,4.413656,66.10934,-71.47099,4.7061677,6.7129045,210.21179,216.70076,17.504013,-11.536798,7.9798083,9.811192,-11.536755,5.29,2.5378537,0.11980722,3.4398127,4.867113,3.9166667,4367909.5,0.5392056,12.03052,1.0,10.0,2013.0,3.0,3.3833334,0.58496666,2.274537,-49.57144,1.6211479,5.3229785,4.8117213,-513.83575,14802.015,591.17944,-10.828647,9.997324,10.433413,-10.828709,-0.35,0.16071245,-1.5511705,3.6506217,4.758026,3.5,5928141.0,0.59960204,14.593973,0.9,10.0,2013.0,4.0,2.7433333,2.5786667,-10.890677,-6.4098067,-8.673317,4.143749,4.475992,-152.20638,-41.340107,16.724297,-0.24700044,11.820971,5.4728227,-0.24940367,3.3366666,-3.4127421,-0.8880489,4.158626,4.929025,3.5,5987022.0,0.6024845,10.49666,2.5,10.0,2014.0,1.0,5.423333,2.7607,-1.7158277,-875.4636,14.246217,5.9788685,4.4288197,-99.83492,-97.93026,-6.322772,-11.915569,19.228813,15.315753,-11.915613,4.01,-3.5046456,0.79974836,3.5865116,4.962866,3.3333333,5360501.0,0.6243544,11.637342,1.9,10.0,2014.0,2.0,5.0466666,2.8963666,11.091401,103.20714,53.045326,7.2000504,4.2904043,-117.88697,-30.698446,7.4588842,-9.7591505,14.774116,12.151438,-9.759108,6.1833334,-1.0868407,0.5965707,4.1466327,4.922496,3.0,5317124.5,0.55735844,12.5952015,2.6,10.0,2014.0,3.0,4.363333,3.388,-1.6104158,19.820498,38.980022,2.6519895,-0.22501834,108.959755,64.69061,-88.69328,5.9762626,9.544758,1.3742813,5.9763694,7.883333,-3.3070087,1.2070279,4.1823134,4.501534,3.0,5208907.0,0.71152866,17.112604,3.0,10.0,2014.0,4.0,2.9,43,8,27
2.5766666,0.09983333,19.835943,-104.728874,-836.3831,1.2257855,8.652732,5639.593,15560.832,-15.378091,-26.61178,5.328245,15.738271,-26.611546,4.9566665,8.987148,-1.643083,4.4562874,5.103687,4.0,6009314.0,0.60362726,9.323069,1.7,10.0,2013.0,2.0,5.613333,-1.0746666,4.413656,66.10934,-71.47099,4.7061677,6.7129045,210.21179,216.70076,17.504013,-11.536798,7.9798083,9.811192,-11.536755,5.29,2.5378537,0.11980722,3.4398127,4.867113,3.9166667,4367909.5,0.5392056,12.03052,1.0,10.0,2013.0,3.0,3.3833334,0.58496666,2.274537,-49.57144,1.6211479,5.3229785,4.8117213,-513.83575,14802.015,591.17944,-10.828647,9.997324,10.433413,-10.828709,-0.35,0.16071245,-1.5511705,3.6506217,4.758026,3.5,5928141.0,0.59960204,14.593973,0.9,10.0,2013.0,4.0,2.7433333,2.5786667,-10.890677,-6.4098067,-8.673317,4.143749,4.475992,-152.20638,-41.340107,16.724297,-0.24700044,11.820971,5.4728227,-0.24940367,3.3366666,-3.4127421,-0.8880489,4.158626,4.929025,3.5,5987022.0,0.6024845,10.49666,2.5,10.0,2014.0,1.0,5.423333,2.7607,-1.7158277,-875.4636,14.246217,5.9788685,4.4288197,-99.83492,-97.93026,-6.322772,-11.915569,19.228813,15.315753,-11.915613,4.01,-3.5046456,0.79974836,3.5865116,4.962866,3.3333333,5360501.0,0.6243544,11.637342,1.9,10.0,2014.0,2.0,5.0466666,2.8963666,11.091401,103.20714,53.045326,7.2000504,4.2904043,-117.88697,-30.698446,7.4588842,-9.7591505,14.774116,12.151438,-9.759108,6.1833334,-1.0868407,0.5965707,4.1466327,4.922496,3.0,5317124.5,0.55735844,12.5952015,2.6,10.0,2014.0,3.0,4.363333,3.388,-1.6104158,19.820498,38.980022,2.6519895,-0.22501834,108.959755,64.69061,-88.69328,5.9762626,9.544758,1.3742813,5.9763694,7.883333,-3.3070087,1.2070279,4.1823134,4.501534,3.0,5208907.0,0.71152866,17.112604,3.0,10.0,2014.0,4.0,-0.48333332,2.0734334,-3.3580298,92.03165,-6.9318266,-1.3661543,-0.73304653,-120.363235,28.016394,49.648304,7.303239,8.864217,0.4339506,7.3033695,0.16666667,-7.4041104,3.5305805,3.0676622,4.30802,3.0,6583526.5,0.6678773,12.261597,2.9,10.0,2015.0,1.0,2.3,44,8,27
5.613333,-1.0746666,4.413656,66.10934,-71.47099,4.7061677,6.7129045,210.21179,216.70076,17.504013,-11.536798,7.9798083,9.811192,-11.536755,5.29,2.5378537,0.11980722,3.4398127,4.867113,3.9166667,4367909.5,0.5392056,12.03052,1.0,10.0,2013.0,3.0,3.3833334,0.58496666,2.274537,-49.57144,1.6211479,5.3229785,4.8117213,-513.83575,14802.015,591.17944,-10.828647,9.997324,10.433413,-10.828709,-0.35,0.16071245,-1.5511705,3.6506217,4.758026,3.5,5928141.0,0.59960204,14.593973,0.9,10.0,2013.0,4.0,2.7433333,2.5786667,-10.890677,-6.4098067,-8.673317,4.143749,4.475992,-152.20638,-41.340107,16.724297,-0.24700044,11.820971,5.4728227,-0.24940367,3.3366666,-3.4127421,-0.8880489,4.158626,4.929025,3.5,5987022.0,0.6024845,10.49666,2.5,10.0,2014.0,1.0,5.423333,2.7607,-1.7158277,-875.4636,14.246217,5.9788685,4.4288197,-99.83492,-97.93026,-6.322772,-11.915569,19.228813,15.315753,-11.915613,4.01,-3.5046456,0.79974836,3.5865116,4.962866,3.3333333,5360501.0,0.6243544,11.637342,1.9,10.0,2014.0,2.0,5.0466666,2.8963666,11.091401,103.20714,53.045326,7.2000504,4.2904043,-117.88697,-30.698446,7.4588842,-9.7591505,14.774116,12.151438,-9.759108,6.1833334,-1.0868407,0.5965707,4.1466327,4.922496,3.0,5317124.5,0.55735844,12.5952015,2.6,10.0,2014.0,3.0,4.363333,3.388,-1.6104158,19.820498,38.980022,2.6519895,-0.22501834,108.959755,64.69061,-88.69328,5.9762626,9.544758,1.3742813,5.9763694,7.883333,-3.3070087,1.2070279,4.1823134,4.501534,3.0,5208907.0,0.71152866,17.112604,3.0,10.0,2014.0,4.0,-0.48333332,2.0734334,-3.3580298,92.03165,-6.9318266,-1.3661543,-0.73304653,-120.363235,28.016394,49.648304,7.303239,8.864217,0.4339506,7.3033695,0.16666667,-7.4041104,3.5305805,3.0676622,4.30802,3.0,6583526.5,0.6678773,12.261597,2.9,10.0,2015.0,1.0,-3.7766666,0.6868,-8.664502,-47.749874,4.2337775,-2.4287856,-2.5423818,-197.51332,-11.084526,4.7160196,12.525675,2.8114974,-5.15301,12.525762,-1.1766666,-11.162089,4.6962104,2.936582,4.466545,3.0,5319832.0,0.56246936,12.8110075,2.3,10.0,2015.0,2.0,3.4,45,8,27
3.3833334,0.58496666,2.274537,-49.57144,1.6211479,5.3229785,4.8117213,-513.83575,14802.015,591.17944,-10.828647,9.997324,10.433413,-10.828709,-0.35,0.16071245,-1.5511705,3.6506217,4.758026,3.5,5928141.0,0.59960204,14.593973,0.9,10.0,2013.0,4.0,2.7433333,2.5786667,-10.890677,-6.4098067,-8.673317,4.143749,4.475992,-152.20638,-41.340107,16.724297,-0.24700044,11.820971,5.4728227,-0.24940367,3.3366666,-3.4127421,-0.8880489,4.158626,4.929025,3.5,5987022.0,0.6024845,10.49666,2.5,10.0,2014.0,1.0,5.423333,2.7607,-1.7158277,-875.4636,14.246217,5.9788685,4.4288197,-99.83492,-97.93026,-6.322772,-11.915569,19.228813,15.315753,-11.915613,4.01,-3.5046456,0.79974836,3.5865116,4.962866,3.3333333,5360501.0,0.6243544,11.637342,1.9,10.0,2014.0,2.0,5.0466666,2.8963666,11.091401,103.20714,53.045326,7.2000504,4.2904043,-117.88697,-30.698446,7.4588842,-9.7591505,14.774116,12.151438,-9.759108,6.1833334,-1.0868407,0.5965707,4.1466327,4.922496,3.0,5317124.5,0.55735844,12.5952015,2.6,10.0,2014.0,3.0,4.363333,3.388,-1.6104158,19.820498,38.980022,2.6519895,-0.22501834,108.959755,64.69061,-88.69328,5.9762626,9.544758,1.3742813,5.9763694,7.883333,-3.3070087,1.2070279,4.1823134,4.501534,3.0,5208907.0,0.71152866,17.112604,3.0,10.0,2014.0,4.0,-0.48333332,2.0734334,-3.3580298,92.03165,-6.9318266,-1.3661543,-0.73304653,-120.363235,28.016394,49.648304,7.303239,8.864217,0.4339506,7.3033695,0.16666667,-7.4041104,3.5305805,3.0676622,4.30802,3.0,6583526.5,0.6678773,12.261597,2.9,10.0,2015.0,1.0,-3.7766666,0.6868,-8.664502,-47.749874,4.2337775,-2.4287856,-2.5423818,-197.51332,-11.084526,4.7160196,12.525675,2.8114974,-5.15301,12.525762,-1.1766666,-11.162089,4.6962104,2.936582,4.466545,3.0,5319832.0,0.56246936,12.8110075,2.3,10.0,2015.0,2.0,-5.1766667,3.4104667,-20.170559,-5486.3306,-193.81226,-5.1832056,-0.85613436,-568.0939,-39.035233,5.1924424,14.757167,1.0072539,-7.061148,14.757183,-0.62,-15.526517,5.4912763,2.615085,4.33896,3.0,4667263.0,0.73744243,18.47162,3.4,10.0,2015.0,3.0,2.2,46,8,27
2.7433333,2.5786667,-10.890677,-6.4098067,-8.673317,4.143749,4.475992,-152.20638,-41.340107,16.724297,-0.24700044,11.820971,5.4728227,-0.24940367,3.3366666,-3.4127421,-0.8880489,4.158626,4.929025,3.5,5987022.0,0.6024845,10.49666,2.5,10.0,2014.0,1.0,5.423333,2.7607,-1.7158277,-875.4636,14.246217,5.9788685,4.4288197,-99.83492,-97.93026,-6.322772,-11.915569,19.228813,15.315753,-11.915613,4.01,-3.5046456,0.79974836,3.5865116,4.962866,3.3333333,5360501.0,0.6243544,11.637342,1.9,10.0,2014.0,2.0,5.0466666,2.8963666,11.091401,103.20714,53.045326,7.2000504,4.2904043,-117.88697,-30.698446,7.4588842,-9.7591505,14.774116,12.151438,-9.759108,6.1833334,-1.0868407,0.5965707,4.1466327,4.922496,3.0,5317124.5,0.55735844,12.5952015,2.6,10.0,2014.0,3.0,4.363333,3.388,-1.6104158,19.820498,38.980022,2.6519895,-0.22501834,108.959755,64.69061,-88.69328,5.9762626,9.544758,1.3742813,5.9763694,7.883333,-3.3070087,1.2070279,4.1823134,4.501534,3.0,5208907.0,0.71152866,17.112604,3.0,10.0,2014.0,4.0,-0.48333332,2.0734334,-3.3580298,92.03165,-6.9318266,-1.3661543,-0.73304653,-120.363235,28.016394,49.648304,7.303239,8.864217,0.4339506,7.3033695,0.16666667,-7.4041104,3.5305805,3.0676622,4.30802,3.0,6583526.5,0.6678773,12.261597,2.9,10.0,2015.0,1.0,-3.7766666,0.6868,-8.664502,-47.749874,4.2337775,-2.4287856,-2.5423818,-197.51332,-11.084526,4.7160196,12.525675,2.8114974,-5.15301,12.525762,-1.1766666,-11.162089,4.6962104,2.936582,4.466545,3.0,5319832.0,0.56246936,12.8110075,2.3,10.0,2015.0,2.0,-5.1766667,3.4104667,-20.170559,-5486.3306,-193.81226,-5.1832056,-0.85613436,-568.0939,-39.035233,5.1924424,14.757167,1.0072539,-7.061148,14.757183,-0.62,-15.526517,5.4912763,2.615085,4.33896,3.0,4667263.0,0.73744243,18.47162,3.4,10.0,2015.0,3.0,-6.65,1.1724,-17.592396,24.866793,-24.733583,-6.0444603,-4.7436767,-148.31389,-46.158577,25.344477,6.8325715,-2.204295,-4.4640083,6.8325796,-4.3033333,-13.46859,4.606377,2.2751286,4.300167,3.0833333,5472105.0,0.57851833,12.94937,2.2,10.0,2015.0,4.0,1.7,47,8,27
5.423333,2.7607,-1.7158277,-875.4636,14.246217,5.9788685,4.4288197,-99.83492,-97.93026,-6.322772,-11.915569,19.228813,15.315753,-11.915613,4.01,-3.5046456,0.79974836,3.5865116,4.962866,3.3333333,5360501.0,0.6243544,11.637342,1.9,10.0,2014.0,2.0,5.0466666,2.8963666,11.091401,103.20714,53.045326,7.2000504,4.2904043,-117.88697,-30.698446,7.4588842,-9.7591505,14.774116,12.151438,-9.759108,6.1833334,-1.0868407,0.5965707,4.1466327,4.922496,3.0,5317124.5,0.55735844,12.5952015,2.6,10.0,2014.0,3.0,4.363333,3.388,-1.6104158,19.820498,38.980022,2.6519895,-0.22501834,108.959755,64.69061,-88.69328,5.9762626,9.544758,1.3742813,5.9763694,7.883333,-3.3070087,1.2070279,4.1823134,4.501534,3.0,5208907.0,0.71152866,17.112604,3.0,10.0,2014.0,4.0,-0.48333332,2.0734334,-3.3580298,92.03165,-6.9318266,-1.3661543,-0.73304653,-120.363235,28.016394,49.648304,7.303239,8.864217,0.4339506,7.3033695,0.16666667,-7.4041104,3.5305805,3.0676622,4.30802,3.0,6583526.5,0.6678773,12.261597,2.9,10.0,2015.0,1.0,-3.7766666,0.6868,-8.664502,-47.749874,4.2337775,-2.4287856,-2.5423818,-197.51332,-11.084526,4.7160196,12.525675,2.8114974,-5.15301,12.525762,-1.1766666,-11.162089,4.6962104,2.936582,4.466545,3.0,5319832.0,0.56246936,12.8110075,2.3,10.0,2015.0,2.0,-5.1766667,3.4104667,-20.170559,-5486.3306,-193.81226,-5.1832056,-0.85613436,-568.0939,-39.035233,5.1924424,14.757167,1.0072539,-7.061148,14.757183,-0.62,-15.526517,5.4912763,2.615085,4.33896,3.0,4667263.0,0.73744243,18.47162,3.4,10.0,2015.0,3.0,-6.65,1.1724,-17.592396,24.866793,-24.733583,-6.0444603,-4.7436767,-148.31389,-46.158577,25.344477,6.8325715,-2.204295,-4.4640083,6.8325796,-4.3033333,-13.46859,4.606377,2.2751286,4.300167,3.0833333,5472105.0,0.57851833,12.94937,2.2,10.0,2015.0,4.0,-5.8166666,1.1493,-15.517898,-1056.1102,-5.01831,-5.1334496,-4.2990985,24.989708,-29.376444,-27.863295,1.2880883,-1.1734511,-1.228624,1.2880937,-3.5166667,-14.813318,4.778568,2.69379,4.116491,3.5833333,5083765.0,0.889187,19.349485,1.7,10.0,2016.0,1.0,2.3,48,8,27
5.0466666,2.8963666,11.091401,103.20714,53.045326,7.2000504,4.2904043,-117.88697,-30.698446,7.4588842,-9.7591505,14.774116,12.151438,-9.759108,6.1833334,-1.0868407,0.5965707,4.1466327,4.922496,3.0,5317124.5,0.55735844,12.5952015,2.6,10.0,2014.0,3.0,4.363333,3.388,-1.6104158,19.820498,38.980022,2.6519895,-0.22501834,108.959755,64.69061,-88.69328,5.9762626,9.544758,1.3742813,5.9763694,7.883333,-3.3070087,1.2070279,4.1823134,4.501534,3.0,5208907.0,0.71152866,17.112604,3.0,10.0,2014.0,4.0,-0.48333332,2.0734334,-3.3580298,92.03165,-6.9318266,-1.3661543,-0.73304653,-120.363235,28.016394,49.648304,7.303239,8.864217,0.4339506,7.3033695,0.16666667,-7.4041104,3.5305805,3.0676622,4.30802,3.0,6583526.5,0.6678773,12.261597,2.9,10.0,2015.0,1.0,-3.7766666,0.6868,-8.664502,-47.749874,4.2337775,-2.4287856,-2.5423818,-197.51332,-11.084526,4.7160196,12.525675,2.8114974,-5.15301,12.525762,-1.1766666,-11.162089,4.6962104,2.936582,4.466545,3.0,5319832.0,0.56246936,12.8110075,2.3,10.0,2015.0,2.0,-5.1766667,3.4104667,-20.170559,-5486.3306,-193.81226,-5.1832056,-0.85613436,-568.0939,-39.035233,5.1924424,14.757167,1.0072539,-7.061148,14.757183,-0.62,-15.526517,5.4912763,2.615085,4.33896,3.0,4667263.0,0.73744243,18.47162,3.4,10.0,2015.0,3.0,-6.65,1.1724,-17.592396,24.866793,-24.733583,-6.0444603,-4.7436767,-148.31389,-46.158577,25.344477,6.8325715,-2.204295,-4.4640083,6.8325796,-4.3033333,-13.46859,4.606377,2.2751286,4.300167,3.0833333,5472105.0,0.57851833,12.94937,2.2,10.0,2015.0,4.0,-5.8166666,1.1493,-15.517898,-1056.1102,-5.01831,-5.1334496,-4.2990985,24.989708,-29.376444,-27.863295,1.2880883,-1.1734511,-1.228624,1.2880937,-3.5166667,-14.813318,4.778568,2.69379,4.116491,3.5833333,5083765.0,0.889187,19.349485,1.7,10.0,2016.0,1.0,-4.2266665,1.5942333,-14.368056,21.02935,1.4761437,-3.5765352,-3.4466424,-99.98416,0.0072948514,7.8978844,3.8423123,0.20059143,-1.7356648,3.8423278,-2.99,-14.006913,4.3564453,2.5587406,3.997659,3.9166667,5356883.5,0.58390987,13.498427,2.3,10.0,2016.0,2.0,0.9,49,8,27
4.363333,3.388,-1.6104158,19.820498,38.980022,2.6519895,-0.22501834,108.959755,64.69061,-88.69328,5.9762626,9.544758,1.3742813,5.9763694,7.883333,-3.3070087,1.2070279,4.1823134,4.501534,3.0,5208907.0,0.71152866,17.112604,3.0,10.0,2014.0,4.0,-0.48333332,2.0734334,-3.3580298,92.03165,-6.9318266,-1.3661543,-0.73304653,-120.363235,28.016394,49.648304,7.303239,8.864217,0.4339506,7.3033695,0.16666667,-7.4041104,3.5305805,3.0676622,4.30802,3.0,6583526.5,0.6678773,12.261597,2.9,10.0,2015.0,1.0,-3.7766666,0.6868,-8.664502,-47.749874,4.2337775,-2.4287856,-2.5423818,-197.51332,-11.084526,4.7160196,12.525675,2.8114974,-5.15301,12.525762,-1.1766666,-11.162089,4.6962104,2.936582,4.466545,3.0,5319832.0,0.56246936,12.8110075,2.3,10.0,2015.0,2.0,-5.1766667,3.4104667,-20.170559,-5486.3306,-193.81226,-5.1832056,-0.85613436,-568.0939,-39.035233,5.1924424,14.757167,1.0072539,-7.061148,14.757183,-0.62,-15.526517,5.4912763,2.615085,4.33896,3.0,4667263.0,0.73744243,18.47162,3.4,10.0,2015.0,3.0,-6.65,1.1724,-17.592396,24.866793,-24.733583,-6.0444603,-4.7436767,-148.31389,-46.158577,25.344477,6.8325715,-2.204295,-4.4640083,6.8325796,-4.3033333,-13.46859,4.606377,2.2751286,4.300167,3.0833333,5472105.0,0.57851833,12.94937,2.2,10.0,2015.0,4.0,-5.8166666,1.1493,-15.517898,-1056.1102,-5.01831,-5.1334496,-4.2990985,24.989708,-29.376444,-27.863295,1.2880883,-1.1734511,-1.228624,1.2880937,-3.5166667,-14.813318,4.778568,2.69379,4.116491,3.5833333,5083765.0,0.889187,19.349485,1.7,10.0,2016.0,1.0,-4.2266665,1.5942333,-14.368056,21.02935,1.4761437,-3.5765352,-3.4466424,-99.98416,0.0072948514,7.8978844,3.8423123,0.20059143,-1.7356648,3.8423278,-2.99,-14.006913,4.3564453,2.5587406,3.997659,3.9166667,5356883.5,0.58390987,13.498427,2.3,10.0,2016.0,2.0,-0.9033333,-1.4605,-10.856911,101.44783,36.133244,0.2008371,-2.140528,199.65327,202.09476,16.220278,1.5629992,3.8390043,1.3031416,1.5630155,-2.1,-12.048361,5.176868,2.7837393,3.79549,4.4166665,4735623.0,0.5992274,17.595465,0.9,10.0,2016.0,3.0,2.3,50,8,27
-0.48333332,2.0734334,-3.3580298,92.03165,-6.9318266,-1.3661543,-0.73304653,-120.363235,28.016394,49.648304,7.303239,8.864217,0.4339506,7.3033695,0.16666667,-7.4041104,3.5305805,3.0676622,4.30802,3.0,6583526.5,0.6678773,12.261597,2.9,10.0,2015.0,1.0,-3.7766666,0.6868,-8.664502,-47.749874,4.2337775,-2.4287856,-2.5423818,-197.51332,-11.084526,4.7160196,12.525675,2.8114974,-5.15301,12.525762,-1.1766666,-11.162089,4.6962104,2.936582,4.466545,3.0,5319832.0,0.56246936,12.8110075,2.3,10.0,2015.0,2.0,-5.1766667,3.4104667,-20.170559,-5486.3306,-193.81226,-5.1832056,-0.85613436,-568.0939,-39.035233,5.1924424,14.757167,1.0072539,-7.061148,14.757183,-0.62,-15.526517,5.4912763,2.615085,4.33896,3.0,4667263.0,0.73744243,18.47162,3.4,10.0,2015.0,3.0,-6.65,1.1724,-17.592396,24.866793,-24.733583,-6.0444603,-4.7436767,-148.31389,-46.158577,25.344477,6.8325715,-2.204295,-4.4640083,6.8325796,-4.3033333,-13.46859,4.606377,2.2751286,4.300167,3.0833333,5472105.0,0.57851833,12.94937,2.2,10.0,2015.0,4.0,-5.8166666,1.1493,-15.517898,-1056.1102,-5.01831,-5.1334496,-4.2990985,24.989708,-29.376444,-27.863295,1.2880883,-1.1734511,-1.228624,1.2880937,-3.5166667,-14.813318,4.778568,2.69379,4.116491,3.5833333,5083765.0,0.889187,19.349485,1.7,10.0,2016.0,1.0,-4.2266665,1.5942333,-14.368056,21.02935,1.4761437,-3.5765352,-3.4466424,-99.98416,0.0072948514,7.8978844,3.8423123,0.20059143,-1.7356648,3.8423278,-2.99,-14.006913,4.3564453,2.5587406,3.997659,3.9166667,5356883.5,0.58390987,13.498427,2.3,10.0,2016.0,2.0,-0.9033333,-1.4605,-10.856911,101.44783,36.133244,0.2008371,-2.140528,199.65327,202.09476,16.220278,1.5629992,3.8390043,1.3031416,1.5630155,-2.1,-12.048361,5.176868,2.7837393,3.79549,4.4166665,4735623.0,0.5992274,17.595465,0.9,10.0,2016.0,3.0,4.35,0.0233,-14.7931385,-12.0253725,58.464874,6.641139,3.0380518,275.356,80.823395,-15.271253,7.7057,5.078942,-1.008159,7.7054505,1.3833333,-14.6434965,4.910766,3.2430832,3.631397,5.25,5335351.5,0.7503531,14.673697,2.3,10.0,2016.0,4.0,3.4,51,8,27
-3.7766666,0.6868,-8.664502,-47.749874,4.2337775,-2.4287856,-2.5423818,-197.51332,-11.084526,4.7160196,12.525675,2.8114974,-5.15301,12.525762,-1.1766666,-11.162089,4.6962104,2.936582,4.466545,3.0,5319832.0,0.56246936,12.8110075,2.3,10.0,2015.0,2.0,-5.1766667,3.4104667,-20.170559,-5486.3306,-193.81226,-5.1832056,-0.85613436,-568.0939,-39.035233,5.1924424,14.757167,1.0072539,-7.061148,14.757183,-0.62,-15.526517,5.4912763,2.615085,4.33896,3.0,4667263.0,0.73744243,18.47162,3.4,10.0,2015.0,3.0,-6.65,1.1724,-17.592396,24.866793,-24.733583,-6.0444603,-4.7436767,-148.31389,-46.158577,25.344477,6.8325715,-2.204295,-4.4640083,6.8325796,-4.3033333,-13.46859,4.606377,2.2751286,4.300167,3.0833333,5472105.0,0.57851833,12.94937,2.2,10.0,2015.0,4.0,-5.8166666,1.1493,-15.517898,-1056.1102,-5.01831,-5.1334496,-4.2990985,24.989708,-29.376444,-27.863295,1.2880883,-1.1734511,-1.228624,1.2880937,-3.5166667,-14.813318,4.778568,2.69379,4.116491,3.5833333,5083765.0,0.889187,19.349485,1.7,10.0,2016.0,1.0,-4.2266665,1.5942333,-14.368056,21.02935,1.4761437,-3.5765352,-3.4466424,-99.98416,0.0072948514,7.8978844,3.8423123,0.20059143,-1.7356648,3.8423278,-2.99,-14.006913,4.3564453,2.5587406,3.997659,3.9166667,5356883.5,0.58390987,13.498427,2.3,10.0,2016.0,2.0,-0.9033333,-1.4605,-10.856911,101.44783,36.133244,0.2008371,-2.140528,199.65327,202.09476,16.220278,1.5629992,3.8390043,1.3031416,1.5630155,-2.1,-12.048361,5.176868,2.7837393,3.79549,4.4166665,4735623.0,0.5992274,17.595465,0.9,10.0,2016.0,3.0,4.35,0.0233,-14.7931385,-12.0253725,58.464874,6.641139,3.0380518,275.356,80.823395,-15.271253,7.7057,5.078942,-1.008159,7.7054505,1.3833333,-14.6434965,4.910766,3.2430832,3.631397,5.25,5335351.5,0.7503531,14.673697,2.3,10.0,2016.0,4.0,11.106667,2.3358,-4.1335244,102.09452,-31.319475,10.827774,12.675912,8.3225,20.28933,10.026896,-1.2827928,6.334472,3.9049737,-1.2832247,9.463333,-10.506507,2.775926,4.978359,3.450329,6.1666665,6368894.0,0.6359523,10.414879,3.4,10.0,2017.0,1.0,1.5,52,8,27
-5.1766667,3.4104667,-20.170559,-5486.3306,-193.81226,-5.1832056,-0.85613436,-568.0939,-39.035233,5.1924424,14.757167,1.0072539,-7.061148,14.757183,-0.62,-15.526517,5.4912763,2.615085,4.33896,3.0,4667263.0,0.73744243,18.47162,3.4,10.0,2015.0,3.0,-6.65,1.1724,-17.592396,24.866793,-24.733583,-6.0444603,-4.7436767,-148.31389,-46.158577,25.344477,6.8325715,-2.204295,-4.4640083,6.8325796,-4.3033333,-13.46859,4.606377,2.2751286,4.300167,3.0833333,5472105.0,0.57851833,12.94937,2.2,10.0,2015.0,4.0,-5.8166666,1.1493,-15.517898,-1056.1102,-5.01831,-5.1334496,-4.2990985,24.989708,-29.376444,-27.863295,1.2880883,-1.1734511,-1.228624,1.2880937,-3.5166667,-14.813318,4.778568,2.69379,4.116491,3.5833333,5083765.0,0.889187,19.349485,1.7,10.0,2016.0,1.0,-4.2266665,1.5942333,-14.368056,21.02935,1.4761437,-3.5765352,-3.4466424,-99.98416,0.0072948514,7.8978844,3.8423123,0.20059143,-1.7356648,3.8423278,-2.99,-14.006913,4.3564453,2.5587406,3.997659,3.9166667,5356883.5,0.58390987,13.498427,2.3,10.0,2016.0,2.0,-0.9033333,-1.4605,-10.856911,101.44783,36.133244,0.2008371,-2.140528,199.65327,202.09476,16.220278,1.5629992,3.8390043,1.3031416,1.5630155,-2.1,-12.048361,5.176868,2.7837393,3.79549,4.4166665,4735623.0,0.5992274,17.595465,0.9,10.0,2016.0,3.0,4.35,0.0233,-14.7931385,-12.0253725,58.464874,6.641139,3.0380518,275.356,80.823395,-15.271253,7.7057,5.078942,-1.008159,7.7054505,1.3833333,-14.6434965,4.910766,3.2430832,3.631397,5.25,5335351.5,0.7503531,14.673697,2.3,10.0,2016.0,4.0,11.106667,2.3358,-4.1335244,102.09452,-31.319475,10.827774,12.675912,8.3225,20.28933,10.026896,-1.2827928,6.334472,3.9049737,-1.2832247,9.463333,-10.506507,2.775926,4.978359,3.450329,6.1666665,6368894.0,0.6359523,10.414879,3.4,10.0,2017.0,1.0,9.443334,-0.07266667,5.885388,28.644756,63.769897,9.527122,4.9017706,-68.956566,-15.765037,-3.3717425,-10.869614,6.448048,8.520625,-10.870416,6.4666667,-1.4318415,1.4756047,6.0982814,3.489659,6.75,7594474.0,0.7569979,16.50407,1.5,10.0,2017.0,2.0,1.2,53,8,27
-6.65,1.1724,-17.592396,24.866793,-24.733583,-6.0444603,-4.7436767,-148.31389,-46.158577,25.344477,6.8325715,-2.204295,-4.4640083,6.8325796,-4.3033333,-13.46859,4.606377,2.2751286,4.300167,3.0833333,5472105.0,0.57851833,12.94937,2.2,10.0,2015.0,4.0,-5.8166666,1.1493,-15.517898,-1056.1102,-5.01831,-5.1334496,-4.2990985,24.989708,-29.376444,-27.863295,1.2880883,-1.1734511,-1.228624,1.2880937,-3.5166667,-14.813318,4.778568,2.69379,4.116491,3.5833333,5083765.0,0.889187,19.349485,1.7,10.0,2016.0,1.0,-4.2266665,1.5942333,-14.368056,21.02935,1.4761437,-3.5765352,-3.4466424,-99.98416,0.0072948514,7.8978844,3.8423123,0.20059143,-1.7356648,3.8423278,-2.99,-14.006913,4.3564453,2.5587406,3.997659,3.9166667,5356883.5,0.58390987,13.498427,2.3,10.0,2016.0,2.0,-0.9033333,-1.4605,-10.856911,101.44783,36.133244,0.2008371,-2.140528,199.65327,202.09476,16.220278,1.5629992,3.8390043,1.3031416,1.5630155,-2.1,-12.048361,5.176868,2.7837393,3.79549,4.4166665,4735623.0,0.5992274,17.595465,0.9,10.0,2016.0,3.0,4.35,0.0233,-14.7931385,-12.0253725,58.464874,6.641139,3.0380518,275.356,80.823395,-15.271253,7.7057,5.078942,-1.008159,7.7054505,1.3833333,-14.6434965,4.910766,3.2430832,3.631397,5.25,5335351.5,0.7503531,14.673697,2.3,10.0,2016.0,4.0,11.106667,2.3358,-4.1335244,102.09452,-31.319475,10.827774,12.675912,8.3225,20.28933,10.026896,-1.2827928,6.334472,3.9049737,-1.2832247,9.463333,-10.506507,2.775926,4.978359,3.450329,6.1666665,6368894.0,0.6359523,10.414879,3.4,10.0,2017.0,1.0,9.443334,-0.07266667,5.885388,28.644756,63.769897,9.527122,4.9017706,-68.956566,-15.765037,-3.3717425,-10.869614,6.448048,8.520625,-10.870416,6.4666667,-1.4318415,1.4756047,6.0982814,3.489659,6.75,7594474.0,0.7569979,16.50407,1.5,10.0,2017.0,2.0,7.3333335,0.3307,16.977089,-6805.067,-3.9029753,8.4937315,8.300663,-139.50798,-38.331795,1.8060429,-16.713524,4.7949452,10.231993,-16.714449,7.8433332,4.561854,0.11309864,6.4831676,3.290247,7.0,6425366.0,0.64136666,12.291368,1.2,10.0,2017.0,3.0,1.4,54,8,27
-5.8166666,1.1493,-15.517898,-1056.1102,-5.01831,-5.1334496,-4.2990985,24.989708,-29.376444,-27.863295,1.2880883,-1.1734511,-1.228624,1.2880937,-3.5166667,-14.813318,4.778568,2.69379,4.116491,3.5833333,5083765.0,0.889187,19.349485,1.7,10.0,2016.0,1.0,-4.2266665,1.5942333,-14.368056,21.02935,1.4761437,-3.5765352,-3.4466424,-99.98416,0.0072948514,7.8978844,3.8423123,0.20059143,-1.7356648,3.8423278,-2.99,-14.006913,4.3564453,2.5587406,3.997659,3.9166667,5356883.5,0.58390987,13.498427,2.3,10.0,2016.0,2.0,-0.9033333,-1.4605,-10.856911,101.44783,36.133244,0.2008371,-2.140528,199.65327,202.09476,16.220278,1.5629992,3.8390043,1.3031416,1.5630155,-2.1,-12.048361,5.176868,2.7837393,3.79549,4.4166665,4735623.0,0.5992274,17.595465,0.9,10.0,2016.0,3.0,4.35,0.0233,-14.7931385,-12.0253725,58.464874,6.641139,3.0380518,275.356,80.823395,-15.271253,7.7057,5.078942,-1.008159,7.7054505,1.3833333,-14.6434965,4.910766,3.2430832,3.631397,5.25,5335351.5,0.7503531,14.673697,2.3,10.0,2016.0,4.0,11.106667,2.3358,-4.1335244,102.09452,-31.319475,10.827774,12.675912,8.3225,20.28933,10.026896,-1.2827928,6.334472,3.9049737,-1.2832247,9.463333,-10.506507,2.775926,4.978359,3.450329,6.1666665,6368894.0,0.6359523,10.414879,3.4,10.0,2017.0,1.0,9.443334,-0.07266667,5.885388,28.644756,63.769897,9.527122,4.9017706,-68.956566,-15.765037,-3.3717425,-10.869614,6.448048,8.520625,-10.870416,6.4666667,-1.4318415,1.4756047,6.0982814,3.489659,6.75,7594474.0,0.7569979,16.50407,1.5,10.0,2017.0,2.0,7.3333335,0.3307,16.977089,-6805.067,-3.9029753,8.4937315,8.300663,-139.50798,-38.331795,1.8060429,-16.713524,4.7949452,10.231993,-16.714449,7.8433332,4.561854,0.11309864,6.4831676,3.290247,7.0,6425366.0,0.64136666,12.291368,1.2,10.0,2017.0,3.0,10.086667,-0.070366666,17.42911,-40.37598,90.71843,11.853661,9.565425,684.78906,250.49397,7.9976745,-14.821725,6.354709,10.113831,-14.8226795,11.046667,2.4789493,0.74612194,6.593037,3.444878,7.0833335,7719954.5,0.7694208,9.441599,1.4,10.0,2017.0,4.0,1.1,55,8,27
-4.2266665,1.5942333,-14.368056,21.02935,1.4761437,-3.5765352,-3.4466424,-99.98416,0.0072948514,7.8978844,3.8423123,0.20059143,-1.7356648,3.8423278,-2.99,-14.006913,4.3564453,2.5587406,3.997659,3.9166667,5356883.5,0.58390987,13.498427,2.3,10.0,2016.0,2.0,-0.9033333,-1.4605,-10.856911,101.44783,36.133244,0.2008371,-2.140528,199.65327,202.09476,16.220278,1.5629992,3.8390043,1.3031416,1.5630155,-2.1,-12.048361,5.176868,2.7837393,3.79549,4.4166665,4735623.0,0.5992274,17.595465,0.9,10.0,2016.0,3.0,4.35,0.0233,-14.7931385,-12.0253725,58.464874,6.641139,3.0380518,275.356,80.823395,-15.271253,7.7057,5.078942,-1.008159,7.7054505,1.3833333,-14.6434965,4.910766,3.2430832,3.631397,5.25,5335351.5,0.7503531,14.673697,2.3,10.0,2016.0,4.0,11.106667,2.3358,-4.1335244,102.09452,-31.319475,10.827774,12.675912,8.3225,20.28933,10.026896,-1.2827928,6.334472,3.9049737,-1.2832247,9.463333,-10.506507,2.775926,4.978359,3.450329,6.1666665,6368894.0,0.6359523,10.414879,3.4,10.0,2017.0,1.0,9.443334,-0.07266667,5.885388,28.644756,63.769897,9.527122,4.9017706,-68.956566,-15.765037,-3.3717425,-10.869614,6.448048,8.520625,-10.870416,6.4666667,-1.4318415,1.4756047,6.0982814,3.489659,6.75,7594474.0,0.7569979,16.50407,1.5,10.0,2017.0,2.0,7.3333335,0.3307,16.977089,-6805.067,-3.9029753,8.4937315,8.300663,-139.50798,-38.331795,1.8060429,-16.713524,4.7949452,10.231993,-16.714449,7.8433332,4.561854,0.11309864,6.4831676,3.290247,7.0,6425366.0,0.64136666,12.291368,1.2,10.0,2017.0,3.0,10.086667,-0.070366666,17.42911,-40.37598,90.71843,11.853661,9.565425,684.78906,250.49397,7.9976745,-14.821725,6.354709,10.113831,-14.8226795,11.046667,2.4789493,0.74612194,6.593037,3.444878,7.0833335,7719954.5,0.7694208,9.441599,1.4,10.0,2017.0,4.0,11.316667,-1.2258667,15.3643055,-4132.226,9.11635,11.357892,9.205792,9.871815,-4.357817,-6.0057335,-7.3569613,4.4261904,5.801874,-7.3604565,9.96,4.27024,2.9790823,5.306822,3.181018,7.4166665,7375872.5,0.73510635,11.789796,1.1,10.0,2018.0,1.0,2.9,56,8,27
-0.9033333,-1.4605,-10.856911,101.44783,36.133244,0.2008371,-2.140528,199.65327,202.09476,16.220278,1.5629992,3.8390043,1.3031416,1.5630155,-2.1,-12.048361,5.176868,2.7837393,3.79549,4.4166665,4735623.0,0.5992274,17.595465,0.9,10.0,2016.0,3.0,4.35,0.0233,-14.7931385,-12.0253725,58.464874,6.641139,3.0380518,275.356,80.823395,-15.271253,7.7057,5.078942,-1.008159,7.7054505,1.3833333,-14.6434965,4.910766,3.2430832,3.631397,5.25,5335351.5,0.7503531,14.673697,2.3,10.0,2016.0,4.0,11.106667,2.3358,-4.1335244,102.09452,-31.319475,10.827774,12.675912,8.3225,20.28933,10.026896,-1.2827928,6.334472,3.9049737,-1.2832247,9.463333,-10.506507,2.775926,4.978359,3.450329,6.1666665,6368894.0,0.6359523,10.414879,3.4,10.0,2017.0,1.0,9.443334,-0.07266667,5.885388,28.644756,63.769897,9.527122,4.9017706,-68.956566,-15.765037,-3.3717425,-10.869614,6.448048,8.520625,-10.870416,6.4666667,-1.4318415,1.4756047,6.0982814,3.489659,6.75,7594474.0,0.7569979,16.50407,1.5,10.0,2017.0,2.0,7.3333335,0.3307,16.977089,-6805.067,-3.9029753,8.4937315,8.300663,-139.50798,-38.331795,1.8060429,-16.713524,4.7949452,10.231993,-16.714449,7.8433332,4.561854,0.11309864,6.4831676,3.290247,7.0,6425366.0,0.64136666,12.291368,1.2,10.0,2017.0,3.0,10.086667,-0.070366666,17.42911,-40.37598,90.71843,11.853661,9.565425,684.78906,250.49397,7.9976745,-14.821725,6.354709,10.113831,-14.8226795,11.046667,2.4789493,0.74612194,6.593037,3.444878,7.0833335,7719954.5,0.7694208,9.441599,1.4,10.0,2017.0,4.0,11.316667,-1.2258667,15.3643055,-4132.226,9.11635,11.357892,9.205792,9.871815,-4.357817,-6.0057335,-7.3569613,4.4261904,5.801874,-7.3604565,9.96,4.27024,2.9790823,5.306822,3.181018,7.4166665,7375872.5,0.73510635,11.789796,1.1,10.0,2018.0,1.0,11.146667,1.462,-3.2907293,16.889935,-43.266644,12.261069,12.936817,1.5486543,6.505547,4.445458,3.1816924,3.8937805,0.50641197,3.180842,13.566667,-6.3577266,4.9112525,4.567968,3.34995,7.5833335,6998307.5,0.35724056,12.444257,2.9,10.0,2018.0,2.0,2.8,57,8,27
4.35,0.0233,-14.7931385,-12.0253725,58.464874,6.641139,3.0380518,275.356,80.823395,-15.271253,7.7057,5.078942,-1.008159,7.7054505,1.3833333,-14.6434965,4.910766,3.2430832,3.631397,5.25,5335351.5,0.7503531,14.673697,2.3,10.0,2016.0,4.0,11.106667,2.3358,-4.1335244,102.09452,-31.319475,10.827774,12.675912,8.3225,20.28933,10.026896,-1.2827928,6.334472,3.9049737,-1.2832247,9.463333,-10.506507,2.775926,4.978359,3.450329,6.1666665,6368894.0,0.6359523,10.414879,3.4,10.0,2017.0,1.0,9.443334,-0.07266667,5.885388,28.644756,63.769897,9.527122,4.9017706,-68.956566,-15.765037,-3.3717425,-10.869614,6.448048,8.520625,-10.870416,6.4666667,-1.4318415,1.4756047,6.0982814,3.489659,6.75,7594474.0,0.7569979,16.50407,1.5,10.0,2017.0,2.0,7.3333335,0.3307,16.977089,-6805.067,-3.9029753,8.4937315,8.300663,-139.50798,-38.331795,1.8060429,-16.713524,4.7949452,10.231993,-16.714449,7.8433332,4.561854,0.11309864,6.4831676,3.290247,7.0,6425366.0,0.64136666,12.291368,1.2,10.0,2017.0,3.0,10.086667,-0.070366666,17.42911,-40.37598,90.71843,11.853661,9.565425,684.78906,250.49397,7.9976745,-14.821725,6.354709,10.113831,-14.8226795,11.046667,2.4789493,0.74612194,6.593037,3.444878,7.0833335,7719954.5,0.7694208,9.441599,1.4,10.0,2017.0,4.0,11.316667,-1.2258667,15.3643055,-4132.226,9.11635,11.357892,9.205792,9.871815,-4.357817,-6.0057335,-7.3569613,4.4261904,5.801874,-7.3604565,9.96,4.27024,2.9790823,5.306822,3.181018,7.4166665,7375872.5,0.73510635,11.789796,1.1,10.0,2018.0,1.0,11.146667,1.462,-3.2907293,16.889935,-43.266644,12.261069,12.936817,1.5486543,6.505547,4.445458,3.1816924,3.8937805,0.50641197,3.180842,13.566667,-6.3577266,4.9112525,4.567968,3.34995,7.5833335,6998307.5,0.35724056,12.444257,2.9,10.0,2018.0,2.0,11.99,1.3436667,-0.013289002,34.0704,-13.359397,11.697234,11.764299,-0.48994926,5.9501495,5.1095376,-4.1455793,1.6907203,2.876756,-4.1464233,11.013333,-4.8175793,3.5559533,4.9118357,3.251407,7.75,6465160.0,0.64554155,15.30468,2.8,10.0,2018.0,3.0,1.1,58,8,27
11.106667,2.3358,-4.1335244,102.09452,-31.319475,10.827774,12.675912,8.3225,20.28933,10.026896,-1.2827928,6.334472,3.9049737,-1.2832247,9.463333,-10.506507,2.775926,4.978359,3.450329,6.1666665,6368894.0,0.6359523,10.414879,3.4,10.0,2017.0,1.0,9.443334,-0.07266667,5.885388,28.644756,63.769897,9.527122,4.9017706,-68.956566,-15.765037,-3.3717425,-10.869614,6.448048,8.520625,-10.870416,6.4666667,-1.4318415,1.4756047,6.0982814,3.489659,6.75,7594474.0,0.7569979,16.50407,1.5,10.0,2017.0,2.0,7.3333335,0.3307,16.977089,-6805.067,-3.9029753,8.4937315,8.300663,-139.50798,-38.331795,1.8060429,-16.713524,4.7949452,10.231993,-16.714449,7.8433332,4.561854,0.11309864,6.4831676,3.290247,7.0,6425366.0,0.64136666,12.291368,1.2,10.0,2017.0,3.0,10.086667,-0.070366666,17.42911,-40.37598,90.71843,11.853661,9.565425,684.78906,250.49397,7.9976745,-14.821725,6.354709,10.113831,-14.8226795,11.046667,2.4789493,0.74612194,6.593037,3.444878,7.0833335,7719954.5,0.7694208,9.441599,1.4,10.0,2017.0,4.0,11.316667,-1.2258667,15.3643055,-4132.226,9.11635,11.357892,9.205792,9.871815,-4.357817,-6.0057335,-7.3569613,4.4261904,5.801874,-7.3604565,9.96,4.27024,2.9790823,5.306822,3.181018,7.4166665,7375872.5,0.73510635,11.789796,1.1,10.0,2018.0,1.0,11.146667,1.462,-3.2907293,16.889935,-43.266644,12.261069,12.936817,1.5486543,6.505547,4.445458,3.1816924,3.8937805,0.50641197,3.180842,13.566667,-6.3577266,4.9112525,4.567968,3.34995,7.5833335,6998307.5,0.35724056,12.444257,2.9,10.0,2018.0,2.0,11.99,1.3436667,-0.013289002,34.0704,-13.359397,11.697234,11.764299,-0.48994926,5.9501495,5.1095376,-4.1455793,1.6907203,2.876756,-4.1464233,11.013333,-4.8175793,3.5559533,4.9118357,3.251407,7.75,6465160.0,0.64554155,15.30468,2.8,10.0,2018.0,3.0,6.673333,-0.8383333,-9.054233,46.519207,-1535.4307,5.6238484,8.514902,-105.677444,-85.2927,-2.5815473,-4.2479477,-1.732138,1.0364741,-4.2487993,7.616667,-2.3885965,4.5483093,4.8169036,3.364898,8.0,7191896.5,0.71681887,11.232829,1.1,10.0,2018.0,4.0,0.9,59,8,27
9.443334,-0.07266667,5.885388,28.644756,63.769897,9.527122,4.9017706,-68.956566,-15.765037,-3.3717425,-10.869614,6.448048,8.520625,-10.870416,6.4666667,-1.4318415,1.4756047,6.0982814,3.489659,6.75,7594474.0,0.7569979,16.50407,1.5,10.0,2017.0,2.0,7.3333335,0.3307,16.977089,-6805.067,-3.9029753,8.4937315,8.300663,-139.50798,-38.331795,1.8060429,-16.713524,4.7949452,10.231993,-16.714449,7.8433332,4.561854,0.11309864,6.4831676,3.290247,7.0,6425366.0,0.64136666,12.291368,1.2,10.0,2017.0,3.0,10.086667,-0.070366666,17.42911,-40.37598,90.71843,11.853661,9.565425,684.78906,250.49397,7.9976745,-14.821725,6.354709,10.113831,-14.8226795,11.046667,2.4789493,0.74612194,6.593037,3.444878,7.0833335,7719954.5,0.7694208,9.441599,1.4,10.0,2017.0,4.0,11.316667,-1.2258667,15.3643055,-4132.226,9.11635,11.357892,9.205792,9.871815,-4.357817,-6.0057335,-7.3569613,4.4261904,5.801874,-7.3604565,9.96,4.27024,2.9790823,5.306822,3.181018,7.4166665,7375872.5,0.73510635,11.789796,1.1,10.0,2018.0,1.0,11.146667,1.462,-3.2907293,16.889935,-43.266644,12.261069,12.936817,1.5486543,6.505547,4.445458,3.1816924,3.8937805,0.50641197,3.180842,13.566667,-6.3577266,4.9112525,4.567968,3.34995,7.5833335,6998307.5,0.35724056,12.444257,2.9,10.0,2018.0,2.0,11.99,1.3436667,-0.013289002,34.0704,-13.359397,11.697234,11.764299,-0.48994926,5.9501495,5.1095376,-4.1455793,1.6907203,2.876756,-4.1464233,11.013333,-4.8175793,3.5559533,4.9118357,3.251407,7.75,6465160.0,0.64554155,15.30468,2.8,10.0,2018.0,3.0,6.673333,-0.8383333,-9.054233,46.519207,-1535.4307,5.6238484,8.514902,-105.677444,-85.2927,-2.5815473,-4.2479477,-1.732138,1.0364741,-4.2487993,7.616667,-2.3885965,4.5483093,4.8169036,3.364898,8.0,7191896.5,0.71681887,11.232829,1.1,10.0,2018.0,4.0,2.9666667,-0.156,-7.750358,-19.399054,4.8395977,5.0229216,4.1601763,-47.847893,58.31827,55.317795,-3.7603981,-1.3352299,1.0880542,-3.75848,2.7466667,0.7165681,5.255905,4.1033535,3.396297,8.25,6485357.0,0.65113556,10.7564335,0.9,10.0,2019.0,1.0,-1.0,60,8,27
7.3333335,0.3307,16.977089,-6805.067,-3.9029753,8.4937315,8.300663,-139.50798,-38.331795,1.8060429,-16.713524,4.7949452,10.231993,-16.714449,7.8433332,4.561854,0.11309864,6.4831676,3.290247,7.0,6425366.0,0.64136666,12.291368,1.2,10.0,2017.0,3.0,10.086667,-0.070366666,17.42911,-40.37598,90.71843,11.853661,9.565425,684.78906,250.49397,7.9976745,-14.821725,6.354709,10.113831,-14.8226795,11.046667,2.4789493,0.74612194,6.593037,3.444878,7.0833335,7719954.5,0.7694208,9.441599,1.4,10.0,2017.0,4.0,11.316667,-1.2258667,15.3643055,-4132.226,9.11635,11.357892,9.205792,9.871815,-4.357817,-6.0057335,-7.3569613,4.4261904,5.801874,-7.3604565,9.96,4.27024,2.9790823,5.306822,3.181018,7.4166665,7375872.5,0.73510635,11.789796,1.1,10.0,2018.0,1.0,11.146667,1.462,-3.2907293,16.889935,-43.266644,12.261069,12.936817,1.5486543,6.505547,4.445458,3.1816924,3.8937805,0.50641197,3.180842,13.566667,-6.3577266,4.9112525,4.567968,3.34995,7.5833335,6998307.5,0.35724056,12.444257,2.9,10.0,2018.0,2.0,11.99,1.3436667,-0.013289002,34.0704,-13.359397,11.697234,11.764299,-0.48994926,5.9501495,5.1095376,-4.1455793,1.6907203,2.876756,-4.1464233,11.013333,-4.8175793,3.5559533,4.9118357,3.251407,7.75,6465160.0,0.64554155,15.30468,2.8,10.0,2018.0,3.0,6.673333,-0.8383333,-9.054233,46.519207,-1535.4307,5.6238484,8.514902,-105.677444,-85.2927,-2.5815473,-4.2479477,-1.732138,1.0364741,-4.2487993,7.616667,-2.3885965,4.5483093,4.8169036,3.364898,8.0,7191896.5,0.71681887,11.232829,1.1,10.0,2018.0,4.0,2.9666667,-0.156,-7.750358,-19.399054,4.8395977,5.0229216,4.1601763,-47.847893,58.31827,55.317795,-3.7603981,-1.3352299,1.0880542,-3.75848,2.7466667,0.7165681,5.255905,4.1033535,3.396297,8.25,6485357.0,0.65113556,10.7564335,0.9,10.0,2019.0,1.0,4.7066665,-1.9978,-1.8075833,71.72082,230.15096,5.50505,-1.010232,75.42134,30.994612,5.337818,-10.165338,0.3138376,4.85789,-10.165661,-2.1366668,4.262221,3.7724068,4.214198,3.567635,8.25,7478172.0,0.7455503,14.192182,-1.0,10.0,2019.0,2.0,-0.5,61,8,27
10.086667,-0.070366666,17.42911,-40.37598,90.71843,11.853661,9.565425,684.78906,250.49397,7.9976745,-14.821725,6.354709,10.113831,-14.8226795,11.046667,2.4789493,0.74612194,6.593037,3.444878,7.0833335,7719954.5,0.7694208,9.441599,1.4,10.0,2017.0,4.0,11.316667,-1.2258667,15.3643055,-4132.226,9.11635,11.357892,9.205792,9.871815,-4.357817,-6.0057335,-7.3569613,4.4261904,5.801874,-7.3604565,9.96,4.27024,2.9790823,5.306822,3.181018,7.4166665,7375872.5,0.73510635,11.789796,1.1,10.0,2018.0,1.0,11.146667,1.462,-3.2907293,16.889935,-43.266644,12.261069,12.936817,1.5486543,6.505547,4.445458,3.1816924,3.8937805,0.50641197,3.180842,13.566667,-6.3577266,4.9112525,4.567968,3.34995,7.5833335,6998307.5,0.35724056,12.444257,2.9,10.0,2018.0,2.0,11.99,1.3436667,-0.013289002,34.0704,-13.359397,11.697234,11.764299,-0.48994926,5.9501495,5.1095376,-4.1455793,1.6907203,2.876756,-4.1464233,11.013333,-4.8175793,3.5559533,4.9118357,3.251407,7.75,6465160.0,0.64554155,15.30468,2.8,10.0,2018.0,3.0,6.673333,-0.8383333,-9.054233,46.519207,-1535.4307,5.6238484,8.514902,-105.677444,-85.2927,-2.5815473,-4.2479477,-1.732138,1.0364741,-4.2487993,7.616667,-2.3885965,4.5483093,4.8169036,3.364898,8.0,7191896.5,0.71681887,11.232829,1.1,10.0,2018.0,4.0,2.9666667,-0.156,-7.750358,-19.399054,4.8395977,5.0229216,4.1601763,-47.847893,58.31827,55.317795,-3.7603981,-1.3352299,1.0880542,-3.75848,2.7466667,0.7165681,5.255905,4.1033535,3.396297,8.25,6485357.0,0.65113556,10.7564335,0.9,10.0,2019.0,1.0,4.7066665,-1.9978,-1.8075833,71.72082,230.15096,5.50505,-1.010232,75.42134,30.994612,5.337818,-10.165338,0.3138376,4.85789,-10.165661,-2.1366668,4.262221,3.7724068,4.214198,3.567635,8.25,7478172.0,0.7455503,14.192182,-1.0,10.0,2019.0,2.0,2.12,-1.7461,-15.928778,104.20002,95.62664,3.4471576,-0.60734004,51.364624,11.772404,2.4794986,-0.26919496,0.6211132,0.44905514,-0.26920775,-2.01,-1.0626851,4.989378,3.3137636,3.488889,8.0,6562873.5,0.65565306,17.542402,-0.5,10.0,2019.0,3.0,-1.0,62,8,27
-8.775922,2.5833333,-13.176843,-16.926876,-11.643541,-4.706533,-0.36195508,242.47691,113.49556,16.585653,7.4217443,6.0891314,-1.5225041,7.4220614,6.3225374,-10.072125,3.4,6.3520055,5.458901,7.25,11011305.0,0.31081882,3.1666245,2.7211,6.0,2013.0,1.0,-0.020985553,4.2733335,-4.1648064,11.091737,12.51369,3.3010137,-0.22187331,-17.363949,-4.1989403,44.92153,0.9670532,5.555555,2.197285,0.9670418,6.976041,-3.777275,2.5666666,6.564522,5.614351,7.8333335,10436671.0,0.36920035,4.399066,4.0218,6.0,2013.0,2.0,-0.87263453,1.7233334,-12.4879055,-0.7115032,-22.153921,0.394232,4.773527,31.976719,17.974827,-28.775602,1.257045,7.094758,2.7233524,1.2570641,12.855048,-9.901029,5.5,6.0733585,5.37225,8.833333,10910985.0,0.5339182,5.032473,2.759,6.0,2013.0,3.0,-2.450188,0.02,-8.781679,24.91796,31.737799,5.7627177,-4.262691,60.06807,9.813796,-37.492374,8.921722,2.800552,-3.2737117,8.921654,3.4221187,-7.1289835,5.4666667,5.8408585,5.111295,9.833333,11176283.0,0.34598032,4.5140777,2.5288,6.0,2013.0,4.0,-0.9064563,0.033333335,-22.354906,-6.925904,-13.8220005,-4.232762,1.1428514,-13.936541,-17.152624,-24.250929,5.986305,3.4508715,-1.5469815,5.986014,-0.32983455,-11.440222,4.6666665,5.8058248,4.89821,10.666667,11951226.0,0.31742328,3.104505,3.4694,6.0,2014.0,1.0,-1.645884,-4.38,-5.3225746,3.7715735,-16.09428,-5.270334,-1.0974388,-53.51466,4.0451827,126.506134,-16.737019,6.927318,11.8216305,-16.737028,-6.5333047,-3.5158622,4.0666666,6.392564,4.654611,11.0,10213942.0,0.68402225,7.614956,-0.4353,6.0,2014.0,2.0,-2.7755373,-3.8166666,8.695248,-22.782213,-13.895527,0.607102,3.7251363,-58.093327,-27.387175,162.58626,-7.007462,3.438031,5.233891,-7.007436,-0.39663818,4.9315934,-0.46666667,6.587226,4.860005,11.0,11977054.0,0.4467654,5.309993,-0.6388,6.0,2014.0,3.0,-13.831349,-3.5166667,-13.645796,-71.85863,-64.29384,-19.423164,-3.4651976,46.550426,24.321499,-29.262482,2.4864433,8.289811,3.0317283,2.4865599,-8.890487,-3.4981735,1.3,6.5166674,5.008293,11.416667,10473745.0,0.5254338,6.817671,-0.2285,6.0,2014.0,4.0,-1.6194,63,8,27
-0.020985553,4.2733335,-4.1648064,11.091737,12.51369,3.3010137,-0.22187331,-17.363949,-4.1989403,44.92153,0.9670532,5.555555,2.197285,0.9670418,6.976041,-3.777275,2.5666666,6.564522,5.614351,7.8333335,10436671.0,0.36920035,4.399066,4.0218,6.0,2013.0,2.0,-0.87263453,1.7233334,-12.4879055,-0.7115032,-22.153921,0.394232,4.773527,31.976719,17.974827,-28.775602,1.257045,7.094758,2.7233524,1.2570641,12.855048,-9.901029,5.5,6.0733585,5.37225,8.833333,10910985.0,0.5339182,5.032473,2.759,6.0,2013.0,3.0,-2.450188,0.02,-8.781679,24.91796,31.737799,5.7627177,-4.262691,60.06807,9.813796,-37.492374,8.921722,2.800552,-3.2737117,8.921654,3.4221187,-7.1289835,5.4666667,5.8408585,5.111295,9.833333,11176283.0,0.34598032,4.5140777,2.5288,6.0,2013.0,4.0,-0.9064563,0.033333335,-22.354906,-6.925904,-13.8220005,-4.232762,1.1428514,-13.936541,-17.152624,-24.250929,5.986305,3.4508715,-1.5469815,5.986014,-0.32983455,-11.440222,4.6666665,5.8058248,4.89821,10.666667,11951226.0,0.31742328,3.104505,3.4694,6.0,2014.0,1.0,-1.645884,-4.38,-5.3225746,3.7715735,-16.09428,-5.270334,-1.0974388,-53.51466,4.0451827,126.506134,-16.737019,6.927318,11.8216305,-16.737028,-6.5333047,-3.5158622,4.0666666,6.392564,4.654611,11.0,10213942.0,0.68402225,7.614956,-0.4353,6.0,2014.0,2.0,-2.7755373,-3.8166666,8.695248,-22.782213,-13.895527,0.607102,3.7251363,-58.093327,-27.387175,162.58626,-7.007462,3.438031,5.233891,-7.007436,-0.39663818,4.9315934,-0.46666667,6.587226,4.860005,11.0,11977054.0,0.4467654,5.309993,-0.6388,6.0,2014.0,3.0,-13.831349,-3.5166667,-13.645796,-71.85863,-64.29384,-19.423164,-3.4651976,46.550426,24.321499,-29.262482,2.4864433,8.289811,3.0317283,2.4865599,-8.890487,-3.4981735,1.3,6.5166674,5.008293,11.416667,10473745.0,0.5254338,6.817671,-0.2285,6.0,2014.0,4.0,-14.19376,-5.45,-18.873318,7.047481,12.165356,-14.797567,-13.915609,-6.935294,-1.774623,11.166593,25.83945,6.5901804,-9.810463,25.839499,-12.915365,-8.91136,-0.8333333,7.655943,5.672518,12.416667,14300582.0,0.36191693,5.151138,-1.6194,6.0,2015.0,1.0,-2.7404,64,8,27
-0.87263453,1.7233334,-12.4879055,-0.7115032,-22.153921,0.394232,4.773527,31.976719,17.974827,-28.775602,1.257045,7.094758,2.7233524,1.2570641,12.855048,-9.901029,5.5,6.0733585,5.37225,8.833333,10910985.0,0.5339182,5.032473,2.759,6.0,2013.0,3.0,-2.450188,0.02,-8.781679,24.91796,31.737799,5.7627177,-4.262691,60.06807,9.813796,-37.492374,8.921722,2.800552,-3.2737117,8.921654,3.4221187,-7.1289835,5.4666667,5.8408585,5.111295,9.833333,11176283.0,0.34598032,4.5140777,2.5288,6.0,2013.0,4.0,-0.9064563,0.033333335,-22.354906,-6.925904,-13.8220005,-4.232762,1.1428514,-13.936541,-17.152624,-24.250929,5.986305,3.4508715,-1.5469815,5.986014,-0.32983455,-11.440222,4.6666665,5.8058248,4.89821,10.666667,11951226.0,0.31742328,3.104505,3.4694,6.0,2014.0,1.0,-1.645884,-4.38,-5.3225746,3.7715735,-16.09428,-5.270334,-1.0974388,-53.51466,4.0451827,126.506134,-16.737019,6.927318,11.8216305,-16.737028,-6.5333047,-3.5158622,4.0666666,6.392564,4.654611,11.0,10213942.0,0.68402225,7.614956,-0.4353,6.0,2014.0,2.0,-2.7755373,-3.8166666,8.695248,-22.782213,-13.895527,0.607102,3.7251363,-58.093327,-27.387175,162.58626,-7.007462,3.438031,5.233891,-7.007436,-0.39663818,4.9315934,-0.46666667,6.587226,4.860005,11.0,11977054.0,0.4467654,5.309993,-0.6388,6.0,2014.0,3.0,-13.831349,-3.5166667,-13.645796,-71.85863,-64.29384,-19.423164,-3.4651976,46.550426,24.321499,-29.262482,2.4864433,8.289811,3.0317283,2.4865599,-8.890487,-3.4981735,1.3,6.5166674,5.008293,11.416667,10473745.0,0.5254338,6.817671,-0.2285,6.0,2014.0,4.0,-14.19376,-5.45,-18.873318,7.047481,12.165356,-14.797567,-13.915609,-6.935294,-1.774623,11.166593,25.83945,6.5901804,-9.810463,25.839499,-12.915365,-8.91136,-0.8333333,7.655943,5.672518,12.416667,14300582.0,0.36191693,5.151138,-1.6194,6.0,2015.0,1.0,-16.70229,-6.363333,-27.649982,20.215664,33.60686,-16.656586,-20.542763,294.49597,40.9347,-69.77789,25.136019,5.4874015,-10.463028,25.136047,-23.36822,-20.225195,-3.5,8.512954,6.399823,13.416667,9319168.0,0.62012476,6.7710323,-2.7404,6.0,2015.0,2.0,-4.2628,65,8,27
-1.08,-1.9377692,12.054614,109.3982,-12.185971,-0.76789886,0.8388072,298.1056,19.943863,1.5062139,18.622274,-1.6808316,-3.240289,18.62529,-2.2233334,0.92561895,0.0,1.5333333,5.066667,0.75,4014575.8,1.5174668,4.1177907,-0.4,2.0,2013.0,1.0,1.8833333,-0.48459125,24.704596,116.51706,-0.34632227,2.0369434,2.349411,45.205475,17.35422,11.159816,14.687931,0.119690575,-1.0927545,14.687514,1.7533333,1.5604639,1.5,1.5333333,4.966667,0.5833333,354443.38,0.13517839,0.8040738,0.5,2.0,2013.0,2.0,4.63,-0.2573776,27.632513,41.899017,-10.435186,6.252541,8.663361,-99.13121,-10.9051895,42.46021,23.882162,-0.85039115,-2.9437282,23.882404,5.1566668,4.1546926,2.6666667,1.6333333,4.9,0.5,922633.0,0.3501606,1.8792611,0.7,2.0,2013.0,3.0,6.7166667,3.221875,30.881193,22.182838,10.650597,7.813413,7.322926,12.340806,30.739029,17.90907,20.747007,-0.423644,-2.3787892,20.746246,5.133333,3.9311357,1.3666667,1.3666667,4.833333,0.33333334,2901399.5,1.1070974,4.1187615,1.5,2.0,2013.0,4.0,6.0666666,3.053491,25.91298,72.908394,22.153034,6.598029,4.6919103,442.38846,37.47319,-8.36749,29.119287,4.672189,2.3705626,29.118065,7.43,3.454313,1.7666667,1.2333333,4.8,0.25,3304143.8,1.2521586,5.389237,2.9,2.0,2014.0,1.0,6.306667,1.1265316,25.148748,19.761797,6.1174645,8.055866,8.303315,-25.891216,4.3933325,13.141909,36.276665,7.3988533,4.6118927,36.27741,5.633333,3.1607058,2.1666667,1.1,4.733333,0.21666667,367701.9,0.13952751,0.7468877,1.8,2.0,2014.0,2.0,4.826667,0.5433588,7.891026,-28.171223,31.362514,4.4260087,1.2182409,6807.1924,8.36543,-16.714079,21.45348,-0.22242387,-2.564175,21.454056,2.3066666,0.5166417,1.1333333,0.9,4.7,0.11666667,992156.8,0.37505224,1.3031528,1.8,2.0,2014.0,3.0,-3.7166667,0.78332514,-7.2035785,-20.80103,2.1792822,-3.6707528,-4.713454,90.965675,-18.177067,-34.317028,6.180663,-3.0223093,-4.073835,6.1828203,-5.9466667,-1.6157349,1.1666666,0.53333336,4.633333,0.05,3204517.0,1.2546934,4.538185,2.3,2.0,2014.0,4.0,0.8,66,8,27
1.8833333,-0.48459125,24.704596,116.51706,-0.34632227,2.0369434,2.349411,45.205475,17.35422,11.159816,14.687931,0.119690575,-1.0927545,14.687514,1.7533333,1.5604639,1.5,1.5333333,4.966667,0.5833333,354443.38,0.13517839,0.8040738,0.5,2.0,2013.0,2.0,4.63,-0.2573776,27.632513,41.899017,-10.435186,6.252541,8.663361,-99.13121,-10.9051895,42.46021,23.882162,-0.85039115,-2.9437282,23.882404,5.1566668,4.1546926,2.6666667,1.6333333,4.9,0.5,922633.0,0.3501606,1.8792611,0.7,2.0,2013.0,3.0,6.7166667,3.221875,30.881193,22.182838,10.650597,7.813413,7.322926,12.340806,30.739029,17.90907,20.747007,-0.423644,-2.3787892,20.746246,5.133333,3.9311357,1.3666667,1.3666667,4.833333,0.33333334,2901399.5,1.1070974,4.1187615,1.5,2.0,2013.0,4.0,6.0666666,3.053491,25.91298,72.908394,22.153034,6.598029,4.6919103,442.38846,37.47319,-8.36749,29.119287,4.672189,2.3705626,29.118065,7.43,3.454313,1.7666667,1.2333333,4.8,0.25,3304143.8,1.2521586,5.389237,2.9,2.0,2014.0,1.0,6.306667,1.1265316,25.148748,19.761797,6.1174645,8.055866,8.303315,-25.891216,4.3933325,13.141909,36.276665,7.3988533,4.6118927,36.27741,5.633333,3.1607058,2.1666667,1.1,4.733333,0.21666667,367701.9,0.13952751,0.7468877,1.8,2.0,2014.0,2.0,4.826667,0.5433588,7.891026,-28.171223,31.362514,4.4260087,1.2182409,6807.1924,8.36543,-16.714079,21.45348,-0.22242387,-2.564175,21.454056,2.3066666,0.5166417,1.1333333,0.9,4.7,0.11666667,992156.8,0.37505224,1.3031528,1.8,2.0,2014.0,3.0,-3.7166667,0.78332514,-7.2035785,-20.80103,2.1792822,-3.6707528,-4.713454,90.965675,-18.177067,-34.317028,6.180663,-3.0223093,-4.073835,6.1828203,-5.9466667,-1.6157349,1.1666666,0.53333336,4.633333,0.05,3204517.0,1.2546934,4.538185,2.3,2.0,2014.0,4.0,-12.9366665,0.03229919,-4.8274536,-72.35286,2.3009558,-12.650685,-14.788207,-86.12331,2.2460783,61.45846,-12.699213,-8.2785015,-7.7534733,-12.699712,-15.67,-5.8384843,2.6666667,0.033333335,4.5,0.05,3795792.2,1.4350461,4.234095,0.8,2.0,2015.0,1.0,1.6,67,8,27
4.63,-0.2573776,27.632513,41.899017,-10.435186,6.252541,8.663361,-99.13121,-10.9051895,42.46021,23.882162,-0.85039115,-2.9437282,23.882404,5.1566668,4.1546926,2.6666667,1.6333333,4.9,0.5,922633.0,0.3501606,1.8792611,0.7,2.0,2013.0,3.0,6.7166667,3.221875,30.881193,22.182838,10.650597,7.813413,7.322926,12.340806,30.739029,17.90907,20.747007,-0.423644,-2.3787892,20.746246,5.133333,3.9311357,1.3666667,1.3666667,4.833333,0.33333334,2901399.5,1.1070974,4.1187615,1.5,2.0,2013.0,4.0,6.0666666,3.053491,25.91298,72.908394,22.153034,6.598029,4.6919103,442.38846,37.47319,-8.36749,29.119287,4.672189,2.3705626,29.118065,7.43,3.454313,1.7666667,1.2333333,4.8,0.25,3304143.8,1.2521586,5.389237,2.9,2.0,2014.0,1.0,6.306667,1.1265316,25.148748,19.761797,6.1174645,8.055866,8.303315,-25.891216,4.3933325,13.141909,36.276665,7.3988533,4.6118927,36.27741,5.633333,3.1607058,2.1666667,1.1,4.733333,0.21666667,367701.9,0.13952751,0.7468877,1.8,2.0,2014.0,2.0,4.826667,0.5433588,7.891026,-28.171223,31.362514,4.4260087,1.2182409,6807.1924,8.36543,-16.714079,21.45348,-0.22242387,-2.564175,21.454056,2.3066666,0.5166417,1.1333333,0.9,4.7,0.11666667,992156.8,0.37505224,1.3031528,1.8,2.0,2014.0,3.0,-3.7166667,0.78332514,-7.2035785,-20.80103,2.1792822,-3.6707528,-4.713454,90.965675,-18.177067,-34.317028,6.180663,-3.0223093,-4.073835,6.1828203,-5.9466667,-1.6157349,1.1666666,0.53333336,4.633333,0.05,3204517.0,1.2546934,4.538185,2.3,2.0,2014.0,4.0,-12.9366665,0.03229919,-4.8274536,-72.35286,2.3009558,-12.650685,-14.788207,-86.12331,2.2460783,61.45846,-12.699213,-8.2785015,-7.7534733,-12.699712,-15.67,-5.8384843,2.6666667,0.033333335,4.5,0.05,3795792.2,1.4350461,4.234095,0.8,2.0,2015.0,1.0,-12.353333,1.761866,-7.4424443,-16.053236,8.944029,-12.329172,-14.990012,79.77139,5.80382,-8.228103,-0.2638245,-10.926941,-12.267506,-0.2636889,-15.463333,-6.8332148,2.6,1.0333333,4.4,0.05,0.0,0.0,0.0,1.6,2.0,2015.0,2.0,1.5,68,8,27
6.7166667,3.221875,30.881193,22.182838,10.650597,7.813413,7.322926,12.340806,30.739029,17.90907,20.747007,-0.423644,-2.3787892,20.746246,5.133333,3.9311357,1.3666667,1.3666667,4.833333,0.33333334,2901399.5,1.1070974,4.1187615,1.5,2.0,2013.0,4.0,6.0666666,3.053491,25.91298,72.908394,22.153034,6.598029,4.6919103,442.38846,37.47319,-8.36749,29.119287,4.672189,2.3705626,29.118065,7.43,3.454313,1.7666667,1.2333333,4.8,0.25,3304143.8,1.2521586,5.389237,2.9,2.0,2014.0,1.0,6.306667,1.1265316,25.148748,19.761797,6.1174645,8.055866,8.303315,-25.891216,4.3933325,13.141909,36.276665,7.3988533,4.6118927,36.27741,5.633333,3.1607058,2.1666667,1.1,4.733333,0.21666667,367701.9,0.13952751,0.7468877,1.8,2.0,2014.0,2.0,4.826667,0.5433588,7.891026,-28.171223,31.362514,4.4260087,1.2182409,6807.1924,8.36543,-16.714079,21.45348,-0.22242387,-2.564175,21.454056,2.3066666,0.5166417,1.1333333,0.9,4.7,0.11666667,992156.8,0.37505224,1.3031528,1.8,2.0,2014.0,3.0,-3.7166667,0.78332514,-7.2035785,-20.80103,2.1792822,-3.6707528,-4.713454,90.965675,-18.177067,-34.317028,6.180663,-3.0223093,-4.073835,6.1828203,-5.9466667,-1.6157349,1.1666666,0.53333336,4.633333,0.05,3204517.0,1.2546934,4.538185,2.3,2.0,2014.0,4.0,-12.9366665,0.03229919,-4.8274536,-72.35286,2.3009558,-12.650685,-14.788207,-86.12331,2.2460783,61.45846,-12.699213,-8.2785015,-7.7534733,-12.699712,-15.67,-5.8384843,2.6666667,0.033333335,4.5,0.05,3795792.2,1.4350461,4.234095,0.8,2.0,2015.0,1.0,-12.353333,1.761866,-7.4424443,-16.053236,8.944029,-12.329172,-14.990012,79.77139,5.80382,-8.228103,-0.2638245,-10.926941,-12.267506,-0.2636889,-15.463333,-6.8332148,2.6,1.0333333,4.4,0.05,0.0,0.0,0.0,1.6,2.0,2015.0,2.0,-11.526667,1.6407657,-5.204024,49.716896,4.4774523,-10.8926525,-13.267653,-13.264505,12.69701,20.639288,5.357441,-6.230368,-7.790803,5.357411,-11.696667,-3.9574444,4.4,0.7,4.3,0.05,923350.7,0.35535643,1.4386554,1.5,2.0,2015.0,3.0,1.1,69,8,27
6.0666666,3.053491,25.91298,72.908394,22.153034,6.598029,4.6919103,442.38846,37.47319,-8.36749,29.119287,4.672189,2.3705626,29.118065,7.43,3.454313,1.7666667,1.2333333,4.8,0.25,3304143.8,1.2521586,5.389237,2.9,2.0,2014.0,1.0,6.306667,1.1265316,25.148748,19.761797,6.1174645,8.055866,8.303315,-25.891216,4.3933325,13.141909,36.276665,7.3988533,4.6118927,36.27741,5.633333,3.1607058,2.1666667,1.1,4.733333,0.21666667,367701.9,0.13952751,0.7468877,1.8,2.0,2014.0,2.0,4.826667,0.5433588,7.891026,-28.171223,31.362514,4.4260087,1.2182409,6807.1924,8.36543,-16.714079,21.45348,-0.22242387,-2.564175,21.454056,2.3066666,0.5166417,1.1333333,0.9,4.7,0.11666667,992156.8,0.37505224,1.3031528,1.8,2.0,2014.0,3.0,-3.7166667,0.78332514,-7.2035785,-20.80103,2.1792822,-3.6707528,-4.713454,90.965675,-18.177067,-34.317028,6.180663,-3.0223093,-4.073835,6.1828203,-5.9466667,-1.6157349,1.1666666,0.53333336,4.633333,0.05,3204517.0,1.2546934,4.538185,2.3,2.0,2014.0,4.0,-12.9366665,0.03229919,-4.8274536,-72.35286,2.3009558,-12.650685,-14.788207,-86.12331,2.2460783,61.45846,-12.699213,-8.2785015,-7.7534733,-12.699712,-15.67,-5.8384843,2.6666667,0.033333335,4.5,0.05,3795792.2,1.4350461,4.234095,0.8,2.0,2015.0,1.0,-12.353333,1.761866,-7.4424443,-16.053236,8.944029,-12.329172,-14.990012,79.77139,5.80382,-8.228103,-0.2638245,-10.926941,-12.267506,-0.2636889,-15.463333,-6.8332148,2.6,1.0333333,4.4,0.05,0.0,0.0,0.0,1.6,2.0,2015.0,2.0,-11.526667,1.6407657,-5.204024,49.716896,4.4774523,-10.8926525,-13.267653,-13.264505,12.69701,20.639288,5.357441,-6.230368,-7.790803,5.357411,-11.696667,-3.9574444,4.4,0.7,4.3,0.05,923350.7,0.35535643,1.4386554,1.5,2.0,2015.0,3.0,-8.3,-0.09076546,-1.0375271,0.74338794,-1.683566,-7.8283734,-9.002841,-958.8413,-0.38046205,28.874596,10.168429,-7.630303,-9.880833,10.167965,-8.536667,-2.873249,5.1666665,0.46666667,4.233333,0.05,2952116.2,1.1170461,5.010542,1.1,2.0,2015.0,4.0,2.5,70,8,27
6.306667,1.1265316,25.148748,19.761797,6.1174645,8.055866,8.303315,-25.891216,4.3933325,13.141909,36.276665,7.3988533,4.6118927,36.27741,5.633333,3.1607058,2.1666667,1.1,4.733333,0.21666667,367701.9,0.13952751,0.7468877,1.8,2.0,2014.0,2.0,4.826667,0.5433588,7.891026,-28.171223,31.362514,4.4260087,1.2182409,6807.1924,8.36543,-16.714079,21.45348,-0.22242387,-2.564175,21.454056,2.3066666,0.5166417,1.1333333,0.9,4.7,0.11666667,992156.8,0.37505224,1.3031528,1.8,2.0,2014.0,3.0,-3.7166667,0.78332514,-7.2035785,-20.80103,2.1792822,-3.6707528,-4.713454,90.965675,-18.177067,-34.317028,6.180663,-3.0223093,-4.073835,6.1828203,-5.9466667,-1.6157349,1.1666666,0.53333336,4.633333,0.05,3204517.0,1.2546934,4.538185,2.3,2.0,2014.0,4.0,-12.9366665,0.03229919,-4.8274536,-72.35286,2.3009558,-12.650685,-14.788207,-86.12331,2.2460783,61.45846,-12.699213,-8.2785015,-7.7534733,-12.699712,-15.67,-5.8384843,2.6666667,0.033333335,4.5,0.05,3795792.2,1.4350461,4.234095,0.8,2.0,2015.0,1.0,-12.353333,1.761866,-7.4424443,-16.053236,8.944029,-12.329172,-14.990012,79.77139,5.80382,-8.228103,-0.2638245,-10.926941,-12.267506,-0.2636889,-15.463333,-6.8332148,2.6,1.0333333,4.4,0.05,0.0,0.0,0.0,1.6,2.0,2015.0,2.0,-11.526667,1.6407657,-5.204024,49.716896,4.4774523,-10.8926525,-13.267653,-13.264505,12.69701,20.639288,5.357441,-6.230368,-7.790803,5.357411,-11.696667,-3.9574444,4.4,0.7,4.3,0.05,923350.7,0.35535643,1.4386554,1.5,2.0,2015.0,3.0,-8.3,-0.09076546,-1.0375271,0.74338794,-1.683566,-7.8283734,-9.002841,-958.8413,-0.38046205,28.874596,10.168429,-7.630303,-9.880833,10.167965,-8.536667,-2.873249,5.1666665,0.46666667,4.233333,0.05,2952116.2,1.1170461,5.010542,1.1,2.0,2015.0,4.0,-1.75,1.6263162,-13.216666,38.76361,10.548515,-1.1068604,-3.10782,-268.60483,11.148206,27.250063,36.18989,3.0585206,-0.6649873,36.190353,-1.6333333,1.9160128,3.3,0.26666668,4.133333,0.033333335,3306374.5,1.2545124,4.009963,2.5,2.0,2016.0,1.0,2.2,71,8,27
4.826667,0.5433588,7.891026,-28.171223,31.362514,4.4260087,1.2182409,6807.1924,8.36543,-16.714079,21.45348,-0.22242387,-2.564175,21.454056,2.3066666,0.5166417,1.1333333,0.9,4.7,0.11666667,992156.8,0.37505224,1.3031528,1.8,2.0,2014.0,3.0,-3.7166667,0.78332514,-7.2035785,-20.80103,2.1792822,-3.6707528,-4.713454,90.965675,-18.177067,-34.317028,6.180663,-3.0223093,-4.073835,6.1828203,-5.9466667,-1.6157349,1.1666666,0.53333336,4.633333,0.05,3204517.0,1.2546934,4.538185,2.3,2.0,2014.0,4.0,-12.9366665,0.03229919,-4.8274536,-72.35286,2.3009558,-12.650685,-14.788207,-86.12331,2.2460783,61.45846,-12.699213,-8.2785015,-7.7534733,-12.699712,-15.67,-5.8384843,2.6666667,0.033333335,4.5,0.05,3795792.2,1.4350461,4.234095,0.8,2.0,2015.0,1.0,-12.353333,1.761866,-7.4424443,-16.053236,8.944029,-12.329172,-14.990012,79.77139,5.80382,-8.228103,-0.2638245,-10.926941,-12.267506,-0.2636889,-15.463333,-6.8332148,2.6,1.0333333,4.4,0.05,0.0,0.0,0.0,1.6,2.0,2015.0,2.0,-11.526667,1.6407657,-5.204024,49.716896,4.4774523,-10.8926525,-13.267653,-13.264505,12.69701,20.639288,5.357441,-6.230368,-7.790803,5.357411,-11.696667,-3.9574444,4.4,0.7,4.3,0.05,923350.7,0.35535643,1.4386554,1.5,2.0,2015.0,3.0,-8.3,-0.09076546,-1.0375271,0.74338794,-1.683566,-7.8283734,-9.002841,-958.8413,-0.38046205,28.874596,10.168429,-7.630303,-9.880833,10.167965,-8.536667,-2.873249,5.1666665,0.46666667,4.233333,0.05,2952116.2,1.1170461,5.010542,1.1,2.0,2015.0,4.0,-1.75,1.6263162,-13.216666,38.76361,10.548515,-1.1068604,-3.10782,-268.60483,11.148206,27.250063,36.18989,3.0585206,-0.6649873,36.190353,-1.6333333,1.9160128,3.3,0.26666668,4.133333,0.033333335,3306374.5,1.2545124,4.009963,2.5,2.0,2016.0,1.0,4.3566666,0.0005853454,-10.361675,10.493434,21.81293,5.0061593,2.3118446,6.9586887,45.049522,59.187775,19.710865,4.5432296,2.375302,19.712114,2.3733332,3.4640312,3.4,0.13333334,4.0,0.0,375517.12,0.14356485,0.75069016,2.2,2.0,2016.0,2.0,2.0,72,8,27
-3.7166667,0.78332514,-7.2035785,-20.80103,2.1792822,-3.6707528,-4.713454,90.965675,-18.177067,-34.317028,6.180663,-3.0223093,-4.073835,6.1828203,-5.9466667,-1.6157349,1.1666666,0.53333336,4.633333,0.05,3204517.0,1.2546934,4.538185,2.3,2.0,2014.0,4.0,-12.9366665,0.03229919,-4.8274536,-72.35286,2.3009558,-12.650685,-14.788207,-86.12331,2.2460783,61.45846,-12.699213,-8.2785015,-7.7534733,-12.699712,-15.67,-5.8384843,2.6666667,0.033333335,4.5,0.05,3795792.2,1.4350461,4.234095,0.8,2.0,2015.0,1.0,-12.353333,1.761866,-7.4424443,-16.053236,8.944029,-12.329172,-14.990012,79.77139,5.80382,-8.228103,-0.2638245,-10.926941,-12.267506,-0.2636889,-15.463333,-6.8332148,2.6,1.0333333,4.4,0.05,0.0,0.0,0.0,1.6,2.0,2015.0,2.0,-11.526667,1.6407657,-5.204024,49.716896,4.4774523,-10.8926525,-13.267653,-13.264505,12.69701,20.639288,5.357441,-6.230368,-7.790803,5.357411,-11.696667,-3.9574444,4.4,0.7,4.3,0.05,923350.7,0.35535643,1.4386554,1.5,2.0,2015.0,3.0,-8.3,-0.09076546,-1.0375271,0.74338794,-1.683566,-7.8283734,-9.002841,-958.8413,-0.38046205,28.874596,10.168429,-7.630303,-9.880833,10.167965,-8.536667,-2.873249,5.1666665,0.46666667,4.233333,0.05,2952116.2,1.1170461,5.010542,1.1,2.0,2015.0,4.0,-1.75,1.6263162,-13.216666,38.76361,10.548515,-1.1068604,-3.10782,-268.60483,11.148206,27.250063,36.18989,3.0585206,-0.6649873,36.190353,-1.6333333,1.9160128,3.3,0.26666668,4.133333,0.033333335,3306374.5,1.2545124,4.009963,2.5,2.0,2016.0,1.0,4.3566666,0.0005853454,-10.361675,10.493434,21.81293,5.0061593,2.3118446,6.9586887,45.049522,59.187775,19.710865,4.5432296,2.375302,19.712114,2.3733332,3.4640312,3.4,0.13333334,4.0,0.0,375517.12,0.14356485,0.75069016,2.2,2.0,2016.0,2.0,0.19,0.53406215,0.07861453,-10.330651,-6.5513163,1.1839932,2.6239636,-97.44082,4.231395,26.594154,10.671387,4.7598743,3.8503225,10.671286,-0.48,1.6127657,1.5666667,0.46666667,3.866667,0.0,982919.44,0.3843338,1.4555916,2.0,2.0,2016.0,3.0,1.9,73,8,27
-12.9366665,0.03229919,-4.8274536,-72.35286,2.3009558,-12.650685,-14.788207,-86.12331,2.2460783,61.45846,-12.699213,-8.2785015,-7.7534733,-12.699712,-15.67,-5.8384843,2.6666667,0.033333335,4.5,0.05,3795792.2,1.4350461,4.234095,0.8,2.0,2015.0,1.0,-12.353333,1.761866,-7.4424443,-16.053236,8.944029,-12.329172,-14.990012,79.77139,5.80382,-8.228103,-0.2638245,-10.926941,-12.267506,-0.2636889,-15.463333,-6.8332148,2.6,1.0333333,4.4,0.05,0.0,0.0,0.0,1.6,2.0,2015.0,2.0,-11.526667,1.6407657,-5.204024,49.716896,4.4774523,-10.8926525,-13.267653,-13.264505,12.69701,20.639288,5.357441,-6.230368,-7.790803,5.357411,-11.696667,-3.9574444,4.4,0.7,4.3,0.05,923350.7,0.35535643,1.4386554,1.5,2.0,2015.0,3.0,-8.3,-0.09076546,-1.0375271,0.74338794,-1.683566,-7.8283734,-9.002841,-958.8413,-0.38046205,28.874596,10.168429,-7.630303,-9.880833,10.167965,-8.536667,-2.873249,5.1666665,0.46666667,4.233333,0.05,2952116.2,1.1170461,5.010542,1.1,2.0,2015.0,4.0,-1.75,1.6263162,-13.216666,38.76361,10.548515,-1.1068604,-3.10782,-268.60483,11.148206,27.250063,36.18989,3.0585206,-0.6649873,36.190353,-1.6333333,1.9160128,3.3,0.26666668,4.133333,0.033333335,3306374.5,1.2545124,4.009963,2.5,2.0,2016.0,1.0,4.3566666,0.0005853454,-10.361675,10.493434,21.81293,5.0061593,2.3118446,6.9586887,45.049522,59.187775,19.710865,4.5432296,2.375302,19.712114,2.3733332,3.4640312,3.4,0.13333334,4.0,0.0,375517.12,0.14356485,0.75069016,2.2,2.0,2016.0,2.0,0.19,0.53406215,0.07861453,-10.330651,-6.5513163,1.1839932,2.6239636,-97.44082,4.231395,26.594154,10.671387,4.7598743,3.8503225,10.671286,-0.48,1.6127657,1.5666667,0.46666667,3.866667,0.0,982919.44,0.3843338,1.4555916,2.0,2.0,2016.0,3.0,0.63,1.1309439,-2.7968516,18.850882,-6.987942,0.5681779,2.128556,187.4787,39.866432,-17.101591,13.528125,1.5923548,-0.25267947,13.528367,1.68,1.2893765,3.4333334,0.93333334,3.733333,0.0,3030520.2,1.145563,3.890073,1.9,2.0,2016.0,4.0,2.3,74,8,27
-12.353333,1.761866,-7.4424443,-16.053236,8.944029,-12.329172,-14.990012,79.77139,5.80382,-8.228103,-0.2638245,-10.926941,-12.267506,-0.2636889,-15.463333,-6.8332148,2.6,1.0333333,4.4,0.05,0.0,0.0,0.0,1.6,2.0,2015.0,2.0,-11.526667,1.6407657,-5.204024,49.716896,4.4774523,-10.8926525,-13.267653,-13.264505,12.69701,20.639288,5.357441,-6.230368,-7.790803,5.357411,-11.696667,-3.9574444,4.4,0.7,4.3,0.05,923350.7,0.35535643,1.4386554,1.5,2.0,2015.0,3.0,-8.3,-0.09076546,-1.0375271,0.74338794,-1.683566,-7.8283734,-9.002841,-958.8413,-0.38046205,28.874596,10.168429,-7.630303,-9.880833,10.167965,-8.536667,-2.873249,5.1666665,0.46666667,4.233333,0.05,2952116.2,1.1170461,5.010542,1.1,2.0,2015.0,4.0,-1.75,1.6263162,-13.216666,38.76361,10.548515,-1.1068604,-3.10782,-268.60483,11.148206,27.250063,36.18989,3.0585206,-0.6649873,36.190353,-1.6333333,1.9160128,3.3,0.26666668,4.133333,0.033333335,3306374.5,1.2545124,4.009963,2.5,2.0,2016.0,1.0,4.3566666,0.0005853454,-10.361675,10.493434,21.81293,5.0061593,2.3118446,6.9586887,45.049522,59.187775,19.710865,4.5432296,2.375302,19.712114,2.3733332,3.4640312,3.4,0.13333334,4.0,0.0,375517.12,0.14356485,0.75069016,2.2,2.0,2016.0,2.0,0.19,0.53406215,0.07861453,-10.330651,-6.5513163,1.1839932,2.6239636,-97.44082,4.231395,26.594154,10.671387,4.7598743,3.8503225,10.671286,-0.48,1.6127657,1.5666667,0.46666667,3.866667,0.0,982919.44,0.3843338,1.4555916,2.0,2.0,2016.0,3.0,0.63,1.1309439,-2.7968516,18.850882,-6.987942,0.5681779,2.128556,187.4787,39.866432,-17.101591,13.528125,1.5923548,-0.25267947,13.528367,1.68,1.2893765,3.4333334,0.93333334,3.733333,0.0,3030520.2,1.145563,3.890073,1.9,2.0,2016.0,4.0,5.0733333,0.5445696,14.004546,127.784424,-2.881856,4.057768,5.416867,134.4865,-12.2634735,-21.572704,23.068605,0.18913192,-3.3361354,23.068354,6.0466666,-0.5545897,4.4666667,1.6,3.7,0.0,3969459.5,1.500569,4.418187,2.3,2.0,2017.0,1.0,2.7,75,8,27
-11.526667,1.6407657,-5.204024,49.716896,4.4774523,-10.8926525,-13.267653,-13.264505,12.69701,20.639288,5.357441,-6.230368,-7.790803,5.357411,-11.696667,-3.9574444,4.4,0.7,4.3,0.05,923350.7,0.35535643,1.4386554,1.5,2.0,2015.0,3.0,-8.3,-0.09076546,-1.0375271,0.74338794,-1.683566,-7.8283734,-9.002841,-958.8413,-0.38046205,28.874596,10.168429,-7.630303,-9.880833,10.167965,-8.536667,-2.873249,5.1666665,0.46666667,4.233333,0.05,2952116.2,1.1170461,5.010542,1.1,2.0,2015.0,4.0,-1.75,1.6263162,-13.216666,38.76361,10.548515,-1.1068604,-3.10782,-268.60483,11.148206,27.250063,36.18989,3.0585206,-0.6649873,36.190353,-1.6333333,1.9160128,3.3,0.26666668,4.133333,0.033333335,3306374.5,1.2545124,4.009963,2.5,2.0,2016.0,1.0,4.3566666,0.0005853454,-10.361675,10.493434,21.81293,5.0061593,2.3118446,6.9586887,45.049522,59.187775,19.710865,4.5432296,2.375302,19.712114,2.3733332,3.4640312,3.4,0.13333334,4.0,0.0,375517.12,0.14356485,0.75069016,2.2,2.0,2016.0,2.0,0.19,0.53406215,0.07861453,-10.330651,-6.5513163,1.1839932,2.6239636,-97.44082,4.231395,26.594154,10.671387,4.7598743,3.8503225,10.671286,-0.48,1.6127657,1.5666667,0.46666667,3.866667,0.0,982919.44,0.3843338,1.4555916,2.0,2.0,2016.0,3.0,0.63,1.1309439,-2.7968516,18.850882,-6.987942,0.5681779,2.128556,187.4787,39.866432,-17.101591,13.528125,1.5923548,-0.25267947,13.528367,1.68,1.2893765,3.4333334,0.93333334,3.733333,0.0,3030520.2,1.145563,3.890073,1.9,2.0,2016.0,4.0,5.0733333,0.5445696,14.004546,127.784424,-2.881856,4.057768,5.416867,134.4865,-12.2634735,-21.572704,23.068605,0.18913192,-3.3361354,23.068354,6.0466666,-0.5545897,4.4666667,1.6,3.7,0.0,3969459.5,1.500569,4.418187,2.3,2.0,2017.0,1.0,1.42,2.9245198,22.318293,-5.435878,-29.454014,1.1601046,7.002747,-120.426,-33.76707,-12.084681,21.690115,5.1932344,2.4364386,21.68893,5.38,-0.10825481,4.866667,1.4333333,3.6,0.0,584449.75,0.2209223,1.0253148,2.7,2.0,2017.0,2.0,3.2,76,8,27
-8.3,-0.09076546,-1.0375271,0.74338794,-1.683566,-7.8283734,-9.002841,-958.8413,-0.38046205,28.874596,10.168429,-7.630303,-9.880833,10.167965,-8.536667,-2.873249,5.1666665,0.46666667,4.233333,0.05,2952116.2,1.1170461,5.010542,1.1,2.0,2015.0,4.0,-1.75,1.6263162,-13.216666,38.76361,10.548515,-1.1068604,-3.10782,-268.60483,11.148206,27.250063,36.18989,3.0585206,-0.6649873,36.190353,-1.6333333,1.9160128,3.3,0.26666668,4.133333,0.033333335,3306374.5,1.2545124,4.009963,2.5,2.0,2016.0,1.0,4.3566666,0.0005853454,-10.361675,10.493434,21.81293,5.0061593,2.3118446,6.9586887,45.049522,59.187775,19.710865,4.5432296,2.375302,19.712114,2.3733332,3.4640312,3.4,0.13333334,4.0,0.0,375517.12,0.14356485,0.75069016,2.2,2.0,2016.0,2.0,0.19,0.53406215,0.07861453,-10.330651,-6.5513163,1.1839932,2.6239636,-97.44082,4.231395,26.594154,10.671387,4.7598743,3.8503225,10.671286,-0.48,1.6127657,1.5666667,0.46666667,3.866667,0.0,982919.44,0.3843338,1.4555916,2.0,2.0,2016.0,3.0,0.63,1.1309439,-2.7968516,18.850882,-6.987942,0.5681779,2.128556,187.4787,39.866432,-17.101591,13.528125,1.5923548,-0.25267947,13.528367,1.68,1.2893765,3.4333334,0.93333334,3.733333,0.0,3030520.2,1.145563,3.890073,1.9,2.0,2016.0,4.0,5.0733333,0.5445696,14.004546,127.784424,-2.881856,4.057768,5.416867,134.4865,-12.2634735,-21.572704,23.068605,0.18913192,-3.3361354,23.068354,6.0466666,-0.5545897,4.4666667,1.6,3.7,0.0,3969459.5,1.500569,4.418187,2.3,2.0,2017.0,1.0,1.42,2.9245198,22.318293,-5.435878,-29.454014,1.1601046,7.002747,-120.426,-33.76707,-12.084681,21.690115,5.1932344,2.4364386,21.68893,5.38,-0.10825481,4.866667,1.4333333,3.6,0.0,584449.75,0.2209223,1.0253148,2.7,2.0,2017.0,2.0,11.966666,4.2461834,25.10382,-11.804802,8.104298,11.149402,11.665583,2366.7598,23.888517,13.471126,28.326141,8.30024,5.0166245,28.326,13.016666,2.3741813,5.1666665,1.6,3.5,0.0,1205239.0,0.45562994,2.5857925,3.2,2.0,2017.0,3.0,3.8,77,8,27
-1.75,1.6263162,-13.216666,38.76361,10.548515,-1.1068604,-3.10782,-268.60483,11.148206,27.250063,36.18989,3.0585206,-0.6649873,36.190353,-1.6333333,1.9160128,3.3,0.26666668,4.133333,0.033333335,3306374.5,1.2545124,4.009963,2.5,2.0,2016.0,1.0,4.3566666,0.0005853454,-10.361675,10.493434,21.81293,5.0061593,2.3118446,6.9586887,45.049522,59.187775,19.710865,4.5432296,2.375302,19.712114,2.3733332,3.4640312,3.4,0.13333334,4.0,0.0,375517.12,0.14356485,0.75069016,2.2,2.0,2016.0,2.0,0.19,0.53406215,0.07861453,-10.330651,-6.5513163,1.1839932,2.6239636,-97.44082,4.231395,26.594154,10.671387,4.7598743,3.8503225,10.671286,-0.48,1.6127657,1.5666667,0.46666667,3.866667,0.0,982919.44,0.3843338,1.4555916,2.0,2.0,2016.0,3.0,0.63,1.1309439,-2.7968516,18.850882,-6.987942,0.5681779,2.128556,187.4787,39.866432,-17.101591,13.528125,1.5923548,-0.25267947,13.528367,1.68,1.2893765,3.4333334,0.93333334,3.733333,0.0,3030520.2,1.145563,3.890073,1.9,2.0,2016.0,4.0,5.0733333,0.5445696,14.004546,127.784424,-2.881856,4.057768,5.416867,134.4865,-12.2634735,-21.572704,23.068605,0.18913192,-3.3361354,23.068354,6.0466666,-0.5545897,4.4666667,1.6,3.7,0.0,3969459.5,1.500569,4.418187,2.3,2.0,2017.0,1.0,1.42,2.9245198,22.318293,-5.435878,-29.454014,1.1601046,7.002747,-120.426,-33.76707,-12.084681,21.690115,5.1932344,2.4364386,21.68893,5.38,-0.10825481,4.866667,1.4333333,3.6,0.0,584449.75,0.2209223,1.0253148,2.7,2.0,2017.0,2.0,11.966666,4.2461834,25.10382,-11.804802,8.104298,11.149402,11.665583,2366.7598,23.888517,13.471126,28.326141,8.30024,5.0166245,28.326,13.016666,2.3741813,5.1666665,1.6,3.5,0.0,1205239.0,0.45562994,2.5857925,3.2,2.0,2017.0,3.0,15.856667,4.902247,33.83977,-8.802599,14.143626,14.645183,14.739803,-284.68478,-5.6396,68.146774,33.796116,17.309134,14.408605,33.795643,16.513334,2.9638622,2.8333333,1.4666667,3.433333,0.0,3371575.0,1.2743822,3.7713351,3.8,2.0,2017.0,4.0,1.9,78,8,27
4.3566666,0.0005853454,-10.361675,10.493434,21.81293,5.0061593,2.3118446,6.9586887,45.049522,59.187775,19.710865,4.5432296,2.375302,19.712114,2.3733332,3.4640312,3.4,0.13333334,4.0,0.0,375517.12,0.14356485,0.75069016,2.2,2.0,2016.0,2.0,0.19,0.53406215,0.07861453,-10.330651,-6.5513163,1.1839932,2.6239636,-97.44082,4.231395,26.594154,10.671387,4.7598743,3.8503225,10.671286,-0.48,1.6127657,1.5666667,0.46666667,3.866667,0.0,982919.44,0.3843338,1.4555916,2.0,2.0,2016.0,3.0,0.63,1.1309439,-2.7968516,18.850882,-6.987942,0.5681779,2.128556,187.4787,39.866432,-17.101591,13.528125,1.5923548,-0.25267947,13.528367,1.68,1.2893765,3.4333334,0.93333334,3.733333,0.0,3030520.2,1.145563,3.890073,1.9,2.0,2016.0,4.0,5.0733333,0.5445696,14.004546,127.784424,-2.881856,4.057768,5.416867,134.4865,-12.2634735,-21.572704,23.068605,0.18913192,-3.3361354,23.068354,6.0466666,-0.5545897,4.4666667,1.6,3.7,0.0,3969459.5,1.500569,4.418187,2.3,2.0,2017.0,1.0,1.42,2.9245198,22.318293,-5.435878,-29.454014,1.1601046,7.002747,-120.426,-33.76707,-12.084681,21.690115,5.1932344,2.4364386,21.68893,5.38,-0.10825481,4.866667,1.4333333,3.6,0.0,584449.75,0.2209223,1.0253148,2.7,2.0,2017.0,2.0,11.966666,4.2461834,25.10382,-11.804802,8.104298,11.149402,11.665583,2366.7598,23.888517,13.471126,28.326141,8.30024,5.0166245,28.326,13.016666,2.3741813,5.1666665,1.6,3.5,0.0,1205239.0,0.45562994,2.5857925,3.2,2.0,2017.0,3.0,15.856667,4.902247,33.83977,-8.802599,14.143626,14.645183,14.739803,-284.68478,-5.6396,68.146774,33.796116,17.309134,14.408605,33.795643,16.513334,2.9638622,2.8333333,1.4666667,3.433333,0.0,3371575.0,1.2743822,3.7713351,3.8,2.0,2017.0,4.0,18.923334,3.8140943,27.454712,36.341007,29.808933,21.045942,19.464848,1621.7378,131.92863,81.93323,25.92506,14.795887,12.612637,25.925251,19.303333,4.120273,3.2,1.3666667,3.3,0.0,3866165.2,1.4613284,4.515282,1.9,2.0,2018.0,1.0,1.8,79,8,27
0.19,0.53406215,0.07861453,-10.330651,-6.5513163,1.1839932,2.6239636,-97.44082,4.231395,26.594154,10.671387,4.7598743,3.8503225,10.671286,-0.48,1.6127657,1.5666667,0.46666667,3.866667,0.0,982919.44,0.3843338,1.4555916,2.0,2.0,2016.0,3.0,0.63,1.1309439,-2.7968516,18.850882,-6.987942,0.5681779,2.128556,187.4787,39.866432,-17.101591,13.528125,1.5923548,-0.25267947,13.528367,1.68,1.2893765,3.4333334,0.93333334,3.733333,0.0,3030520.2,1.145563,3.890073,1.9,2.0,2016.0,4.0,5.0733333,0.5445696,14.004546,127.784424,-2.881856,4.057768,5.416867,134.4865,-12.2634735,-21.572704,23.068605,0.18913192,-3.3361354,23.068354,6.0466666,-0.5545897,4.4666667,1.6,3.7,0.0,3969459.5,1.500569,4.418187,2.3,2.0,2017.0,1.0,1.42,2.9245198,22.318293,-5.435878,-29.454014,1.1601046,7.002747,-120.426,-33.76707,-12.084681,21.690115,5.1932344,2.4364386,21.68893,5.38,-0.10825481,4.866667,1.4333333,3.6,0.0,584449.75,0.2209223,1.0253148,2.7,2.0,2017.0,2.0,11.966666,4.2461834,25.10382,-11.804802,8.104298,11.149402,11.665583,2366.7598,23.888517,13.471126,28.326141,8.30024,5.0166245,28.326,13.016666,2.3741813,5.1666665,1.6,3.5,0.0,1205239.0,0.45562994,2.5857925,3.2,2.0,2017.0,3.0,15.856667,4.902247,33.83977,-8.802599,14.143626,14.645183,14.739803,-284.68478,-5.6396,68.146774,33.796116,17.309134,14.408605,33.795643,16.513334,2.9638622,2.8333333,1.4666667,3.433333,0.0,3371575.0,1.2743822,3.7713351,3.8,2.0,2017.0,4.0,18.923334,3.8140943,27.454712,36.341007,29.808933,21.045942,19.464848,1621.7378,131.92863,81.93323,25.92506,14.795887,12.612637,25.925251,19.303333,4.120273,3.2,1.3666667,3.3,0.0,3866165.2,1.4613284,4.515282,1.9,2.0,2018.0,1.0,14.246667,2.553211,12.143934,-5.0115414,47.174442,14.618782,10.522509,-91.397285,89.70811,89.8063,19.481966,5.1703773,2.3290837,19.48189,15.4366665,3.0453613,3.4333334,1.8,3.233333,0.0,406237.1,0.09869622,0.68609613,1.8,2.0,2018.0,2.0,0.2,80,8,27
0.63,1.1309439,-2.7968516,18.850882,-6.987942,0.5681779,2.128556,187.4787,39.866432,-17.101591,13.528125,1.5923548,-0.25267947,13.528367,1.68,1.2893765,3.4333334,0.93333334,3.733333,0.0,3030520.2,1.145563,3.890073,1.9,2.0,2016.0,4.0,5.0733333,0.5445696,14.004546,127.784424,-2.881856,4.057768,5.416867,134.4865,-12.2634735,-21.572704,23.068605,0.18913192,-3.3361354,23.068354,6.0466666,-0.5545897,4.4666667,1.6,3.7,0.0,3969459.5,1.500569,4.418187,2.3,2.0,2017.0,1.0,1.42,2.9245198,22.318293,-5.435878,-29.454014,1.1601046,7.002747,-120.426,-33.76707,-12.084681,21.690115,5.1932344,2.4364386,21.68893,5.38,-0.10825481,4.866667,1.4333333,3.6,0.0,584449.75,0.2209223,1.0253148,2.7,2.0,2017.0,2.0,11.966666,4.2461834,25.10382,-11.804802,8.104298,11.149402,11.665583,2366.7598,23.888517,13.471126,28.326141,8.30024,5.0166245,28.326,13.016666,2.3741813,5.1666665,1.6,3.5,0.0,1205239.0,0.45562994,2.5857925,3.2,2.0,2017.0,3.0,15.856667,4.902247,33.83977,-8.802599,14.143626,14.645183,14.739803,-284.68478,-5.6396,68.146774,33.796116,17.309134,14.408605,33.795643,16.513334,2.9638622,2.8333333,1.4666667,3.433333,0.0,3371575.0,1.2743822,3.7713351,3.8,2.0,2017.0,4.0,18.923334,3.8140943,27.454712,36.341007,29.808933,21.045942,19.464848,1621.7378,131.92863,81.93323,25.92506,14.795887,12.612637,25.925251,19.303333,4.120273,3.2,1.3666667,3.3,0.0,3866165.2,1.4613284,4.515282,1.9,2.0,2018.0,1.0,14.246667,2.553211,12.143934,-5.0115414,47.174442,14.618782,10.522509,-91.397285,89.70811,89.8063,19.481966,5.1703773,2.3290837,19.48189,15.4366665,3.0453613,3.4333334,1.8,3.233333,0.0,406237.1,0.09869622,0.68609613,1.8,2.0,2018.0,2.0,2.0466666,-0.026900435,2.6890059,-20.990925,-11.745407,3.2830591,5.7493176,-426.77454,26.391672,70.21565,18.66901,1.5151157,-1.9218986,18.668959,7.1233335,1.6311468,1.9333333,1.9666667,3.2,0.0,1177296.9,0.4460524,1.5273398,0.2,2.0,2018.0,3.0,0.1,81,8,27
5.0733333,0.5445696,14.004546,127.784424,-2.881856,4.057768,5.416867,134.4865,-12.2634735,-21.572704,23.068605,0.18913192,-3.3361354,23.068354,6.0466666,-0.5545897,4.4666667,1.6,3.7,0.0,3969459.5,1.500569,4.418187,2.3,2.0,2017.0,1.0,1.42,2.9245198,22.318293,-5.435878,-29.454014,1.1601046,7.002747,-120.426,-33.76707,-12.084681,21.690115,5.1932344,2.4364386,21.68893,5.38,-0.10825481,4.866667,1.4333333,3.6,0.0,584449.75,0.2209223,1.0253148,2.7,2.0,2017.0,2.0,11.966666,4.2461834,25.10382,-11.804802,8.104298,11.149402,11.665583,2366.7598,23.888517,13.471126,28.326141,8.30024,5.0166245,28.326,13.016666,2.3741813,5.1666665,1.6,3.5,0.0,1205239.0,0.45562994,2.5857925,3.2,2.0,2017.0,3.0,15.856667,4.902247,33.83977,-8.802599,14.143626,14.645183,14.739803,-284.68478,-5.6396,68.146774,33.796116,17.309134,14.408605,33.795643,16.513334,2.9638622,2.8333333,1.4666667,3.433333,0.0,3371575.0,1.2743822,3.7713351,3.8,2.0,2017.0,4.0,18.923334,3.8140943,27.454712,36.341007,29.808933,21.045942,19.464848,1621.7378,131.92863,81.93323,25.92506,14.795887,12.612637,25.925251,19.303333,4.120273,3.2,1.3666667,3.3,0.0,3866165.2,1.4613284,4.515282,1.9,2.0,2018.0,1.0,14.246667,2.553211,12.143934,-5.0115414,47.174442,14.618782,10.522509,-91.397285,89.70811,89.8063,19.481966,5.1703773,2.3290837,19.48189,15.4366665,3.0453613,3.4333334,1.8,3.233333,0.0,406237.1,0.09869622,0.68609613,1.8,2.0,2018.0,2.0,2.0466666,-0.026900435,2.6890059,-20.990925,-11.745407,3.2830591,5.7493176,-426.77454,26.391672,70.21565,18.66901,1.5151157,-1.9218986,18.668959,7.1233335,1.6311468,1.9333333,1.9666667,3.2,0.0,1177296.9,0.4460524,1.5273398,0.2,2.0,2018.0,3.0,-1.81,-2.158244,-17.937407,-25.074457,-14.148313,0.79414666,3.5895393,87.658165,104.58381,48.75062,15.370398,-1.8439398,-5.385694,15.370258,1.59,0.9185721,3.9,2.0333333,3.1,0.0,3623779.0,1.36971,4.562992,0.1,2.0,2018.0,4.0,1.4,82,8,27
1.42,2.9245198,22.318293,-5.435878,-29.454014,1.1601046,7.002747,-120.426,-33.76707,-12.084681,21.690115,5.1932344,2.4364386,21.68893,5.38,-0.10825481,4.866667,1.4333333,3.6,0.0,584449.75,0.2209223,1.0253148,2.7,2.0,2017.0,2.0,11.966666,4.2461834,25.10382,-11.804802,8.104298,11.149402,11.665583,2366.7598,23.888517,13.471126,28.326141,8.30024,5.0166245,28.326,13.016666,2.3741813,5.1666665,1.6,3.5,0.0,1205239.0,0.45562994,2.5857925,3.2,2.0,2017.0,3.0,15.856667,4.902247,33.83977,-8.802599,14.143626,14.645183,14.739803,-284.68478,-5.6396,68.146774,33.796116,17.309134,14.408605,33.795643,16.513334,2.9638622,2.8333333,1.4666667,3.433333,0.0,3371575.0,1.2743822,3.7713351,3.8,2.0,2017.0,4.0,18.923334,3.8140943,27.454712,36.341007,29.808933,21.045942,19.464848,1621.7378,131.92863,81.93323,25.92506,14.795887,12.612637,25.925251,19.303333,4.120273,3.2,1.3666667,3.3,0.0,3866165.2,1.4613284,4.515282,1.9,2.0,2018.0,1.0,14.246667,2.553211,12.143934,-5.0115414,47.174442,14.618782,10.522509,-91.397285,89.70811,89.8063,19.481966,5.1703773,2.3290837,19.48189,15.4366665,3.0453613,3.4333334,1.8,3.233333,0.0,406237.1,0.09869622,0.68609613,1.8,2.0,2018.0,2.0,2.0466666,-0.026900435,2.6890059,-20.990925,-11.745407,3.2830591,5.7493176,-426.77454,26.391672,70.21565,18.66901,1.5151157,-1.9218986,18.668959,7.1233335,1.6311468,1.9333333,1.9666667,3.2,0.0,1177296.9,0.4460524,1.5273398,0.2,2.0,2018.0,3.0,-1.81,-2.158244,-17.937407,-25.074457,-14.148313,0.79414666,3.5895393,87.658165,104.58381,48.75062,15.370398,-1.8439398,-5.385694,15.370258,1.59,0.9185721,3.9,2.0333333,3.1,0.0,3623779.0,1.36971,4.562992,0.1,2.0,2018.0,4.0,-5.3366666,-1.8324827,-18.394226,-46.773205,-6.309957,-2.344073,-1.566556,-96.37216,-20.449106,3.6368554,12.889214,-1.9234334,-5.1727433,12.889205,-2.6266668,-0.6145202,3.4,1.3333334,3.033333,0.0,3793453.8,1.4338484,4.20185,1.4,2.0,2019.0,1.0,0.6,83,8,27
11.966666,4.2461834,25.10382,-11.804802,8.104298,11.149402,11.665583,2366.7598,23.888517,13.471126,28.326141,8.30024,5.0166245,28.326,13.016666,2.3741813,5.1666665,1.6,3.5,0.0,1205239.0,0.45562994,2.5857925,3.2,2.0,2017.0,3.0,15.856667,4.902247,33.83977,-8.802599,14.143626,14.645183,14.739803,-284.68478,-5.6396,68.146774,33.796116,17.309134,14.408605,33.795643,16.513334,2.9638622,2.8333333,1.4666667,3.433333,0.0,3371575.0,1.2743822,3.7713351,3.8,2.0,2017.0,4.0,18.923334,3.8140943,27.454712,36.341007,29.808933,21.045942,19.464848,1621.7378,131.92863,81.93323,25.92506,14.795887,12.612637,25.925251,19.303333,4.120273,3.2,1.3666667,3.3,0.0,3866165.2,1.4613284,4.515282,1.9,2.0,2018.0,1.0,14.246667,2.553211,12.143934,-5.0115414,47.174442,14.618782,10.522509,-91.397285,89.70811,89.8063,19.481966,5.1703773,2.3290837,19.48189,15.4366665,3.0453613,3.4333334,1.8,3.233333,0.0,406237.1,0.09869622,0.68609613,1.8,2.0,2018.0,2.0,2.0466666,-0.026900435,2.6890059,-20.990925,-11.745407,3.2830591,5.7493176,-426.77454,26.391672,70.21565,18.66901,1.5151157,-1.9218986,18.668959,7.1233335,1.6311468,1.9333333,1.9666667,3.2,0.0,1177296.9,0.4460524,1.5273398,0.2,2.0,2018.0,3.0,-1.81,-2.158244,-17.937407,-25.074457,-14.148313,0.79414666,3.5895393,87.658165,104.58381,48.75062,15.370398,-1.8439398,-5.385694,15.370258,1.59,0.9185721,3.9,2.0333333,3.1,0.0,3623779.0,1.36971,4.562992,0.1,2.0,2018.0,4.0,-5.3366666,-1.8324827,-18.394226,-46.773205,-6.309957,-2.344073,-1.566556,-96.37216,-20.449106,3.6368554,12.889214,-1.9234334,-5.1727433,12.889205,-2.6266668,-0.6145202,3.4,1.3333334,3.033333,0.0,3793453.8,1.4338484,4.20185,1.4,2.0,2019.0,1.0,-6.846667,-3.5793478,-12.864185,-14.8491125,-12.183911,-3.5566106,-2.1108685,-181.68768,-18.531881,-6.7952275,13.969314,5.856041,3.9752448,13.96954,-4.66,-0.29991084,3.8666666,1.6333333,2.933333,0.0,643108.44,0.24308431,1.2221079,0.6,2.0,2019.0,2.0,1.5,84,8,27
15.856667,4.902247,33.83977,-8.802599,14.143626,14.645183,14.739803,-284.68478,-5.6396,68.146774,33.796116,17.309134,14.408605,33.795643,16.513334,2.9638622,2.8333333,1.4666667,3.433333,0.0,3371575.0,1.2743822,3.7713351,3.8,2.0,2017.0,4.0,18.923334,3.8140943,27.454712,36.341007,29.808933,21.045942,19.464848,1621.7378,131.92863,81.93323,25.92506,14.795887,12.612637,25.925251,19.303333,4.120273,3.2,1.3666667,3.3,0.0,3866165.2,1.4613284,4.515282,1.9,2.0,2018.0,1.0,14.246667,2.553211,12.143934,-5.0115414,47.174442,14.618782,10.522509,-91.397285,89.70811,89.8063,19.481966,5.1703773,2.3290837,19.48189,15.4366665,3.0453613,3.4333334,1.8,3.233333,0.0,406237.1,0.09869622,0.68609613,1.8,2.0,2018.0,2.0,2.0466666,-0.026900435,2.6890059,-20.990925,-11.745407,3.2830591,5.7493176,-426.77454,26.391672,70.21565,18.66901,1.5151157,-1.9218986,18.668959,7.1233335,1.6311468,1.9333333,1.9666667,3.2,0.0,1177296.9,0.4460524,1.5273398,0.2,2.0,2018.0,3.0,-1.81,-2.158244,-17.937407,-25.074457,-14.148313,0.79414666,3.5895393,87.658165,104.58381,48.75062,15.370398,-1.8439398,-5.385694,15.370258,1.59,0.9185721,3.9,2.0333333,3.1,0.0,3623779.0,1.36971,4.562992,0.1,2.0,2018.0,4.0,-5.3366666,-1.8324827,-18.394226,-46.773205,-6.309957,-2.344073,-1.566556,-96.37216,-20.449106,3.6368554,12.889214,-1.9234334,-5.1727433,12.889205,-2.6266668,-0.6145202,3.4,1.3333334,3.033333,0.0,3793453.8,1.4338484,4.20185,1.4,2.0,2019.0,1.0,-6.846667,-3.5793478,-12.864185,-14.8491125,-12.183911,-3.5566106,-2.1108685,-181.68768,-18.531881,-6.7952275,13.969314,5.856041,3.9752448,13.96954,-4.66,-0.29991084,3.8666666,1.6333333,2.933333,0.0,643108.44,0.24308431,1.2221079,0.6,2.0,2019.0,2.0,-2.9766667,-3.7982647,-12.755077,-56.294357,16.805815,-0.4005928,-2.7568953,61.70341,-0.08890112,-11.534498,10.514113,4.836508,3.4600027,10.514475,-5.016667,-1.2202361,5.133333,1.4,2.9,0.0,1088256.9,0.411364,1.2498499,1.5,2.0,2019.0,3.0,0.9,85,8,27
0.09,-4.5101433,10.803168,-354.1503,63.334583,0.27549583,-5.2411304,-527.3738,97.88511,346.36572,0.54930395,-2.453798,-2.1967382,0.6185213,-6.903333,0.807689,-3.5433333,2.0,12.13333,0.75,5587627.5,2.9244416,7.6466737,-2.9,7.0,2013.0,1.0,-0.01,-3.895117,22.534327,254.5833,465.15082,1.4842212,-1.8531295,-38.1071,79.2145,67.93804,-28.695763,1.8572499,5.2318735,-28.696642,-6.4466667,1.2832646,-2.3333333,1.2333333,12.36667,0.5833333,2130415.8,1.1155831,4.3736057,-2.2,7.0,2013.0,2.0,-0.27,-3.7081609,25.401194,1225.988,270.52832,7.4994426,3.7390263,5248.636,89.131386,66.69876,-25.602207,2.3799412,5.320142,-25.602047,-3.6633334,3.4870741,-1.1133333,1.2,12.36667,0.5,3719451.0,1.9481487,6.3334093,-1.5,7.0,2013.0,3.0,0.70666665,-0.31234732,28.016424,334.4691,110.10987,5.2716203,0.9762141,-42.20685,-12.781952,52.164196,-6.022639,2.770591,3.2660038,-6.099013,-3.0533333,3.3213017,-1.33,0.73333335,12.56667,0.33333334,5557037.5,2.908316,7.9933467,-0.9,7.0,2013.0,4.0,1.67,0.2100767,23.250061,254.87141,95.82214,6.1222596,2.701301,73.77884,-43.224148,-68.10538,-24.613506,7.1728935,9.667559,-24.700703,-2.9566667,3.1597848,-1.8266667,0.53333336,12.9,0.25,5556338.0,2.908766,8.8963995,0.2,7.0,2014.0,1.0,1.23,0.008950565,27.63972,-77.50094,18.110884,7.346445,6.8993864,55.515274,38.90975,17.110445,-10.577771,9.145883,9.36605,-10.577692,0.29666665,2.8089743,-0.15,0.46666667,12.63333,0.21666667,2158642.5,1.1304066,3.7428257,0.1,7.0,2014.0,2.0,1.94,-1.2327363,11.790824,-70.046524,49.409767,2.6099348,0.22016554,347.99124,12.723439,-34.047344,2.0378942,-0.9195573,-1.0884054,2.0377984,-1.7133334,0.41327173,-1.7933333,-0.06666667,12.73333,0.11666667,3938738.8,2.0615048,7.834988,0.1,7.0,2014.0,3.0,3.7233334,-1.4707327,-3.94223,335.64417,30.104193,-3.4269977,-6.2861786,54.258408,-2.0726378,-49.258915,20.483831,-2.5383172,-5.2850356,20.49912,-0.59,-1.3263528,-0.9633333,0.1,12.83333,0.05,5769687.5,3.026201,7.9504557,-0.1,7.0,2014.0,4.0,0.1,86,8,27
-0.01,-3.895117,22.534327,254.5833,465.15082,1.4842212,-1.8531295,-38.1071,79.2145,67.93804,-28.695763,1.8572499,5.2318735,-28.696642,-6.4466667,1.2832646,-2.3333333,1.2333333,12.36667,0.5833333,2130415.8,1.1155831,4.3736057,-2.2,7.0,2013.0,2.0,-0.27,-3.7081609,25.401194,1225.988,270.52832,7.4994426,3.7390263,5248.636,89.131386,66.69876,-25.602207,2.3799412,5.320142,-25.602047,-3.6633334,3.4870741,-1.1133333,1.2,12.36667,0.5,3719451.0,1.9481487,6.3334093,-1.5,7.0,2013.0,3.0,0.70666665,-0.31234732,28.016424,334.4691,110.10987,5.2716203,0.9762141,-42.20685,-12.781952,52.164196,-6.022639,2.770591,3.2660038,-6.099013,-3.0533333,3.3213017,-1.33,0.73333335,12.56667,0.33333334,5557037.5,2.908316,7.9933467,-0.9,7.0,2013.0,4.0,1.67,0.2100767,23.250061,254.87141,95.82214,6.1222596,2.701301,73.77884,-43.224148,-68.10538,-24.613506,7.1728935,9.667559,-24.700703,-2.9566667,3.1597848,-1.8266667,0.53333336,12.9,0.25,5556338.0,2.908766,8.8963995,0.2,7.0,2014.0,1.0,1.23,0.008950565,27.63972,-77.50094,18.110884,7.346445,6.8993864,55.515274,38.90975,17.110445,-10.577771,9.145883,9.36605,-10.577692,0.29666665,2.8089743,-0.15,0.46666667,12.63333,0.21666667,2158642.5,1.1304066,3.7428257,0.1,7.0,2014.0,2.0,1.94,-1.2327363,11.790824,-70.046524,49.409767,2.6099348,0.22016554,347.99124,12.723439,-34.047344,2.0378942,-0.9195573,-1.0884054,2.0377984,-1.7133334,0.41327173,-1.7933333,-0.06666667,12.73333,0.11666667,3938738.8,2.0615048,7.834988,0.1,7.0,2014.0,3.0,3.7233334,-1.4707327,-3.94223,335.64417,30.104193,-3.4269977,-6.2861786,54.258408,-2.0726378,-49.258915,20.483831,-2.5383172,-5.2850356,20.49912,-0.59,-1.3263528,-0.9633333,0.1,12.83333,0.05,5769687.5,3.026201,7.9504557,-0.1,7.0,2014.0,4.0,2.6133332,-0.4118097,-5.4348235,-135.29665,-990.8471,-16.667156,-15.291806,63.72946,77.32612,-16.774979,32.44776,-7.8673077,-11.845326,32.448036,2.71,-4.9251018,1.4466667,-0.26666668,12.53333,0.05,5819730.5,3.0460002,7.816294,0.1,7.0,2015.0,1.0,0.5,87,8,27
-0.27,-3.7081609,25.401194,1225.988,270.52832,7.4994426,3.7390263,5248.636,89.131386,66.69876,-25.602207,2.3799412,5.320142,-25.602047,-3.6633334,3.4870741,-1.1133333,1.2,12.36667,0.5,3719451.0,1.9481487,6.3334093,-1.5,7.0,2013.0,3.0,0.70666665,-0.31234732,28.016424,334.4691,110.10987,5.2716203,0.9762141,-42.20685,-12.781952,52.164196,-6.022639,2.770591,3.2660038,-6.099013,-3.0533333,3.3213017,-1.33,0.73333335,12.56667,0.33333334,5557037.5,2.908316,7.9933467,-0.9,7.0,2013.0,4.0,1.67,0.2100767,23.250061,254.87141,95.82214,6.1222596,2.701301,73.77884,-43.224148,-68.10538,-24.613506,7.1728935,9.667559,-24.700703,-2.9566667,3.1597848,-1.8266667,0.53333336,12.9,0.25,5556338.0,2.908766,8.8963995,0.2,7.0,2014.0,1.0,1.23,0.008950565,27.63972,-77.50094,18.110884,7.346445,6.8993864,55.515274,38.90975,17.110445,-10.577771,9.145883,9.36605,-10.577692,0.29666665,2.8089743,-0.15,0.46666667,12.63333,0.21666667,2158642.5,1.1304066,3.7428257,0.1,7.0,2014.0,2.0,1.94,-1.2327363,11.790824,-70.046524,49.409767,2.6099348,0.22016554,347.99124,12.723439,-34.047344,2.0378942,-0.9195573,-1.0884054,2.0377984,-1.7133334,0.41327173,-1.7933333,-0.06666667,12.73333,0.11666667,3938738.8,2.0615048,7.834988,0.1,7.0,2014.0,3.0,3.7233334,-1.4707327,-3.94223,335.64417,30.104193,-3.4269977,-6.2861786,54.258408,-2.0726378,-49.258915,20.483831,-2.5383172,-5.2850356,20.49912,-0.59,-1.3263528,-0.9633333,0.1,12.83333,0.05,5769687.5,3.026201,7.9504557,-0.1,7.0,2014.0,4.0,2.6133332,-0.4118097,-5.4348235,-135.29665,-990.8471,-16.667156,-15.291806,63.72946,77.32612,-16.774979,32.44776,-7.8673077,-11.845326,32.448036,2.71,-4.9251018,1.4466667,-0.26666668,12.53333,0.05,5819730.5,3.0460002,7.816294,0.1,7.0,2015.0,1.0,5.8533335,1.0328305,-8.186703,518.3883,-35.496002,-15.884483,-14.986214,-284.95258,-27.681047,-0.37673485,41.751434,-6.821438,-12.252114,41.751686,7.1266665,-5.6157584,0.27333334,0.06666667,12.26667,0.05,1958692.2,1.0875218,3.6343215,0.5,7.0,2015.0,2.0,0.5,88,8,27
0.70666665,-0.31234732,28.016424,334.4691,110.10987,5.2716203,0.9762141,-42.20685,-12.781952,52.164196,-6.022639,2.770591,3.2660038,-6.099013,-3.0533333,3.3213017,-1.33,0.73333335,12.56667,0.33333334,5557037.5,2.908316,7.9933467,-0.9,7.0,2013.0,4.0,1.67,0.2100767,23.250061,254.87141,95.82214,6.1222596,2.701301,73.77884,-43.224148,-68.10538,-24.613506,7.1728935,9.667559,-24.700703,-2.9566667,3.1597848,-1.8266667,0.53333336,12.9,0.25,5556338.0,2.908766,8.8963995,0.2,7.0,2014.0,1.0,1.23,0.008950565,27.63972,-77.50094,18.110884,7.346445,6.8993864,55.515274,38.90975,17.110445,-10.577771,9.145883,9.36605,-10.577692,0.29666665,2.8089743,-0.15,0.46666667,12.63333,0.21666667,2158642.5,1.1304066,3.7428257,0.1,7.0,2014.0,2.0,1.94,-1.2327363,11.790824,-70.046524,49.409767,2.6099348,0.22016554,347.99124,12.723439,-34.047344,2.0378942,-0.9195573,-1.0884054,2.0377984,-1.7133334,0.41327173,-1.7933333,-0.06666667,12.73333,0.11666667,3938738.8,2.0615048,7.834988,0.1,7.0,2014.0,3.0,3.7233334,-1.4707327,-3.94223,335.64417,30.104193,-3.4269977,-6.2861786,54.258408,-2.0726378,-49.258915,20.483831,-2.5383172,-5.2850356,20.49912,-0.59,-1.3263528,-0.9633333,0.1,12.83333,0.05,5769687.5,3.026201,7.9504557,-0.1,7.0,2014.0,4.0,2.6133332,-0.4118097,-5.4348235,-135.29665,-990.8471,-16.667156,-15.291806,63.72946,77.32612,-16.774979,32.44776,-7.8673077,-11.845326,32.448036,2.71,-4.9251018,1.4466667,-0.26666668,12.53333,0.05,5819730.5,3.0460002,7.816294,0.1,7.0,2015.0,1.0,5.8533335,1.0328305,-8.186703,518.3883,-35.496002,-15.884483,-14.986214,-284.95258,-27.681047,-0.37673485,41.751434,-6.821438,-12.252114,41.751686,7.1266665,-5.6157584,0.27333334,0.06666667,12.26667,0.05,1958692.2,1.0875218,3.6343215,0.5,7.0,2015.0,2.0,2.26,2.1085865,-6.644134,48.280033,-5.3786244,-15.419148,-16.183498,-78.29217,-29.316992,17.267168,22.375349,-3.6232636,-6.4275484,22.375376,2.4033334,-3.0314937,2.07,0.2,11.63333,0.05,3465710.2,1.8213834,5.8427835,0.5,7.0,2015.0,3.0,1.4,89,8,27
1.67,0.2100767,23.250061,254.87141,95.82214,6.1222596,2.701301,73.77884,-43.224148,-68.10538,-24.613506,7.1728935,9.667559,-24.700703,-2.9566667,3.1597848,-1.8266667,0.53333336,12.9,0.25,5556338.0,2.908766,8.8963995,0.2,7.0,2014.0,1.0,1.23,0.008950565,27.63972,-77.50094,18.110884,7.346445,6.8993864,55.515274,38.90975,17.110445,-10.577771,9.145883,9.36605,-10.577692,0.29666665,2.8089743,-0.15,0.46666667,12.63333,0.21666667,2158642.5,1.1304066,3.7428257,0.1,7.0,2014.0,2.0,1.94,-1.2327363,11.790824,-70.046524,49.409767,2.6099348,0.22016554,347.99124,12.723439,-34.047344,2.0378942,-0.9195573,-1.0884054,2.0377984,-1.7133334,0.41327173,-1.7933333,-0.06666667,12.73333,0.11666667,3938738.8,2.0615048,7.834988,0.1,7.0,2014.0,3.0,3.7233334,-1.4707327,-3.94223,335.64417,30.104193,-3.4269977,-6.2861786,54.258408,-2.0726378,-49.258915,20.483831,-2.5383172,-5.2850356,20.49912,-0.59,-1.3263528,-0.9633333,0.1,12.83333,0.05,5769687.5,3.026201,7.9504557,-0.1,7.0,2014.0,4.0,2.6133332,-0.4118097,-5.4348235,-135.29665,-990.8471,-16.667156,-15.291806,63.72946,77.32612,-16.774979,32.44776,-7.8673077,-11.845326,32.448036,2.71,-4.9251018,1.4466667,-0.26666668,12.53333,0.05,5819730.5,3.0460002,7.816294,0.1,7.0,2015.0,1.0,5.8533335,1.0328305,-8.186703,518.3883,-35.496002,-15.884483,-14.986214,-284.95258,-27.681047,-0.37673485,41.751434,-6.821438,-12.252114,41.751686,7.1266665,-5.6157584,0.27333334,0.06666667,12.26667,0.05,1958692.2,1.0875218,3.6343215,0.5,7.0,2015.0,2.0,2.26,2.1085865,-6.644134,48.280033,-5.3786244,-15.419148,-16.183498,-78.29217,-29.316992,17.267168,22.375349,-3.6232636,-6.4275484,22.375376,2.4033334,-3.0314937,2.07,0.2,11.63333,0.05,3465710.2,1.8213834,5.8427835,0.5,7.0,2015.0,3.0,2.2766666,1.863418,-0.72341824,-55.95302,-41.104965,-12.42344,-9.028106,90.86175,66.390274,3.9396064,15.392089,-5.9886355,-7.1936107,15.37624,2.9333334,-2.1868827,0.10333333,0.16666667,11.66667,0.05,5465981.5,2.862884,8.514745,1.4,7.0,2015.0,4.0,1.4,90,8,27
1.23,0.008950565,27.63972,-77.50094,18.110884,7.346445,6.8993864,55.515274,38.90975,17.110445,-10.577771,9.145883,9.36605,-10.577692,0.29666665,2.8089743,-0.15,0.46666667,12.63333,0.21666667,2158642.5,1.1304066,3.7428257,0.1,7.0,2014.0,2.0,1.94,-1.2327363,11.790824,-70.046524,49.409767,2.6099348,0.22016554,347.99124,12.723439,-34.047344,2.0378942,-0.9195573,-1.0884054,2.0377984,-1.7133334,0.41327173,-1.7933333,-0.06666667,12.73333,0.11666667,3938738.8,2.0615048,7.834988,0.1,7.0,2014.0,3.0,3.7233334,-1.4707327,-3.94223,335.64417,30.104193,-3.4269977,-6.2861786,54.258408,-2.0726378,-49.258915,20.483831,-2.5383172,-5.2850356,20.49912,-0.59,-1.3263528,-0.9633333,0.1,12.83333,0.05,5769687.5,3.026201,7.9504557,-0.1,7.0,2014.0,4.0,2.6133332,-0.4118097,-5.4348235,-135.29665,-990.8471,-16.667156,-15.291806,63.72946,77.32612,-16.774979,32.44776,-7.8673077,-11.845326,32.448036,2.71,-4.9251018,1.4466667,-0.26666668,12.53333,0.05,5819730.5,3.0460002,7.816294,0.1,7.0,2015.0,1.0,5.8533335,1.0328305,-8.186703,518.3883,-35.496002,-15.884483,-14.986214,-284.95258,-27.681047,-0.37673485,41.751434,-6.821438,-12.252114,41.751686,7.1266665,-5.6157584,0.27333334,0.06666667,12.26667,0.05,1958692.2,1.0875218,3.6343215,0.5,7.0,2015.0,2.0,2.26,2.1085865,-6.644134,48.280033,-5.3786244,-15.419148,-16.183498,-78.29217,-29.316992,17.267168,22.375349,-3.6232636,-6.4275484,22.375376,2.4033334,-3.0314937,2.07,0.2,11.63333,0.05,3465710.2,1.8213834,5.8427835,0.5,7.0,2015.0,3.0,2.2766666,1.863418,-0.72341824,-55.95302,-41.104965,-12.42344,-9.028106,90.86175,66.390274,3.9396064,15.392089,-5.9886355,-7.1936107,15.37624,2.9333334,-2.1868827,0.10333333,0.16666667,11.66667,0.05,5465981.5,2.862884,8.514745,1.4,7.0,2015.0,4.0,0.05,1.9494547,-5.4026628,-81.89646,203.47157,-0.5408556,-4.108227,-8.892235,-4.2615776,-0.42925125,1.5903411,3.9330378,3.2480428,1.5902327,-1.34,1.875138,1.3766667,-0.06666667,11.66667,0.033333335,5506364.5,2.8892345,7.8281207,1.4,7.0,2016.0,1.0,1.2,91,8,27
1.94,-1.2327363,11.790824,-70.046524,49.409767,2.6099348,0.22016554,347.99124,12.723439,-34.047344,2.0378942,-0.9195573,-1.0884054,2.0377984,-1.7133334,0.41327173,-1.7933333,-0.06666667,12.73333,0.11666667,3938738.8,2.0615048,7.834988,0.1,7.0,2014.0,3.0,3.7233334,-1.4707327,-3.94223,335.64417,30.104193,-3.4269977,-6.2861786,54.258408,-2.0726378,-49.258915,20.483831,-2.5383172,-5.2850356,20.49912,-0.59,-1.3263528,-0.9633333,0.1,12.83333,0.05,5769687.5,3.026201,7.9504557,-0.1,7.0,2014.0,4.0,2.6133332,-0.4118097,-5.4348235,-135.29665,-990.8471,-16.667156,-15.291806,63.72946,77.32612,-16.774979,32.44776,-7.8673077,-11.845326,32.448036,2.71,-4.9251018,1.4466667,-0.26666668,12.53333,0.05,5819730.5,3.0460002,7.816294,0.1,7.0,2015.0,1.0,5.8533335,1.0328305,-8.186703,518.3883,-35.496002,-15.884483,-14.986214,-284.95258,-27.681047,-0.37673485,41.751434,-6.821438,-12.252114,41.751686,7.1266665,-5.6157584,0.27333334,0.06666667,12.26667,0.05,1958692.2,1.0875218,3.6343215,0.5,7.0,2015.0,2.0,2.26,2.1085865,-6.644134,48.280033,-5.3786244,-15.419148,-16.183498,-78.29217,-29.316992,17.267168,22.375349,-3.6232636,-6.4275484,22.375376,2.4033334,-3.0314937,2.07,0.2,11.63333,0.05,3465710.2,1.8213834,5.8427835,0.5,7.0,2015.0,3.0,2.2766666,1.863418,-0.72341824,-55.95302,-41.104965,-12.42344,-9.028106,90.86175,66.390274,3.9396064,15.392089,-5.9886355,-7.1936107,15.37624,2.9333334,-2.1868827,0.10333333,0.16666667,11.66667,0.05,5465981.5,2.862884,8.514745,1.4,7.0,2015.0,4.0,0.05,1.9494547,-5.4026628,-81.89646,203.47157,-0.5408556,-4.108227,-8.892235,-4.2615776,-0.42925125,1.5903411,3.9330378,3.2480428,1.5902327,-1.34,1.875138,1.3766667,-0.06666667,11.66667,0.033333335,5506364.5,2.8892345,7.8281207,1.4,7.0,2016.0,1.0,0.6766667,0.49265984,-3.4438176,21.039375,141.84169,3.6644173,-1.137664,-51.68972,-67.65284,-27.519634,11.337047,0.3297806,-0.8743082,11.337231,-3.2433333,3.0830114,0.046666667,-0.4,11.7,0.0,2075827.0,1.0925275,3.5498822,1.2,7.0,2016.0,2.0,1.6,92,8,27
3.7233334,-1.4707327,-3.94223,335.64417,30.104193,-3.4269977,-6.2861786,54.258408,-2.0726378,-49.258915,20.483831,-2.5383172,-5.2850356,20.49912,-0.59,-1.3263528,-0.9633333,0.1,12.83333,0.05,5769687.5,3.026201,7.9504557,-0.1,7.0,2014.0,4.0,2.6133332,-0.4118097,-5.4348235,-135.29665,-990.8471,-16.667156,-15.291806,63.72946,77.32612,-16.774979,32.44776,-7.8673077,-11.845326,32.448036,2.71,-4.9251018,1.4466667,-0.26666668,12.53333,0.05,5819730.5,3.0460002,7.816294,0.1,7.0,2015.0,1.0,5.8533335,1.0328305,-8.186703,518.3883,-35.496002,-15.884483,-14.986214,-284.95258,-27.681047,-0.37673485,41.751434,-6.821438,-12.252114,41.751686,7.1266665,-5.6157584,0.27333334,0.06666667,12.26667,0.05,1958692.2,1.0875218,3.6343215,0.5,7.0,2015.0,2.0,2.26,2.1085865,-6.644134,48.280033,-5.3786244,-15.419148,-16.183498,-78.29217,-29.316992,17.267168,22.375349,-3.6232636,-6.4275484,22.375376,2.4033334,-3.0314937,2.07,0.2,11.63333,0.05,3465710.2,1.8213834,5.8427835,0.5,7.0,2015.0,3.0,2.2766666,1.863418,-0.72341824,-55.95302,-41.104965,-12.42344,-9.028106,90.86175,66.390274,3.9396064,15.392089,-5.9886355,-7.1936107,15.37624,2.9333334,-2.1868827,0.10333333,0.16666667,11.66667,0.05,5465981.5,2.862884,8.514745,1.4,7.0,2015.0,4.0,0.05,1.9494547,-5.4026628,-81.89646,203.47157,-0.5408556,-4.108227,-8.892235,-4.2615776,-0.42925125,1.5903411,3.9330378,3.2480428,1.5902327,-1.34,1.875138,1.3766667,-0.06666667,11.66667,0.033333335,5506364.5,2.8892345,7.8281207,1.4,7.0,2016.0,1.0,0.6766667,0.49265984,-3.4438176,21.039375,141.84169,3.6644173,-1.137664,-51.68972,-67.65284,-27.519634,11.337047,0.3297806,-0.8743082,11.337231,-3.2433333,3.0830114,0.046666667,-0.4,11.7,0.0,2075827.0,1.0925275,3.5498822,1.2,7.0,2016.0,2.0,2.9633334,1.9742244,2.7229016,37.534504,45.12466,3.8312223,0.28246447,-712.13104,-21.489017,99.389786,33.572803,3.744533,-0.8850065,33.57312,-0.31,1.3507326,0.123333335,-0.033333335,11.63333,0.0,3917861.5,2.0705159,6.67223,1.6,7.0,2016.0,3.0,1.5,93,8,27
2.6133332,-0.4118097,-5.4348235,-135.29665,-990.8471,-16.667156,-15.291806,63.72946,77.32612,-16.774979,32.44776,-7.8673077,-11.845326,32.448036,2.71,-4.9251018,1.4466667,-0.26666668,12.53333,0.05,5819730.5,3.0460002,7.816294,0.1,7.0,2015.0,1.0,5.8533335,1.0328305,-8.186703,518.3883,-35.496002,-15.884483,-14.986214,-284.95258,-27.681047,-0.37673485,41.751434,-6.821438,-12.252114,41.751686,7.1266665,-5.6157584,0.27333334,0.06666667,12.26667,0.05,1958692.2,1.0875218,3.6343215,0.5,7.0,2015.0,2.0,2.26,2.1085865,-6.644134,48.280033,-5.3786244,-15.419148,-16.183498,-78.29217,-29.316992,17.267168,22.375349,-3.6232636,-6.4275484,22.375376,2.4033334,-3.0314937,2.07,0.2,11.63333,0.05,3465710.2,1.8213834,5.8427835,0.5,7.0,2015.0,3.0,2.2766666,1.863418,-0.72341824,-55.95302,-41.104965,-12.42344,-9.028106,90.86175,66.390274,3.9396064,15.392089,-5.9886355,-7.1936107,15.37624,2.9333334,-2.1868827,0.10333333,0.16666667,11.66667,0.05,5465981.5,2.862884,8.514745,1.4,7.0,2015.0,4.0,0.05,1.9494547,-5.4026628,-81.89646,203.47157,-0.5408556,-4.108227,-8.892235,-4.2615776,-0.42925125,1.5903411,3.9330378,3.2480428,1.5902327,-1.34,1.875138,1.3766667,-0.06666667,11.66667,0.033333335,5506364.5,2.8892345,7.8281207,1.4,7.0,2016.0,1.0,0.6766667,0.49265984,-3.4438176,21.039375,141.84169,3.6644173,-1.137664,-51.68972,-67.65284,-27.519634,11.337047,0.3297806,-0.8743082,11.337231,-3.2433333,3.0830114,0.046666667,-0.4,11.7,0.0,2075827.0,1.0925275,3.5498822,1.2,7.0,2016.0,2.0,2.9633334,1.9742244,2.7229016,37.534504,45.12466,3.8312223,0.28246447,-712.13104,-21.489017,99.389786,33.572803,3.744533,-0.8850065,33.57312,-0.31,1.3507326,0.123333335,-0.033333335,11.63333,0.0,3917861.5,2.0705159,6.67223,1.6,7.0,2016.0,3.0,2.7866666,3.869454,1.1567417,-28.394669,41.792324,3.9127016,1.0088983,-114.82653,-90.14056,25.413303,38.27097,0.7272891,-3.8372986,38.271496,3.4866667,1.017583,0.37333333,0.13333334,11.83333,0.0,5677371.5,2.9712598,8.051094,1.5,7.0,2016.0,4.0,1.6,94,8,27
5.8533335,1.0328305,-8.186703,518.3883,-35.496002,-15.884483,-14.986214,-284.95258,-27.681047,-0.37673485,41.751434,-6.821438,-12.252114,41.751686,7.1266665,-5.6157584,0.27333334,0.06666667,12.26667,0.05,1958692.2,1.0875218,3.6343215,0.5,7.0,2015.0,2.0,2.26,2.1085865,-6.644134,48.280033,-5.3786244,-15.419148,-16.183498,-78.29217,-29.316992,17.267168,22.375349,-3.6232636,-6.4275484,22.375376,2.4033334,-3.0314937,2.07,0.2,11.63333,0.05,3465710.2,1.8213834,5.8427835,0.5,7.0,2015.0,3.0,2.2766666,1.863418,-0.72341824,-55.95302,-41.104965,-12.42344,-9.028106,90.86175,66.390274,3.9396064,15.392089,-5.9886355,-7.1936107,15.37624,2.9333334,-2.1868827,0.10333333,0.16666667,11.66667,0.05,5465981.5,2.862884,8.514745,1.4,7.0,2015.0,4.0,0.05,1.9494547,-5.4026628,-81.89646,203.47157,-0.5408556,-4.108227,-8.892235,-4.2615776,-0.42925125,1.5903411,3.9330378,3.2480428,1.5902327,-1.34,1.875138,1.3766667,-0.06666667,11.66667,0.033333335,5506364.5,2.8892345,7.8281207,1.4,7.0,2016.0,1.0,0.6766667,0.49265984,-3.4438176,21.039375,141.84169,3.6644173,-1.137664,-51.68972,-67.65284,-27.519634,11.337047,0.3297806,-0.8743082,11.337231,-3.2433333,3.0830114,0.046666667,-0.4,11.7,0.0,2075827.0,1.0925275,3.5498822,1.2,7.0,2016.0,2.0,2.9633334,1.9742244,2.7229016,37.534504,45.12466,3.8312223,0.28246447,-712.13104,-21.489017,99.389786,33.572803,3.744533,-0.8850065,33.57312,-0.31,1.3507326,0.123333335,-0.033333335,11.63333,0.0,3917861.5,2.0705159,6.67223,1.6,7.0,2016.0,3.0,2.7866666,3.869454,1.1567417,-28.394669,41.792324,3.9127016,1.0088983,-114.82653,-90.14056,25.413303,38.27097,0.7272891,-3.8372986,38.271496,3.4866667,1.017583,0.37333333,0.13333334,11.83333,0.0,5677371.5,2.9712598,8.051094,1.5,7.0,2016.0,4.0,10.15,2.0188017,10.691076,90.666885,60.96227,7.028394,6.0053325,512.612,190.02562,-33.95431,48.55277,-0.3961427,-6.08843,48.553474,12.456667,-0.5307392,0.23333333,1.3333334,11.66667,0.0,6184024.0,3.236382,8.1489725,1.6,7.0,2017.0,1.0,1.8,95,8,27
2.26,2.1085865,-6.644134,48.280033,-5.3786244,-15.419148,-16.183498,-78.29217,-29.316992,17.267168,22.375349,-3.6232636,-6.4275484,22.375376,2.4033334,-3.0314937,2.07,0.2,11.63333,0.05,3465710.2,1.8213834,5.8427835,0.5,7.0,2015.0,3.0,2.2766666,1.863418,-0.72341824,-55.95302,-41.104965,-12.42344,-9.028106,90.86175,66.390274,3.9396064,15.392089,-5.9886355,-7.1936107,15.37624,2.9333334,-2.1868827,0.10333333,0.16666667,11.66667,0.05,5465981.5,2.862884,8.514745,1.4,7.0,2015.0,4.0,0.05,1.9494547,-5.4026628,-81.89646,203.47157,-0.5408556,-4.108227,-8.892235,-4.2615776,-0.42925125,1.5903411,3.9330378,3.2480428,1.5902327,-1.34,1.875138,1.3766667,-0.06666667,11.66667,0.033333335,5506364.5,2.8892345,7.8281207,1.4,7.0,2016.0,1.0,0.6766667,0.49265984,-3.4438176,21.039375,141.84169,3.6644173,-1.137664,-51.68972,-67.65284,-27.519634,11.337047,0.3297806,-0.8743082,11.337231,-3.2433333,3.0830114,0.046666667,-0.4,11.7,0.0,2075827.0,1.0925275,3.5498822,1.2,7.0,2016.0,2.0,2.9633334,1.9742244,2.7229016,37.534504,45.12466,3.8312223,0.28246447,-712.13104,-21.489017,99.389786,33.572803,3.744533,-0.8850065,33.57312,-0.31,1.3507326,0.123333335,-0.033333335,11.63333,0.0,3917861.5,2.0705159,6.67223,1.6,7.0,2016.0,3.0,2.7866666,3.869454,1.1567417,-28.394669,41.792324,3.9127016,1.0088983,-114.82653,-90.14056,25.413303,38.27097,0.7272891,-3.8372986,38.271496,3.4866667,1.017583,0.37333333,0.13333334,11.83333,0.0,5677371.5,2.9712598,8.051094,1.5,7.0,2016.0,4.0,10.15,2.0188017,10.691076,90.666885,60.96227,7.028394,6.0053325,512.612,190.02562,-33.95431,48.55277,-0.3961427,-6.08843,48.553474,12.456667,-0.5307392,0.23333333,1.3333334,11.66667,0.0,6184024.0,3.236382,8.1489725,1.6,7.0,2017.0,1.0,6.536667,3.8835084,18.410908,-3.2866445,-16.52997,4.333053,6.1067133,32.561836,91.88474,4.2443504,32.30826,6.9924164,3.364512,32.308826,8.786667,-0.05240538,1.6933334,1.5,11.26667,0.0,2513557.8,1.3156389,4.2903438,1.8,7.0,2017.0,2.0,1.7,96,8,27
2.2766666,1.863418,-0.72341824,-55.95302,-41.104965,-12.42344,-9.028106,90.86175,66.390274,3.9396064,15.392089,-5.9886355,-7.1936107,15.37624,2.9333334,-2.1868827,0.10333333,0.16666667,11.66667,0.05,5465981.5,2.862884,8.514745,1.4,7.0,2015.0,4.0,0.05,1.9494547,-5.4026628,-81.89646,203.47157,-0.5408556,-4.108227,-8.892235,-4.2615776,-0.42925125,1.5903411,3.9330378,3.2480428,1.5902327,-1.34,1.875138,1.3766667,-0.06666667,11.66667,0.033333335,5506364.5,2.8892345,7.8281207,1.4,7.0,2016.0,1.0,0.6766667,0.49265984,-3.4438176,21.039375,141.84169,3.6644173,-1.137664,-51.68972,-67.65284,-27.519634,11.337047,0.3297806,-0.8743082,11.337231,-3.2433333,3.0830114,0.046666667,-0.4,11.7,0.0,2075827.0,1.0925275,3.5498822,1.2,7.0,2016.0,2.0,2.9633334,1.9742244,2.7229016,37.534504,45.12466,3.8312223,0.28246447,-712.13104,-21.489017,99.389786,33.572803,3.744533,-0.8850065,33.57312,-0.31,1.3507326,0.123333335,-0.033333335,11.63333,0.0,3917861.5,2.0705159,6.67223,1.6,7.0,2016.0,3.0,2.7866666,3.869454,1.1567417,-28.394669,41.792324,3.9127016,1.0088983,-114.82653,-90.14056,25.413303,38.27097,0.7272891,-3.8372986,38.271496,3.4866667,1.017583,0.37333333,0.13333334,11.83333,0.0,5677371.5,2.9712598,8.051094,1.5,7.0,2016.0,4.0,10.15,2.0188017,10.691076,90.666885,60.96227,7.028394,6.0053325,512.612,190.02562,-33.95431,48.55277,-0.3961427,-6.08843,48.553474,12.456667,-0.5307392,0.23333333,1.3333334,11.66667,0.0,6184024.0,3.236382,8.1489725,1.6,7.0,2017.0,1.0,6.536667,3.8835084,18.410908,-3.2866445,-16.52997,4.333053,6.1067133,32.561836,91.88474,4.2443504,32.30826,6.9924164,3.364512,32.308826,8.786667,-0.05240538,1.6933334,1.5,11.26667,0.0,2513557.8,1.3156389,4.2903438,1.8,7.0,2017.0,2.0,6.55,4.77641,23.498178,100.04777,5.251543,13.240751,14.23436,70.49304,-9.933375,-42.398468,26.038351,10.166946,7.156663,26.038961,7.5933332,2.2483835,1.4266666,1.1333333,11.3,0.0,4264151.5,2.2316873,6.0200853,1.7,7.0,2017.0,3.0,1.9,97,8,27
0.05,1.9494547,-5.4026628,-81.89646,203.47157,-0.5408556,-4.108227,-8.892235,-4.2615776,-0.42925125,1.5903411,3.9330378,3.2480428,1.5902327,-1.34,1.875138,1.3766667,-0.06666667,11.66667,0.033333335,5506364.5,2.8892345,7.8281207,1.4,7.0,2016.0,1.0,0.6766667,0.49265984,-3.4438176,21.039375,141.84169,3.6644173,-1.137664,-51.68972,-67.65284,-27.519634,11.337047,0.3297806,-0.8743082,11.337231,-3.2433333,3.0830114,0.046666667,-0.4,11.7,0.0,2075827.0,1.0925275,3.5498822,1.2,7.0,2016.0,2.0,2.9633334,1.9742244,2.7229016,37.534504,45.12466,3.8312223,0.28246447,-712.13104,-21.489017,99.389786,33.572803,3.744533,-0.8850065,33.57312,-0.31,1.3507326,0.123333335,-0.033333335,11.63333,0.0,3917861.5,2.0705159,6.67223,1.6,7.0,2016.0,3.0,2.7866666,3.869454,1.1567417,-28.394669,41.792324,3.9127016,1.0088983,-114.82653,-90.14056,25.413303,38.27097,0.7272891,-3.8372986,38.271496,3.4866667,1.017583,0.37333333,0.13333334,11.83333,0.0,5677371.5,2.9712598,8.051094,1.5,7.0,2016.0,4.0,10.15,2.0188017,10.691076,90.666885,60.96227,7.028394,6.0053325,512.612,190.02562,-33.95431,48.55277,-0.3961427,-6.08843,48.553474,12.456667,-0.5307392,0.23333333,1.3333334,11.66667,0.0,6184024.0,3.236382,8.1489725,1.6,7.0,2017.0,1.0,6.536667,3.8835084,18.410908,-3.2866445,-16.52997,4.333053,6.1067133,32.561836,91.88474,4.2443504,32.30826,6.9924164,3.364512,32.308826,8.786667,-0.05240538,1.6933334,1.5,11.26667,0.0,2513557.8,1.3156389,4.2903438,1.8,7.0,2017.0,2.0,6.55,4.77641,23.498178,100.04777,5.251543,13.240751,14.23436,70.49304,-9.933375,-42.398468,26.038351,10.166946,7.156663,26.038961,7.5933332,2.2483835,1.4266666,1.1333333,11.3,0.0,4264151.5,2.2316873,6.0200853,1.7,7.0,2017.0,3.0,7.6633334,4.210042,29.063696,-6.206469,18.735853,16.738297,16.52424,166.71085,229.79028,10.384268,28.262321,20.480661,16.818426,28.263376,7.91,2.9229984,0.29333332,0.93333334,11.0,0.0,6323520.5,3.3093872,8.224041,1.9,7.0,2017.0,4.0,1.3,98,8,27
0.6766667,0.49265984,-3.4438176,21.039375,141.84169,3.6644173,-1.137664,-51.68972,-67.65284,-27.519634,11.337047,0.3297806,-0.8743082,11.337231,-3.2433333,3.0830114,0.046666667,-0.4,11.7,0.0,2075827.0,1.0925275,3.5498822,1.2,7.0,2016.0,2.0,2.9633334,1.9742244,2.7229016,37.534504,45.12466,3.8312223,0.28246447,-712.13104,-21.489017,99.389786,33.572803,3.744533,-0.8850065,33.57312,-0.31,1.3507326,0.123333335,-0.033333335,11.63333,0.0,3917861.5,2.0705159,6.67223,1.6,7.0,2016.0,3.0,2.7866666,3.869454,1.1567417,-28.394669,41.792324,3.9127016,1.0088983,-114.82653,-90.14056,25.413303,38.27097,0.7272891,-3.8372986,38.271496,3.4866667,1.017583,0.37333333,0.13333334,11.83333,0.0,5677371.5,2.9712598,8.051094,1.5,7.0,2016.0,4.0,10.15,2.0188017,10.691076,90.666885,60.96227,7.028394,6.0053325,512.612,190.02562,-33.95431,48.55277,-0.3961427,-6.08843,48.553474,12.456667,-0.5307392,0.23333333,1.3333334,11.66667,0.0,6184024.0,3.236382,8.1489725,1.6,7.0,2017.0,1.0,6.536667,3.8835084,18.410908,-3.2866445,-16.52997,4.333053,6.1067133,32.561836,91.88474,4.2443504,32.30826,6.9924164,3.364512,32.308826,8.786667,-0.05240538,1.6933334,1.5,11.26667,0.0,2513557.8,1.3156389,4.2903438,1.8,7.0,2017.0,2.0,6.55,4.77641,23.498178,100.04777,5.251543,13.240751,14.23436,70.49304,-9.933375,-42.398468,26.038351,10.166946,7.156663,26.038961,7.5933332,2.2483835,1.4266666,1.1333333,11.3,0.0,4264151.5,2.2316873,6.0200853,1.7,7.0,2017.0,3.0,7.6633334,4.210042,29.063696,-6.206469,18.735853,16.738297,16.52424,166.71085,229.79028,10.384268,28.262321,20.480661,16.818426,28.263376,7.91,2.9229984,0.29333332,0.93333334,11.0,0.0,6323520.5,3.3093872,8.224041,1.9,7.0,2017.0,4.0,4.1266665,3.605131,26.32312,387.5934,30.541452,19.341856,19.019276,-118.813995,-64.15247,44.710537,-2.3804615,19.086912,18.00509,-2.3800948,3.5133333,4.0509734,0.71,0.73333335,10.93333,0.0,6099340.5,3.1920667,7.8821106,1.3,7.0,2018.0,1.0,0.9,99,8,27
2.9633334,1.9742244,2.7229016,37.534504,45.12466,3.8312223,0.28246447,-712.13104,-21.489017,99.389786,33.572803,3.744533,-0.8850065,33.57312,-0.31,1.3507326,0.123333335,-0.033333335,11.63333,0.0,3917861.5,2.0705159,6.67223,1.6,7.0,2016.0,3.0,2.7866666,3.869454,1.1567417,-28.394669,41.792324,3.9127016,1.0088983,-114.82653,-90.14056,25.413303,38.27097,0.7272891,-3.8372986,38.271496,3.4866667,1.017583,0.37333333,0.13333334,11.83333,0.0,5677371.5,2.9712598,8.051094,1.5,7.0,2016.0,4.0,10.15,2.0188017,10.691076,90.666885,60.96227,7.028394,6.0053325,512.612,190.02562,-33.95431,48.55277,-0.3961427,-6.08843,48.553474,12.456667,-0.5307392,0.23333333,1.3333334,11.66667,0.0,6184024.0,3.236382,8.1489725,1.6,7.0,2017.0,1.0,6.536667,3.8835084,18.410908,-3.2866445,-16.52997,4.333053,6.1067133,32.561836,91.88474,4.2443504,32.30826,6.9924164,3.364512,32.308826,8.786667,-0.05240538,1.6933334,1.5,11.26667,0.0,2513557.8,1.3156389,4.2903438,1.8,7.0,2017.0,2.0,6.55,4.77641,23.498178,100.04777,5.251543,13.240751,14.23436,70.49304,-9.933375,-42.398468,26.038351,10.166946,7.156663,26.038961,7.5933332,2.2483835,1.4266666,1.1333333,11.3,0.0,4264151.5,2.2316873,6.0200853,1.7,7.0,2017.0,3.0,7.6633334,4.210042,29.063696,-6.206469,18.735853,16.738297,16.52424,166.71085,229.79028,10.384268,28.262321,20.480661,16.818426,28.263376,7.91,2.9229984,0.29333332,0.93333334,11.0,0.0,6323520.5,3.3093872,8.224041,1.9,7.0,2017.0,4.0,4.1266665,3.605131,26.32312,387.5934,30.541452,19.341856,19.019276,-118.813995,-64.15247,44.710537,-2.3804615,19.086912,18.00509,-2.3800948,3.5133333,4.0509734,0.71,0.73333335,10.93333,0.0,6099340.5,3.1920667,7.8821106,1.3,7.0,2018.0,1.0,4.35,2.0122695,11.374775,-28.657715,19.87011,14.212743,13.834392,95.040924,195.48114,63.009117,42.63321,6.8232894,3.8334224,42.63416,5.69,3.1335497,-0.86333334,0.93333334,10.8,0.0,2168180.2,0.2723369,1.7672551,0.9,7.0,2018.0,2.0,0.6,100,8,27
2.7866666,3.869454,1.1567417,-28.394669,41.792324,3.9127016,1.0088983,-114.82653,-90.14056,25.413303,38.27097,0.7272891,-3.8372986,38.271496,3.4866667,1.017583,0.37333333,0.13333334,11.83333,0.0,5677371.5,2.9712598,8.051094,1.5,7.0,2016.0,4.0,10.15,2.0188017,10.691076,90.666885,60.96227,7.028394,6.0053325,512.612,190.02562,-33.95431,48.55277,-0.3961427,-6.08843,48.553474,12.456667,-0.5307392,0.23333333,1.3333334,11.66667,0.0,6184024.0,3.236382,8.1489725,1.6,7.0,2017.0,1.0,6.536667,3.8835084,18.410908,-3.2866445,-16.52997,4.333053,6.1067133,32.561836,91.88474,4.2443504,32.30826,6.9924164,3.364512,32.308826,8.786667,-0.05240538,1.6933334,1.5,11.26667,0.0,2513557.8,1.3156389,4.2903438,1.8,7.0,2017.0,2.0,6.55,4.77641,23.498178,100.04777,5.251543,13.240751,14.23436,70.49304,-9.933375,-42.398468,26.038351,10.166946,7.156663,26.038961,7.5933332,2.2483835,1.4266666,1.1333333,11.3,0.0,4264151.5,2.2316873,6.0200853,1.7,7.0,2017.0,3.0,7.6633334,4.210042,29.063696,-6.206469,18.735853,16.738297,16.52424,166.71085,229.79028,10.384268,28.262321,20.480661,16.818426,28.263376,7.91,2.9229984,0.29333332,0.93333334,11.0,0.0,6323520.5,3.3093872,8.224041,1.9,7.0,2017.0,4.0,4.1266665,3.605131,26.32312,387.5934,30.541452,19.341856,19.019276,-118.813995,-64.15247,44.710537,-2.3804615,19.086912,18.00509,-2.3800948,3.5133333,4.0509734,0.71,0.73333335,10.93333,0.0,6099340.5,3.1920667,7.8821106,1.3,7.0,2018.0,1.0,4.35,2.0122695,11.374775,-28.657715,19.87011,14.212743,13.834392,95.040924,195.48114,63.009117,42.63321,6.8232894,3.8334224,42.63416,5.69,3.1335497,-0.86333334,0.93333334,10.8,0.0,2168180.2,0.2723369,1.7672551,0.9,7.0,2018.0,2.0,3.2,0.08080967,3.7528439,-42.864956,0.41472653,3.5892053,3.952966,212.86388,102.73024,15.390168,63.2067,2.6266637,-1.1514037,63.208496,7.86,1.8608483,-0.31,1.5,10.26667,0.0,3013287.2,1.5770202,4.637495,0.6,7.0,2018.0,3.0,0.3,101,8,27
10.15,2.0188017,10.691076,90.666885,60.96227,7.028394,6.0053325,512.612,190.02562,-33.95431,48.55277,-0.3961427,-6.08843,48.553474,12.456667,-0.5307392,0.23333333,1.3333334,11.66667,0.0,6184024.0,3.236382,8.1489725,1.6,7.0,2017.0,1.0,6.536667,3.8835084,18.410908,-3.2866445,-16.52997,4.333053,6.1067133,32.561836,91.88474,4.2443504,32.30826,6.9924164,3.364512,32.308826,8.786667,-0.05240538,1.6933334,1.5,11.26667,0.0,2513557.8,1.3156389,4.2903438,1.8,7.0,2017.0,2.0,6.55,4.77641,23.498178,100.04777,5.251543,13.240751,14.23436,70.49304,-9.933375,-42.398468,26.038351,10.166946,7.156663,26.038961,7.5933332,2.2483835,1.4266666,1.1333333,11.3,0.0,4264151.5,2.2316873,6.0200853,1.7,7.0,2017.0,3.0,7.6633334,4.210042,29.063696,-6.206469,18.735853,16.738297,16.52424,166.71085,229.79028,10.384268,28.262321,20.480661,16.818426,28.263376,7.91,2.9229984,0.29333332,0.93333334,11.0,0.0,6323520.5,3.3093872,8.224041,1.9,7.0,2017.0,4.0,4.1266665,3.605131,26.32312,387.5934,30.541452,19.341856,19.019276,-118.813995,-64.15247,44.710537,-2.3804615,19.086912,18.00509,-2.3800948,3.5133333,4.0509734,0.71,0.73333335,10.93333,0.0,6099340.5,3.1920667,7.8821106,1.3,7.0,2018.0,1.0,4.35,2.0122695,11.374775,-28.657715,19.87011,14.212743,13.834392,95.040924,195.48114,63.009117,42.63321,6.8232894,3.8334224,42.63416,5.69,3.1335497,-0.86333334,0.93333334,10.8,0.0,2168180.2,0.2723369,1.7672551,0.9,7.0,2018.0,2.0,3.2,0.08080967,3.7528439,-42.864956,0.41472653,3.5892053,3.952966,212.86388,102.73024,15.390168,63.2067,2.6266637,-1.1514037,63.208496,7.86,1.8608483,-0.31,1.5,10.26667,0.0,3013287.2,1.5770202,4.637495,0.6,7.0,2018.0,3.0,3.3366666,-2.0269806,-11.38181,-74.97601,-14.297749,1.7352515,3.4935324,-39.31107,-21.741093,-15.865325,32.37442,-3.491877,-4.8245454,32.3755,7.88,1.0739384,0.74333334,1.4333333,10.5,0.0,5781951.5,3.0259657,7.617566,0.3,7.0,2018.0,4.0,0.5,102,8,27
6.536667,3.8835084,18.410908,-3.2866445,-16.52997,4.333053,6.1067133,32.561836,91.88474,4.2443504,32.30826,6.9924164,3.364512,32.308826,8.786667,-0.05240538,1.6933334,1.5,11.26667,0.0,2513557.8,1.3156389,4.2903438,1.8,7.0,2017.0,2.0,6.55,4.77641,23.498178,100.04777,5.251543,13.240751,14.23436,70.49304,-9.933375,-42.398468,26.038351,10.166946,7.156663,26.038961,7.5933332,2.2483835,1.4266666,1.1333333,11.3,0.0,4264151.5,2.2316873,6.0200853,1.7,7.0,2017.0,3.0,7.6633334,4.210042,29.063696,-6.206469,18.735853,16.738297,16.52424,166.71085,229.79028,10.384268,28.262321,20.480661,16.818426,28.263376,7.91,2.9229984,0.29333332,0.93333334,11.0,0.0,6323520.5,3.3093872,8.224041,1.9,7.0,2017.0,4.0,4.1266665,3.605131,26.32312,387.5934,30.541452,19.341856,19.019276,-118.813995,-64.15247,44.710537,-2.3804615,19.086912,18.00509,-2.3800948,3.5133333,4.0509734,0.71,0.73333335,10.93333,0.0,6099340.5,3.1920667,7.8821106,1.3,7.0,2018.0,1.0,4.35,2.0122695,11.374775,-28.657715,19.87011,14.212743,13.834392,95.040924,195.48114,63.009117,42.63321,6.8232894,3.8334224,42.63416,5.69,3.1335497,-0.86333334,0.93333334,10.8,0.0,2168180.2,0.2723369,1.7672551,0.9,7.0,2018.0,2.0,3.2,0.08080967,3.7528439,-42.864956,0.41472653,3.5892053,3.952966,212.86388,102.73024,15.390168,63.2067,2.6266637,-1.1514037,63.208496,7.86,1.8608483,-0.31,1.5,10.26667,0.0,3013287.2,1.5770202,4.637495,0.6,7.0,2018.0,3.0,3.3366666,-2.0269806,-11.38181,-74.97601,-14.297749,1.7352515,3.4935324,-39.31107,-21.741093,-15.865325,32.37442,-3.491877,-4.8245454,32.3755,7.88,1.0739384,0.74333334,1.4333333,10.5,0.0,5781951.5,3.0259657,7.617566,0.3,7.0,2018.0,4.0,2.7533333,-0.45288122,-7.1099935,-49.73946,19.038874,-5.4396434,-6.2129517,58.734802,37.34439,12.479674,53.08119,-5.780673,-8.438034,53.08211,1.6233333,-0.3918121,-0.4,0.96666664,10.33333,0.0,6409423.5,3.3543446,8.447962,0.5,7.0,2019.0,1.0,0.8,103,8,27
6.55,4.77641,23.498178,100.04777,5.251543,13.240751,14.23436,70.49304,-9.933375,-42.398468,26.038351,10.166946,7.156663,26.038961,7.5933332,2.2483835,1.4266666,1.1333333,11.3,0.0,4264151.5,2.2316873,6.0200853,1.7,7.0,2017.0,3.0,7.6633334,4.210042,29.063696,-6.206469,18.735853,16.738297,16.52424,166.71085,229.79028,10.384268,28.262321,20.480661,16.818426,28.263376,7.91,2.9229984,0.29333332,0.93333334,11.0,0.0,6323520.5,3.3093872,8.224041,1.9,7.0,2017.0,4.0,4.1266665,3.605131,26.32312,387.5934,30.541452,19.341856,19.019276,-118.813995,-64.15247,44.710537,-2.3804615,19.086912,18.00509,-2.3800948,3.5133333,4.0509734,0.71,0.73333335,10.93333,0.0,6099340.5,3.1920667,7.8821106,1.3,7.0,2018.0,1.0,4.35,2.0122695,11.374775,-28.657715,19.87011,14.212743,13.834392,95.040924,195.48114,63.009117,42.63321,6.8232894,3.8334224,42.63416,5.69,3.1335497,-0.86333334,0.93333334,10.8,0.0,2168180.2,0.2723369,1.7672551,0.9,7.0,2018.0,2.0,3.2,0.08080967,3.7528439,-42.864956,0.41472653,3.5892053,3.952966,212.86388,102.73024,15.390168,63.2067,2.6266637,-1.1514037,63.208496,7.86,1.8608483,-0.31,1.5,10.26667,0.0,3013287.2,1.5770202,4.637495,0.6,7.0,2018.0,3.0,3.3366666,-2.0269806,-11.38181,-74.97601,-14.297749,1.7352515,3.4935324,-39.31107,-21.741093,-15.865325,32.37442,-3.491877,-4.8245454,32.3755,7.88,1.0739384,0.74333334,1.4333333,10.5,0.0,5781951.5,3.0259657,7.617566,0.3,7.0,2018.0,4.0,2.7533333,-0.45288122,-7.1099935,-49.73946,19.038874,-5.4396434,-6.2129517,58.734802,37.34439,12.479674,53.08119,-5.780673,-8.438034,53.08211,1.6233333,-0.3918121,-0.4,0.96666664,10.33333,0.0,6409423.5,3.3543446,8.447962,0.5,7.0,2019.0,1.0,3.8633332,-0.9533819,-2.6785975,-9.442232,5.384683,-3.32111,-3.9342034,-498.87134,-36.68484,-29.15279,32.982227,1.2445371,0.10132519,32.9846,1.29,-0.16802949,1.1966667,0.8666667,9.966666,0.0,2479106.5,1.2977116,4.0529685,0.8,7.0,2019.0,2.0,0.8,104,8,27
7.6633334,4.210042,29.063696,-6.206469,18.735853,16.738297,16.52424,166.71085,229.79028,10.384268,28.262321,20.480661,16.818426,28.263376,7.91,2.9229984,0.29333332,0.93333334,11.0,0.0,6323520.5,3.3093872,8.224041,1.9,7.0,2017.0,4.0,4.1266665,3.605131,26.32312,387.5934,30.541452,19.341856,19.019276,-118.813995,-64.15247,44.710537,-2.3804615,19.086912,18.00509,-2.3800948,3.5133333,4.0509734,0.71,0.73333335,10.93333,0.0,6099340.5,3.1920667,7.8821106,1.3,7.0,2018.0,1.0,4.35,2.0122695,11.374775,-28.657715,19.87011,14.212743,13.834392,95.040924,195.48114,63.009117,42.63321,6.8232894,3.8334224,42.63416,5.69,3.1335497,-0.86333334,0.93333334,10.8,0.0,2168180.2,0.2723369,1.7672551,0.9,7.0,2018.0,2.0,3.2,0.08080967,3.7528439,-42.864956,0.41472653,3.5892053,3.952966,212.86388,102.73024,15.390168,63.2067,2.6266637,-1.1514037,63.208496,7.86,1.8608483,-0.31,1.5,10.26667,0.0,3013287.2,1.5770202,4.637495,0.6,7.0,2018.0,3.0,3.3366666,-2.0269806,-11.38181,-74.97601,-14.297749,1.7352515,3.4935324,-39.31107,-21.741093,-15.865325,32.37442,-3.491877,-4.8245454,32.3755,7.88,1.0739384,0.74333334,1.4333333,10.5,0.0,5781951.5,3.0259657,7.617566,0.3,7.0,2018.0,4.0,2.7533333,-0.45288122,-7.1099935,-49.73946,19.038874,-5.4396434,-6.2129517,58.734802,37.34439,12.479674,53.08119,-5.780673,-8.438034,53.08211,1.6233333,-0.3918121,-0.4,0.96666664,10.33333,0.0,6409423.5,3.3543446,8.447962,0.5,7.0,2019.0,1.0,3.8633332,-0.9533819,-2.6785975,-9.442232,5.384683,-3.32111,-3.9342034,-498.87134,-36.68484,-29.15279,32.982227,1.2445371,0.10132519,32.9846,1.29,-0.16802949,1.1966667,0.8666667,9.966666,0.0,2479106.5,1.2977116,4.0529685,0.8,7.0,2019.0,2.0,3.62,-1.1760206,-1.81105,-8.42721,6.8230686,-1.7956703,-2.7496681,-144.45395,-20.511465,12.931004,-39.895782,-0.60737544,0.25788483,-39.90067,0.0,-1.1464765,1.3666667,0.36666667,9.6,0.0,4017505.5,2.10271,5.719717,0.8,7.0,2019.0,3.0,-0.2,105,8,27
-10.18,0.3006012,6.388396,132.29431,47.03024,7.8463726,0.6283413,-58.152554,-73.54131,35.535034,6.704069,15.075452,19.903585,6.704362,-19.223333,21.574902,-1.3666667,-0.46666667,3.033333,-0.1,2564788.8,1.2129946,5.0707397,0.5,3.0,2016.0,3.0,-1.75,1.5794669,3.7359037,-68.99099,43.460953,8.480789,4.335045,-133.53102,375.96475,148.07814,6.0427194,8.431889,9.711495,6.0414524,-9.173333,14.310739,0.73333335,0.3,3.0,-0.1,3266617.0,1.513005,5.4535336,1.0,3.0,2016.0,4.0,8.19,2.3976023,15.267192,-38.366066,6.432104,9.534567,10.313421,87.87372,2.492713,-86.63887,-3.746674,1.7458525,4.8496795,-3.7481093,8.666667,3.2504032,1.1,0.3,2.9,-0.1,4114730.2,1.8717992,6.283929,1.0,3.0,2017.0,1.0,10.69,4.4421487,13.5856695,-33.29777,-4.546068,6.8140874,9.095832,-3686.6675,29.860872,541.1676,-3.4955482,-1.4076822,-0.2998144,-3.4985127,16.243334,-1.0080618,2.5,0.4,2.866667,-0.1,2349819.2,1.0699939,4.3289165,1.4,3.0,2017.0,2.0,15.193334,2.4975026,13.226967,-56.187683,8.847509,5.0320287,4.005084,78.28297,418.62512,-61.623074,-1.0353355,-0.0640206,0.43585864,-1.0379283,14.786667,-8.829785,1.9666667,0.6,2.8,-0.1,3037990.8,1.3824246,4.798863,2.0,3.0,2017.0,3.0,13.183333,3.1098154,20.993376,138.19942,-1.3396983,7.765928,9.249791,43.896317,-56.43683,-45.340046,1.299668,6.2952003,8.880218,1.298992,17.096666,-6.657398,1.8333334,0.6,2.7,-0.1,3968837.2,1.8052752,6.1392555,2.2,3.0,2017.0,4.0,5.4066668,12.097561,23.424158,42.860332,-1.2557186,9.932455,12.642354,-44.85407,-33.042225,36.68874,1.0613433,9.196253,13.416347,1.0591823,8.16,-2.0620847,1.4,1.3333334,2.466667,-0.1,4485070.0,2.0399866,6.607088,1.4,3.0,2018.0,1.0,7.5466666,11.1770525,14.753672,9.022053,6.5778894,10.328527,10.987661,50.80226,-64.984825,-54.069958,-0.6738956,5.4092965,8.531031,-0.67749935,7.4766665,-2.2552216,1.2666667,0.6666667,2.366667,-0.1,2235409.0,0.10167163,1.3241796,1.3,3.0,2018.0,2.0,0.0,106,8,27
-1.75,1.5794669,3.7359037,-68.99099,43.460953,8.480789,4.335045,-133.53102,375.96475,148.07814,6.0427194,8.431889,9.711495,6.0414524,-9.173333,14.310739,0.73333335,0.3,3.0,-0.1,3266617.0,1.513005,5.4535336,1.0,3.0,2016.0,4.0,8.19,2.3976023,15.267192,-38.366066,6.432104,9.534567,10.313421,87.87372,2.492713,-86.63887,-3.746674,1.7458525,4.8496795,-3.7481093,8.666667,3.2504032,1.1,0.3,2.9,-0.1,4114730.2,1.8717992,6.283929,1.0,3.0,2017.0,1.0,10.69,4.4421487,13.5856695,-33.29777,-4.546068,6.8140874,9.095832,-3686.6675,29.860872,541.1676,-3.4955482,-1.4076822,-0.2998144,-3.4985127,16.243334,-1.0080618,2.5,0.4,2.866667,-0.1,2349819.2,1.0699939,4.3289165,1.4,3.0,2017.0,2.0,15.193334,2.4975026,13.226967,-56.187683,8.847509,5.0320287,4.005084,78.28297,418.62512,-61.623074,-1.0353355,-0.0640206,0.43585864,-1.0379283,14.786667,-8.829785,1.9666667,0.6,2.8,-0.1,3037990.8,1.3824246,4.798863,2.0,3.0,2017.0,3.0,13.183333,3.1098154,20.993376,138.19942,-1.3396983,7.765928,9.249791,43.896317,-56.43683,-45.340046,1.299668,6.2952003,8.880218,1.298992,17.096666,-6.657398,1.8333334,0.6,2.7,-0.1,3968837.2,1.8052752,6.1392555,2.2,3.0,2017.0,4.0,5.4066668,12.097561,23.424158,42.860332,-1.2557186,9.932455,12.642354,-44.85407,-33.042225,36.68874,1.0613433,9.196253,13.416347,1.0591823,8.16,-2.0620847,1.4,1.3333334,2.466667,-0.1,4485070.0,2.0399866,6.607088,1.4,3.0,2018.0,1.0,7.5466666,11.1770525,14.753672,9.022053,6.5778894,10.328527,10.987661,50.80226,-64.984825,-54.069958,-0.6738956,5.4092965,8.531031,-0.67749935,7.4766665,-2.2552216,1.2666667,0.6666667,2.366667,-0.1,2235409.0,0.10167163,1.3241796,1.3,3.0,2018.0,2.0,3.0133333,10.038986,8.039448,-13.856365,-20.186714,4.0012894,10.814655,-11.726194,-15.421413,-0.5739757,-2.777262,3.8134272,7.1491814,-2.7823615,12.363334,1.5965443,2.1333334,1.1333333,2.433333,-0.1,2920401.5,1.3293158,4.88536,0.0,3.0,2018.0,3.0,-0.1,107,8,27
8.19,2.3976023,15.267192,-38.366066,6.432104,9.534567,10.313421,87.87372,2.492713,-86.63887,-3.746674,1.7458525,4.8496795,-3.7481093,8.666667,3.2504032,1.1,0.3,2.9,-0.1,4114730.2,1.8717992,6.283929,1.0,3.0,2017.0,1.0,10.69,4.4421487,13.5856695,-33.29777,-4.546068,6.8140874,9.095832,-3686.6675,29.860872,541.1676,-3.4955482,-1.4076822,-0.2998144,-3.4985127,16.243334,-1.0080618,2.5,0.4,2.866667,-0.1,2349819.2,1.0699939,4.3289165,1.4,3.0,2017.0,2.0,15.193334,2.4975026,13.226967,-56.187683,8.847509,5.0320287,4.005084,78.28297,418.62512,-61.623074,-1.0353355,-0.0640206,0.43585864,-1.0379283,14.786667,-8.829785,1.9666667,0.6,2.8,-0.1,3037990.8,1.3824246,4.798863,2.0,3.0,2017.0,3.0,13.183333,3.1098154,20.993376,138.19942,-1.3396983,7.765928,9.249791,43.896317,-56.43683,-45.340046,1.299668,6.2952003,8.880218,1.298992,17.096666,-6.657398,1.8333334,0.6,2.7,-0.1,3968837.2,1.8052752,6.1392555,2.2,3.0,2017.0,4.0,5.4066668,12.097561,23.424158,42.860332,-1.2557186,9.932455,12.642354,-44.85407,-33.042225,36.68874,1.0613433,9.196253,13.416347,1.0591823,8.16,-2.0620847,1.4,1.3333334,2.466667,-0.1,4485070.0,2.0399866,6.607088,1.4,3.0,2018.0,1.0,7.5466666,11.1770525,14.753672,9.022053,6.5778894,10.328527,10.987661,50.80226,-64.984825,-54.069958,-0.6738956,5.4092965,8.531031,-0.67749935,7.4766665,-2.2552216,1.2666667,0.6666667,2.366667,-0.1,2235409.0,0.10167163,1.3241796,1.3,3.0,2018.0,2.0,3.0133333,10.038986,8.039448,-13.856365,-20.186714,4.0012894,10.814655,-11.726194,-15.421413,-0.5739757,-2.777262,3.8134272,7.1491814,-2.7823615,12.363334,1.5965443,2.1333334,1.1333333,2.433333,-0.1,2920401.5,1.3293158,4.88536,0.0,3.0,2018.0,3.0,1.49,11.498587,-9.449511,-10.428628,-38.56653,3.4945254,9.684461,47.999397,513.46313,3.5164893,5.625538,2.3348863,0.75648576,5.6138616,11.466666,3.593285,2.1,0.8333333,2.466667,-0.1,3601043.5,1.6379882,5.6059623,-0.1,3.0,2018.0,4.0,-0.2,108,8,27
10.69,4.4421487,13.5856695,-33.29777,-4.546068,6.8140874,9.095832,-3686.6675,29.860872,541.1676,-3.4955482,-1.4076822,-0.2998144,-3.4985127,16.243334,-1.0080618,2.5,0.4,2.866667,-0.1,2349819.2,1.0699939,4.3289165,1.4,3.0,2017.0,2.0,15.193334,2.4975026,13.226967,-56.187683,8.847509,5.0320287,4.005084,78.28297,418.62512,-61.623074,-1.0353355,-0.0640206,0.43585864,-1.0379283,14.786667,-8.829785,1.9666667,0.6,2.8,-0.1,3037990.8,1.3824246,4.798863,2.0,3.0,2017.0,3.0,13.183333,3.1098154,20.993376,138.19942,-1.3396983,7.765928,9.249791,43.896317,-56.43683,-45.340046,1.299668,6.2952003,8.880218,1.298992,17.096666,-6.657398,1.8333334,0.6,2.7,-0.1,3968837.2,1.8052752,6.1392555,2.2,3.0,2017.0,4.0,5.4066668,12.097561,23.424158,42.860332,-1.2557186,9.932455,12.642354,-44.85407,-33.042225,36.68874,1.0613433,9.196253,13.416347,1.0591823,8.16,-2.0620847,1.4,1.3333334,2.466667,-0.1,4485070.0,2.0399866,6.607088,1.4,3.0,2018.0,1.0,7.5466666,11.1770525,14.753672,9.022053,6.5778894,10.328527,10.987661,50.80226,-64.984825,-54.069958,-0.6738956,5.4092965,8.531031,-0.67749935,7.4766665,-2.2552216,1.2666667,0.6666667,2.366667,-0.1,2235409.0,0.10167163,1.3241796,1.3,3.0,2018.0,2.0,3.0133333,10.038986,8.039448,-13.856365,-20.186714,4.0012894,10.814655,-11.726194,-15.421413,-0.5739757,-2.777262,3.8134272,7.1491814,-2.7823615,12.363334,1.5965443,2.1333334,1.1333333,2.433333,-0.1,2920401.5,1.3293158,4.88536,0.0,3.0,2018.0,3.0,1.49,11.498587,-9.449511,-10.428628,-38.56653,3.4945254,9.684461,47.999397,513.46313,3.5164893,5.625538,2.3348863,0.75648576,5.6138616,11.466666,3.593285,2.1,0.8333333,2.466667,-0.1,3601043.5,1.6379882,5.6059623,-0.1,3.0,2018.0,4.0,-4.016667,-1.5665796,-11.859413,17.532024,-3.7376742,-1.6022383,-1.1488286,50.23465,457.69913,-24.153177,9.225004,3.1131325,0.2967341,9.207659,-1.9633334,3.4912837,0.73333335,0.3,2.466667,-0.1,4134018.0,1.8813035,6.347691,-0.2,3.0,2019.0,1.0,0.0,109,8,27
15.193334,2.4975026,13.226967,-56.187683,8.847509,5.0320287,4.005084,78.28297,418.62512,-61.623074,-1.0353355,-0.0640206,0.43585864,-1.0379283,14.786667,-8.829785,1.9666667,0.6,2.8,-0.1,3037990.8,1.3824246,4.798863,2.0,3.0,2017.0,3.0,13.183333,3.1098154,20.993376,138.19942,-1.3396983,7.765928,9.249791,43.896317,-56.43683,-45.340046,1.299668,6.2952003,8.880218,1.298992,17.096666,-6.657398,1.8333334,0.6,2.7,-0.1,3968837.2,1.8052752,6.1392555,2.2,3.0,2017.0,4.0,5.4066668,12.097561,23.424158,42.860332,-1.2557186,9.932455,12.642354,-44.85407,-33.042225,36.68874,1.0613433,9.196253,13.416347,1.0591823,8.16,-2.0620847,1.4,1.3333334,2.466667,-0.1,4485070.0,2.0399866,6.607088,1.4,3.0,2018.0,1.0,7.5466666,11.1770525,14.753672,9.022053,6.5778894,10.328527,10.987661,50.80226,-64.984825,-54.069958,-0.6738956,5.4092965,8.531031,-0.67749935,7.4766665,-2.2552216,1.2666667,0.6666667,2.366667,-0.1,2235409.0,0.10167163,1.3241796,1.3,3.0,2018.0,2.0,3.0133333,10.038986,8.039448,-13.856365,-20.186714,4.0012894,10.814655,-11.726194,-15.421413,-0.5739757,-2.777262,3.8134272,7.1491814,-2.7823615,12.363334,1.5965443,2.1333334,1.1333333,2.433333,-0.1,2920401.5,1.3293158,4.88536,0.0,3.0,2018.0,3.0,1.49,11.498587,-9.449511,-10.428628,-38.56653,3.4945254,9.684461,47.999397,513.46313,3.5164893,5.625538,2.3348863,0.75648576,5.6138616,11.466666,3.593285,2.1,0.8333333,2.466667,-0.1,3601043.5,1.6379882,5.6059623,-0.1,3.0,2018.0,4.0,-4.016667,-1.5665796,-11.859413,17.532024,-3.7376742,-1.6022383,-1.1488286,50.23465,457.69913,-24.153177,9.225004,3.1131325,0.2967341,9.207659,-1.9633334,3.4912837,0.73333335,0.3,2.466667,-0.1,4134018.0,1.8813035,6.347691,-0.2,3.0,2019.0,1.0,-5.5666666,-1.7793595,-9.890452,14.50388,-13.303141,-1.1704568,0.8770136,-43.83997,-53.69988,26.707148,12.743272,7.358177,4.8384414,12.726693,-0.05,3.9482768,0.73333335,0.76666665,2.333333,-0.1,2256441.0,1.0294509,4.2578235,0.0,3.0,2019.0,2.0,0.6,110,8,27
13.183333,3.1098154,20.993376,138.19942,-1.3396983,7.765928,9.249791,43.896317,-56.43683,-45.340046,1.299668,6.2952003,8.880218,1.298992,17.096666,-6.657398,1.8333334,0.6,2.7,-0.1,3968837.2,1.8052752,6.1392555,2.2,3.0,2017.0,4.0,5.4066668,12.097561,23.424158,42.860332,-1.2557186,9.932455,12.642354,-44.85407,-33.042225,36.68874,1.0613433,9.196253,13.416347,1.0591823,8.16,-2.0620847,1.4,1.3333334,2.466667,-0.1,4485070.0,2.0399866,6.607088,1.4,3.0,2018.0,1.0,7.5466666,11.1770525,14.753672,9.022053,6.5778894,10.328527,10.987661,50.80226,-64.984825,-54.069958,-0.6738956,5.4092965,8.531031,-0.67749935,7.4766665,-2.2552216,1.2666667,0.6666667,2.366667,-0.1,2235409.0,0.10167163,1.3241796,1.3,3.0,2018.0,2.0,3.0133333,10.038986,8.039448,-13.856365,-20.186714,4.0012894,10.814655,-11.726194,-15.421413,-0.5739757,-2.777262,3.8134272,7.1491814,-2.7823615,12.363334,1.5965443,2.1333334,1.1333333,2.433333,-0.1,2920401.5,1.3293158,4.88536,0.0,3.0,2018.0,3.0,1.49,11.498587,-9.449511,-10.428628,-38.56653,3.4945254,9.684461,47.999397,513.46313,3.5164893,5.625538,2.3348863,0.75648576,5.6138616,11.466666,3.593285,2.1,0.8333333,2.466667,-0.1,3601043.5,1.6379882,5.6059623,-0.1,3.0,2018.0,4.0,-4.016667,-1.5665796,-11.859413,17.532024,-3.7376742,-1.6022383,-1.1488286,50.23465,457.69913,-24.153177,9.225004,3.1131325,0.2967341,9.207659,-1.9633334,3.4912837,0.73333335,0.3,2.466667,-0.1,4134018.0,1.8813035,6.347691,-0.2,3.0,2019.0,1.0,-5.5666666,-1.7793595,-9.890452,14.50388,-13.303141,-1.1704568,0.8770136,-43.83997,-53.69988,26.707148,12.743272,7.358177,4.8384414,12.726693,-0.05,3.9482768,0.73333335,0.76666665,2.333333,-0.1,2256441.0,1.0294509,4.2578235,0.0,3.0,2019.0,2.0,-4.98,-0.6200177,-7.01906,72.822136,-1.9998469,2.3719077,3.25885,-803.74316,-41.24033,478.0654,12.356528,7.550089,5.3536406,12.3368025,-4.8,6.128601,3.0,0.33333334,2.333333,-0.1,3082423.0,1.4032693,5.03228,0.6,3.0,2019.0,3.0,-2.0,111,8,27
-3.0333333,-1.609753,10.803168,110.1662,8.111542,-1.2777408,-1.5872524,-40.072266,-15.852459,32.651634,-5.255752,-1.938367,-1.6649163,-5.252726,-4.1866665,0.7133054,1.1333333,1.0666667,10.4,0.75,6165370.5,1.5438573,7.193801,-0.1,5.0,2013.0,1.0,0.79333335,0.83042234,22.534327,65.46779,40.319054,3.5301225,1.8017534,705.3682,381.5344,22.002373,-49.540314,1.2757674,2.9955375,-49.53733,-2.0966666,1.2268412,2.6333334,0.8,10.43333,0.5833333,1882847.9,0.48381555,2.110632,1.2,5.0,2013.0,2.0,-2.5866666,-1.3040193,25.401194,-166.27704,-37.552605,6.189604,6.7133055,150.6106,-43.029373,-89.90603,-59.455803,0.8499027,3.072065,-59.452667,-1.76,3.2243845,2.3666666,0.96666664,10.2,0.5,2064652.5,0.50310886,3.4911282,0.9,5.0,2013.0,3.0,-0.63666666,1.194029,28.016424,147.1226,81.56864,7.1674886,5.263793,5.134377,14.763946,76.46731,-36.817177,0.10338899,1.6431985,-36.81506,-0.8566667,3.0019312,1.7333333,0.6666667,10.16667,0.33333334,5466326.5,1.4029585,7.6902604,1.6,5.0,2013.0,4.0,-0.63666666,-0.63383734,23.250061,-1379.7255,-51.84381,6.558306,8.472896,1022.77954,478.52148,-4.1661935,-59.576023,4.822365,7.0509877,-59.577835,-1.2633333,2.5614693,1.7666667,0.7,10.2,0.25,5552670.0,1.3802834,9.056035,1.5,5.0,2014.0,1.0,-2.0966666,-2.2256513,27.63972,-529.85693,-196.16171,4.3683057,8.798982,-102.54401,-76.370674,115.45234,-26.27092,7.611849,8.577196,-26.270638,-1.6233333,2.4034762,1.7,0.6333333,10.2,0.21666667,1755832.4,0.44111654,2.6298747,0.8,5.0,2014.0,2.0,0.15,0.239678,11.790824,129.23314,54.557636,3.5606394,2.3089578,448.91595,302.23703,-18.75598,8.284789,-0.13912018,-0.6169405,8.284589,-0.33,0.21970187,1.1666666,0.4,10.23333,0.11666667,2826927.5,0.69318753,3.521503,1.4,5.0,2014.0,3.0,2.6833334,-1.4650997,-3.94223,182.12057,249.25575,-2.343832,-3.2717898,-41.660145,-2.1610959,152.68599,15.67904,-1.7888442,-2.5730977,15.67999,-0.95666665,-1.6251942,1.8,0.3,10.46667,0.05,5577808.5,1.4733046,8.490005,0.4,5.0,2014.0,4.0,1.0,112,8,27
0.79333335,0.83042234,22.534327,65.46779,40.319054,3.5301225,1.8017534,705.3682,381.5344,22.002373,-49.540314,1.2757674,2.9955375,-49.53733,-2.0966666,1.2268412,2.6333334,0.8,10.43333,0.5833333,1882847.9,0.48381555,2.110632,1.2,5.0,2013.0,2.0,-2.5866666,-1.3040193,25.401194,-166.27704,-37.552605,6.189604,6.7133055,150.6106,-43.029373,-89.90603,-59.455803,0.8499027,3.072065,-59.452667,-1.76,3.2243845,2.3666666,0.96666664,10.2,0.5,2064652.5,0.50310886,3.4911282,0.9,5.0,2013.0,3.0,-0.63666666,1.194029,28.016424,147.1226,81.56864,7.1674886,5.263793,5.134377,14.763946,76.46731,-36.817177,0.10338899,1.6431985,-36.81506,-0.8566667,3.0019312,1.7333333,0.6666667,10.16667,0.33333334,5466326.5,1.4029585,7.6902604,1.6,5.0,2013.0,4.0,-0.63666666,-0.63383734,23.250061,-1379.7255,-51.84381,6.558306,8.472896,1022.77954,478.52148,-4.1661935,-59.576023,4.822365,7.0509877,-59.577835,-1.2633333,2.5614693,1.7666667,0.7,10.2,0.25,5552670.0,1.3802834,9.056035,1.5,5.0,2014.0,1.0,-2.0966666,-2.2256513,27.63972,-529.85693,-196.16171,4.3683057,8.798982,-102.54401,-76.370674,115.45234,-26.27092,7.611849,8.577196,-26.270638,-1.6233333,2.4034762,1.7,0.6333333,10.2,0.21666667,1755832.4,0.44111654,2.6298747,0.8,5.0,2014.0,2.0,0.15,0.239678,11.790824,129.23314,54.557636,3.5606394,2.3089578,448.91595,302.23703,-18.75598,8.284789,-0.13912018,-0.6169405,8.284589,-0.33,0.21970187,1.1666666,0.4,10.23333,0.11666667,2826927.5,0.69318753,3.521503,1.4,5.0,2014.0,3.0,2.6833334,-1.4650997,-3.94223,182.12057,249.25575,-2.343832,-3.2717898,-41.660145,-2.1610959,152.68599,15.67904,-1.7888442,-2.5730977,15.67999,-0.95666665,-1.6251942,1.8,0.3,10.46667,0.05,5577808.5,1.4733046,8.490005,0.4,5.0,2014.0,4.0,3.4333334,1.1187854,-5.4348235,-14.5297,39.122066,-12.60646,-14.17576,-25.702732,-16.674707,75.707954,20.648363,-6.5862055,-7.4394135,20.648752,-0.12,-5.1119165,2.6666667,-0.26666668,10.36667,0.05,6160091.0,1.501966,8.884181,1.0,5.0,2015.0,1.0,1.0,113,8,27
-2.5866666,-1.3040193,25.401194,-166.27704,-37.552605,6.189604,6.7133055,150.6106,-43.029373,-89.90603,-59.455803,0.8499027,3.072065,-59.452667,-1.76,3.2243845,2.3666666,0.96666664,10.2,0.5,2064652.5,0.50310886,3.4911282,0.9,5.0,2013.0,3.0,-0.63666666,1.194029,28.016424,147.1226,81.56864,7.1674886,5.263793,5.134377,14.763946,76.46731,-36.817177,0.10338899,1.6431985,-36.81506,-0.8566667,3.0019312,1.7333333,0.6666667,10.16667,0.33333334,5466326.5,1.4029585,7.6902604,1.6,5.0,2013.0,4.0,-0.63666666,-0.63383734,23.250061,-1379.7255,-51.84381,6.558306,8.472896,1022.77954,478.52148,-4.1661935,-59.576023,4.822365,7.0509877,-59.577835,-1.2633333,2.5614693,1.7666667,0.7,10.2,0.25,5552670.0,1.3802834,9.056035,1.5,5.0,2014.0,1.0,-2.0966666,-2.2256513,27.63972,-529.85693,-196.16171,4.3683057,8.798982,-102.54401,-76.370674,115.45234,-26.27092,7.611849,8.577196,-26.270638,-1.6233333,2.4034762,1.7,0.6333333,10.2,0.21666667,1755832.4,0.44111654,2.6298747,0.8,5.0,2014.0,2.0,0.15,0.239678,11.790824,129.23314,54.557636,3.5606394,2.3089578,448.91595,302.23703,-18.75598,8.284789,-0.13912018,-0.6169405,8.284589,-0.33,0.21970187,1.1666666,0.4,10.23333,0.11666667,2826927.5,0.69318753,3.521503,1.4,5.0,2014.0,3.0,2.6833334,-1.4650997,-3.94223,182.12057,249.25575,-2.343832,-3.2717898,-41.660145,-2.1610959,152.68599,15.67904,-1.7888442,-2.5730977,15.67999,-0.95666665,-1.6251942,1.8,0.3,10.46667,0.05,5577808.5,1.4733046,8.490005,0.4,5.0,2014.0,4.0,3.4333334,1.1187854,-5.4348235,-14.5297,39.122066,-12.60646,-14.17576,-25.702732,-16.674707,75.707954,20.648363,-6.5862055,-7.4394135,20.648752,-0.12,-5.1119165,2.6666667,-0.26666668,10.36667,0.05,6160091.0,1.501966,8.884181,1.0,5.0,2015.0,1.0,7.14,1.3055674,-8.186703,163.6736,106.357216,-10.125783,-16.177204,-3288.7568,-35.226265,252.42612,31.990799,-10.655577,-11.939274,31.99086,2.5933332,-5.8093085,4.1666665,0.23333333,10.43333,0.05,895529.9,0.28023046,1.8493772,1.0,5.0,2015.0,2.0,0.7,114,8,27
-0.63666666,1.194029,28.016424,147.1226,81.56864,7.1674886,5.263793,5.134377,14.763946,76.46731,-36.817177,0.10338899,1.6431985,-36.81506,-0.8566667,3.0019312,1.7333333,0.6666667,10.16667,0.33333334,5466326.5,1.4029585,7.6902604,1.6,5.0,2013.0,4.0,-0.63666666,-0.63383734,23.250061,-1379.7255,-51.84381,6.558306,8.472896,1022.77954,478.52148,-4.1661935,-59.576023,4.822365,7.0509877,-59.577835,-1.2633333,2.5614693,1.7666667,0.7,10.2,0.25,5552670.0,1.3802834,9.056035,1.5,5.0,2014.0,1.0,-2.0966666,-2.2256513,27.63972,-529.85693,-196.16171,4.3683057,8.798982,-102.54401,-76.370674,115.45234,-26.27092,7.611849,8.577196,-26.270638,-1.6233333,2.4034762,1.7,0.6333333,10.2,0.21666667,1755832.4,0.44111654,2.6298747,0.8,5.0,2014.0,2.0,0.15,0.239678,11.790824,129.23314,54.557636,3.5606394,2.3089578,448.91595,302.23703,-18.75598,8.284789,-0.13912018,-0.6169405,8.284589,-0.33,0.21970187,1.1666666,0.4,10.23333,0.11666667,2826927.5,0.69318753,3.521503,1.4,5.0,2014.0,3.0,2.6833334,-1.4650997,-3.94223,182.12057,249.25575,-2.343832,-3.2717898,-41.660145,-2.1610959,152.68599,15.67904,-1.7888442,-2.5730977,15.67999,-0.95666665,-1.6251942,1.8,0.3,10.46667,0.05,5577808.5,1.4733046,8.490005,0.4,5.0,2014.0,4.0,3.4333334,1.1187854,-5.4348235,-14.5297,39.122066,-12.60646,-14.17576,-25.702732,-16.674707,75.707954,20.648363,-6.5862055,-7.4394135,20.648752,-0.12,-5.1119165,2.6666667,-0.26666668,10.36667,0.05,6160091.0,1.501966,8.884181,1.0,5.0,2015.0,1.0,7.14,1.3055674,-8.186703,163.6736,106.357216,-10.125783,-16.177204,-3288.7568,-35.226265,252.42612,31.990799,-10.655577,-11.939274,31.99086,2.5933332,-5.8093085,4.1666665,0.23333333,10.43333,0.05,895529.9,0.28023046,1.8493772,1.0,5.0,2015.0,2.0,3.6533334,1.1694363,-6.644134,-206.77516,100.64776,-10.535994,-11.398357,-84.70619,-75.998566,52.749966,14.41181,-7.12255,-7.517155,14.411829,-0.65,-3.4686255,4.133333,0.06666667,10.3,0.05,2328584.8,0.5837335,3.670922,0.7,5.0,2015.0,3.0,1.2,115,8,27
-0.63666666,-0.63383734,23.250061,-1379.7255,-51.84381,6.558306,8.472896,1022.77954,478.52148,-4.1661935,-59.576023,4.822365,7.0509877,-59.577835,-1.2633333,2.5614693,1.7666667,0.7,10.2,0.25,5552670.0,1.3802834,9.056035,1.5,5.0,2014.0,1.0,-2.0966666,-2.2256513,27.63972,-529.85693,-196.16171,4.3683057,8.798982,-102.54401,-76.370674,115.45234,-26.27092,7.611849,8.577196,-26.270638,-1.6233333,2.4034762,1.7,0.6333333,10.2,0.21666667,1755832.4,0.44111654,2.6298747,0.8,5.0,2014.0,2.0,0.15,0.239678,11.790824,129.23314,54.557636,3.5606394,2.3089578,448.91595,302.23703,-18.75598,8.284789,-0.13912018,-0.6169405,8.284589,-0.33,0.21970187,1.1666666,0.4,10.23333,0.11666667,2826927.5,0.69318753,3.521503,1.4,5.0,2014.0,3.0,2.6833334,-1.4650997,-3.94223,182.12057,249.25575,-2.343832,-3.2717898,-41.660145,-2.1610959,152.68599,15.67904,-1.7888442,-2.5730977,15.67999,-0.95666665,-1.6251942,1.8,0.3,10.46667,0.05,5577808.5,1.4733046,8.490005,0.4,5.0,2014.0,4.0,3.4333334,1.1187854,-5.4348235,-14.5297,39.122066,-12.60646,-14.17576,-25.702732,-16.674707,75.707954,20.648363,-6.5862055,-7.4394135,20.648752,-0.12,-5.1119165,2.6666667,-0.26666668,10.36667,0.05,6160091.0,1.501966,8.884181,1.0,5.0,2015.0,1.0,7.14,1.3055674,-8.186703,163.6736,106.357216,-10.125783,-16.177204,-3288.7568,-35.226265,252.42612,31.990799,-10.655577,-11.939274,31.99086,2.5933332,-5.8093085,4.1666665,0.23333333,10.43333,0.05,895529.9,0.28023046,1.8493772,1.0,5.0,2015.0,2.0,3.6533334,1.1694363,-6.644134,-206.77516,100.64776,-10.535994,-11.398357,-84.70619,-75.998566,52.749966,14.41181,-7.12255,-7.517155,14.411829,-0.65,-3.4686255,4.133333,0.06666667,10.3,0.05,2328584.8,0.5837335,3.670922,0.7,5.0,2015.0,3.0,3.05,2.027236,-0.72341824,-49.913513,-108.37639,-6.663238,-6.0736485,-265.7653,-5.6657023,227.64381,24.086878,-10.638378,-11.295487,24.086674,2.4733334,-2.489609,3.7,0.1,10.3,0.05,5306547.0,1.3408706,11.134684,1.2,5.0,2015.0,4.0,1.0,116,8,27
-2.0966666,-2.2256513,27.63972,-529.85693,-196.16171,4.3683057,8.798982,-102.54401,-76.370674,115.45234,-26.27092,7.611849,8.577196,-26.270638,-1.6233333,2.4034762,1.7,0.6333333,10.2,0.21666667,1755832.4,0.44111654,2.6298747,0.8,5.0,2014.0,2.0,0.15,0.239678,11.790824,129.23314,54.557636,3.5606394,2.3089578,448.91595,302.23703,-18.75598,8.284789,-0.13912018,-0.6169405,8.284589,-0.33,0.21970187,1.1666666,0.4,10.23333,0.11666667,2826927.5,0.69318753,3.521503,1.4,5.0,2014.0,3.0,2.6833334,-1.4650997,-3.94223,182.12057,249.25575,-2.343832,-3.2717898,-41.660145,-2.1610959,152.68599,15.67904,-1.7888442,-2.5730977,15.67999,-0.95666665,-1.6251942,1.8,0.3,10.46667,0.05,5577808.5,1.4733046,8.490005,0.4,5.0,2014.0,4.0,3.4333334,1.1187854,-5.4348235,-14.5297,39.122066,-12.60646,-14.17576,-25.702732,-16.674707,75.707954,20.648363,-6.5862055,-7.4394135,20.648752,-0.12,-5.1119165,2.6666667,-0.26666668,10.36667,0.05,6160091.0,1.501966,8.884181,1.0,5.0,2015.0,1.0,7.14,1.3055674,-8.186703,163.6736,106.357216,-10.125783,-16.177204,-3288.7568,-35.226265,252.42612,31.990799,-10.655577,-11.939274,31.99086,2.5933332,-5.8093085,4.1666665,0.23333333,10.43333,0.05,895529.9,0.28023046,1.8493772,1.0,5.0,2015.0,2.0,3.6533334,1.1694363,-6.644134,-206.77516,100.64776,-10.535994,-11.398357,-84.70619,-75.998566,52.749966,14.41181,-7.12255,-7.517155,14.411829,-0.65,-3.4686255,4.133333,0.06666667,10.3,0.05,2328584.8,0.5837335,3.670922,0.7,5.0,2015.0,3.0,3.05,2.027236,-0.72341824,-49.913513,-108.37639,-6.663238,-6.0736485,-265.7653,-5.6657023,227.64381,24.086878,-10.638378,-11.295487,24.086674,2.4733334,-2.489609,3.7,0.1,10.3,0.05,5306547.0,1.3408706,11.134684,1.2,5.0,2015.0,4.0,-0.83,0.621292,-5.4026628,-44.164295,-74.035576,-3.1002893,0.13833286,-88.48925,20.335623,491.2125,20.845415,-1.580066,-2.5821133,20.845095,-0.086666666,1.4929057,4.4666667,-0.033333335,10.3,0.033333335,5297077.0,1.3956093,10.450359,1.0,5.0,2016.0,1.0,0.6,117,8,27
0.15,0.239678,11.790824,129.23314,54.557636,3.5606394,2.3089578,448.91595,302.23703,-18.75598,8.284789,-0.13912018,-0.6169405,8.284589,-0.33,0.21970187,1.1666666,0.4,10.23333,0.11666667,2826927.5,0.69318753,3.521503,1.4,5.0,2014.0,3.0,2.6833334,-1.4650997,-3.94223,182.12057,249.25575,-2.343832,-3.2717898,-41.660145,-2.1610959,152.68599,15.67904,-1.7888442,-2.5730977,15.67999,-0.95666665,-1.6251942,1.8,0.3,10.46667,0.05,5577808.5,1.4733046,8.490005,0.4,5.0,2014.0,4.0,3.4333334,1.1187854,-5.4348235,-14.5297,39.122066,-12.60646,-14.17576,-25.702732,-16.674707,75.707954,20.648363,-6.5862055,-7.4394135,20.648752,-0.12,-5.1119165,2.6666667,-0.26666668,10.36667,0.05,6160091.0,1.501966,8.884181,1.0,5.0,2015.0,1.0,7.14,1.3055674,-8.186703,163.6736,106.357216,-10.125783,-16.177204,-3288.7568,-35.226265,252.42612,31.990799,-10.655577,-11.939274,31.99086,2.5933332,-5.8093085,4.1666665,0.23333333,10.43333,0.05,895529.9,0.28023046,1.8493772,1.0,5.0,2015.0,2.0,3.6533334,1.1694363,-6.644134,-206.77516,100.64776,-10.535994,-11.398357,-84.70619,-75.998566,52.749966,14.41181,-7.12255,-7.517155,14.411829,-0.65,-3.4686255,4.133333,0.06666667,10.3,0.05,2328584.8,0.5837335,3.670922,0.7,5.0,2015.0,3.0,3.05,2.027236,-0.72341824,-49.913513,-108.37639,-6.663238,-6.0736485,-265.7653,-5.6657023,227.64381,24.086878,-10.638378,-11.295487,24.086674,2.4733334,-2.489609,3.7,0.1,10.3,0.05,5306547.0,1.3408706,11.134684,1.2,5.0,2015.0,4.0,-0.83,0.621292,-5.4026628,-44.164295,-74.035576,-3.1002893,0.13833286,-88.48925,20.335623,491.2125,20.845415,-1.580066,-2.5821133,20.845095,-0.086666666,1.4929057,4.4666667,-0.033333335,10.3,0.033333335,5297077.0,1.3956093,10.450359,1.0,5.0,2016.0,1.0,-0.38666666,0.40067366,-3.4438176,-110.25663,-143.13667,1.1012228,1.7891217,147.03337,204.05077,-88.09036,14.257831,1.1118952,0.397711,14.257657,-1.6433333,2.7035105,2.5666666,0.0,10.03333,0.0,1680285.5,0.43672764,2.4969049,0.6,5.0,2016.0,2.0,0.5,118,8,27
2.6833334,-1.4650997,-3.94223,182.12057,249.25575,-2.343832,-3.2717898,-41.660145,-2.1610959,152.68599,15.67904,-1.7888442,-2.5730977,15.67999,-0.95666665,-1.6251942,1.8,0.3,10.46667,0.05,5577808.5,1.4733046,8.490005,0.4,5.0,2014.0,4.0,3.4333334,1.1187854,-5.4348235,-14.5297,39.122066,-12.60646,-14.17576,-25.702732,-16.674707,75.707954,20.648363,-6.5862055,-7.4394135,20.648752,-0.12,-5.1119165,2.6666667,-0.26666668,10.36667,0.05,6160091.0,1.501966,8.884181,1.0,5.0,2015.0,1.0,7.14,1.3055674,-8.186703,163.6736,106.357216,-10.125783,-16.177204,-3288.7568,-35.226265,252.42612,31.990799,-10.655577,-11.939274,31.99086,2.5933332,-5.8093085,4.1666665,0.23333333,10.43333,0.05,895529.9,0.28023046,1.8493772,1.0,5.0,2015.0,2.0,3.6533334,1.1694363,-6.644134,-206.77516,100.64776,-10.535994,-11.398357,-84.70619,-75.998566,52.749966,14.41181,-7.12255,-7.517155,14.411829,-0.65,-3.4686255,4.133333,0.06666667,10.3,0.05,2328584.8,0.5837335,3.670922,0.7,5.0,2015.0,3.0,3.05,2.027236,-0.72341824,-49.913513,-108.37639,-6.663238,-6.0736485,-265.7653,-5.6657023,227.64381,24.086878,-10.638378,-11.295487,24.086674,2.4733334,-2.489609,3.7,0.1,10.3,0.05,5306547.0,1.3408706,11.134684,1.2,5.0,2015.0,4.0,-0.83,0.621292,-5.4026628,-44.164295,-74.035576,-3.1002893,0.13833286,-88.48925,20.335623,491.2125,20.845415,-1.580066,-2.5821133,20.845095,-0.086666666,1.4929057,4.4666667,-0.033333335,10.3,0.033333335,5297077.0,1.3956093,10.450359,1.0,5.0,2016.0,1.0,-0.38666666,0.40067366,-3.4438176,-110.25663,-143.13667,1.1012228,1.7891217,147.03337,204.05077,-88.09036,14.257831,1.1118952,0.397711,14.257657,-1.6433333,2.7035105,2.5666666,0.0,10.03333,0.0,1680285.5,0.43672764,2.4969049,0.6,5.0,2016.0,2.0,-1.45,-0.16879134,2.7229016,-68.6436,-14640.834,-0.5995232,0.4247288,90.71792,25.460585,-71.14586,11.686402,2.677416,1.9578086,11.686226,-0.023333333,1.3907332,1.5333333,0.26666668,9.866667,0.0,2605998.0,0.6600722,3.6018784,0.5,5.0,2016.0,3.0,0.8,119,8,27
3.4333334,1.1187854,-5.4348235,-14.5297,39.122066,-12.60646,-14.17576,-25.702732,-16.674707,75.707954,20.648363,-6.5862055,-7.4394135,20.648752,-0.12,-5.1119165,2.6666667,-0.26666668,10.36667,0.05,6160091.0,1.501966,8.884181,1.0,5.0,2015.0,1.0,7.14,1.3055674,-8.186703,163.6736,106.357216,-10.125783,-16.177204,-3288.7568,-35.226265,252.42612,31.990799,-10.655577,-11.939274,31.99086,2.5933332,-5.8093085,4.1666665,0.23333333,10.43333,0.05,895529.9,0.28023046,1.8493772,1.0,5.0,2015.0,2.0,3.6533334,1.1694363,-6.644134,-206.77516,100.64776,-10.535994,-11.398357,-84.70619,-75.998566,52.749966,14.41181,-7.12255,-7.517155,14.411829,-0.65,-3.4686255,4.133333,0.06666667,10.3,0.05,2328584.8,0.5837335,3.670922,0.7,5.0,2015.0,3.0,3.05,2.027236,-0.72341824,-49.913513,-108.37639,-6.663238,-6.0736485,-265.7653,-5.6657023,227.64381,24.086878,-10.638378,-11.295487,24.086674,2.4733334,-2.489609,3.7,0.1,10.3,0.05,5306547.0,1.3408706,11.134684,1.2,5.0,2015.0,4.0,-0.83,0.621292,-5.4026628,-44.164295,-74.035576,-3.1002893,0.13833286,-88.48925,20.335623,491.2125,20.845415,-1.580066,-2.5821133,20.845095,-0.086666666,1.4929057,4.4666667,-0.033333335,10.3,0.033333335,5297077.0,1.3956093,10.450359,1.0,5.0,2016.0,1.0,-0.38666666,0.40067366,-3.4438176,-110.25663,-143.13667,1.1012228,1.7891217,147.03337,204.05077,-88.09036,14.257831,1.1118952,0.397711,14.257657,-1.6433333,2.7035105,2.5666666,0.0,10.03333,0.0,1680285.5,0.43672764,2.4969049,0.6,5.0,2016.0,2.0,-1.45,-0.16879134,2.7229016,-68.6436,-14640.834,-0.5995232,0.4247288,90.71792,25.460585,-71.14586,11.686402,2.677416,1.9578086,11.686226,-0.023333333,1.3907332,1.5333333,0.26666668,9.866667,0.0,2605998.0,0.6600722,3.6018784,0.5,5.0,2016.0,3.0,0.5366667,0.8917273,1.1567417,118.22069,6700.2993,2.5842793,-0.8801252,131.93636,-55.366844,-90.149055,1.0083041,-0.25351542,-0.28500256,1.0065082,0.98,1.1711327,3.5,0.5,10.06667,0.0,5467770.0,1.4155736,9.687938,0.8,5.0,2016.0,4.0,1.1,120,8,27
7.14,1.3055674,-8.186703,163.6736,106.357216,-10.125783,-16.177204,-3288.7568,-35.226265,252.42612,31.990799,-10.655577,-11.939274,31.99086,2.5933332,-5.8093085,4.1666665,0.23333333,10.43333,0.05,895529.9,0.28023046,1.8493772,1.0,5.0,2015.0,2.0,3.6533334,1.1694363,-6.644134,-206.77516,100.64776,-10.535994,-11.398357,-84.70619,-75.998566,52.749966,14.41181,-7.12255,-7.517155,14.411829,-0.65,-3.4686255,4.133333,0.06666667,10.3,0.05,2328584.8,0.5837335,3.670922,0.7,5.0,2015.0,3.0,3.05,2.027236,-0.72341824,-49.913513,-108.37639,-6.663238,-6.0736485,-265.7653,-5.6657023,227.64381,24.086878,-10.638378,-11.295487,24.086674,2.4733334,-2.489609,3.7,0.1,10.3,0.05,5306547.0,1.3408706,11.134684,1.2,5.0,2015.0,4.0,-0.83,0.621292,-5.4026628,-44.164295,-74.035576,-3.1002893,0.13833286,-88.48925,20.335623,491.2125,20.845415,-1.580066,-2.5821133,20.845095,-0.086666666,1.4929057,4.4666667,-0.033333335,10.3,0.033333335,5297077.0,1.3956093,10.450359,1.0,5.0,2016.0,1.0,-0.38666666,0.40067366,-3.4438176,-110.25663,-143.13667,1.1012228,1.7891217,147.03337,204.05077,-88.09036,14.257831,1.1118952,0.397711,14.257657,-1.6433333,2.7035105,2.5666666,0.0,10.03333,0.0,1680285.5,0.43672764,2.4969049,0.6,5.0,2016.0,2.0,-1.45,-0.16879134,2.7229016,-68.6436,-14640.834,-0.5995232,0.4247288,90.71792,25.460585,-71.14586,11.686402,2.677416,1.9578086,11.686226,-0.023333333,1.3907332,1.5333333,0.26666668,9.866667,0.0,2605998.0,0.6600722,3.6018784,0.5,5.0,2016.0,3.0,0.5366667,0.8917273,1.1567417,118.22069,6700.2993,2.5842793,-0.8801252,131.93636,-55.366844,-90.149055,1.0083041,-0.25351542,-0.28500256,1.0065082,0.98,1.1711327,3.5,0.5,10.06667,0.0,5467770.0,1.4155736,9.687938,0.8,5.0,2016.0,4.0,4.2433333,0.498752,10.691076,26.827461,-32.24003,0.067732714,2.4156542,-197.35448,-52.779934,-40.61064,-20.416094,-4.2139063,-3.1728873,-20.418169,9.7,-0.20760562,2.9,1.2,9.633333,0.0,5922430.0,1.4430367,10.719294,1.1,5.0,2017.0,1.0,2.2,121,8,27
3.6533334,1.1694363,-6.644134,-206.77516,100.64776,-10.535994,-11.398357,-84.70619,-75.998566,52.749966,14.41181,-7.12255,-7.517155,14.411829,-0.65,-3.4686255,4.133333,0.06666667,10.3,0.05,2328584.8,0.5837335,3.670922,0.7,5.0,2015.0,3.0,3.05,2.027236,-0.72341824,-49.913513,-108.37639,-6.663238,-6.0736485,-265.7653,-5.6657023,227.64381,24.086878,-10.638378,-11.295487,24.086674,2.4733334,-2.489609,3.7,0.1,10.3,0.05,5306547.0,1.3408706,11.134684,1.2,5.0,2015.0,4.0,-0.83,0.621292,-5.4026628,-44.164295,-74.035576,-3.1002893,0.13833286,-88.48925,20.335623,491.2125,20.845415,-1.580066,-2.5821133,20.845095,-0.086666666,1.4929057,4.4666667,-0.033333335,10.3,0.033333335,5297077.0,1.3956093,10.450359,1.0,5.0,2016.0,1.0,-0.38666666,0.40067366,-3.4438176,-110.25663,-143.13667,1.1012228,1.7891217,147.03337,204.05077,-88.09036,14.257831,1.1118952,0.397711,14.257657,-1.6433333,2.7035105,2.5666666,0.0,10.03333,0.0,1680285.5,0.43672764,2.4969049,0.6,5.0,2016.0,2.0,-1.45,-0.16879134,2.7229016,-68.6436,-14640.834,-0.5995232,0.4247288,90.71792,25.460585,-71.14586,11.686402,2.677416,1.9578086,11.686226,-0.023333333,1.3907332,1.5333333,0.26666668,9.866667,0.0,2605998.0,0.6600722,3.6018784,0.5,5.0,2016.0,3.0,0.5366667,0.8917273,1.1567417,118.22069,6700.2993,2.5842793,-0.8801252,131.93636,-55.366844,-90.149055,1.0083041,-0.25351542,-0.28500256,1.0065082,0.98,1.1711327,3.5,0.5,10.06667,0.0,5467770.0,1.4155736,9.687938,0.8,5.0,2016.0,4.0,4.2433333,0.498752,10.691076,26.827461,-32.24003,0.067732714,2.4156542,-197.35448,-52.779934,-40.61064,-20.416094,-4.2139063,-3.1728873,-20.418169,9.7,-0.20760562,2.9,1.2,9.633333,0.0,5922430.0,1.4430367,10.719294,1.1,5.0,2017.0,1.0,3.49,2.0152824,18.410908,-66.44698,-652.5675,2.9437594,4.2567225,-105.3423,-83.08653,-9.950441,-56.130188,0.46926552,2.6782548,-56.13309,5.98,0.18375428,3.4,0.9,9.533334,0.0,2126981.5,0.60741764,3.4414055,2.2,5.0,2017.0,2.0,2.9,122,8,27
3.05,2.027236,-0.72341824,-49.913513,-108.37639,-6.663238,-6.0736485,-265.7653,-5.6657023,227.64381,24.086878,-10.638378,-11.295487,24.086674,2.4733334,-2.489609,3.7,0.1,10.3,0.05,5306547.0,1.3408706,11.134684,1.2,5.0,2015.0,4.0,-0.83,0.621292,-5.4026628,-44.164295,-74.035576,-3.1002893,0.13833286,-88.48925,20.335623,491.2125,20.845415,-1.580066,-2.5821133,20.845095,-0.086666666,1.4929057,4.4666667,-0.033333335,10.3,0.033333335,5297077.0,1.3956093,10.450359,1.0,5.0,2016.0,1.0,-0.38666666,0.40067366,-3.4438176,-110.25663,-143.13667,1.1012228,1.7891217,147.03337,204.05077,-88.09036,14.257831,1.1118952,0.397711,14.257657,-1.6433333,2.7035105,2.5666666,0.0,10.03333,0.0,1680285.5,0.43672764,2.4969049,0.6,5.0,2016.0,2.0,-1.45,-0.16879134,2.7229016,-68.6436,-14640.834,-0.5995232,0.4247288,90.71792,25.460585,-71.14586,11.686402,2.677416,1.9578086,11.686226,-0.023333333,1.3907332,1.5333333,0.26666668,9.866667,0.0,2605998.0,0.6600722,3.6018784,0.5,5.0,2016.0,3.0,0.5366667,0.8917273,1.1567417,118.22069,6700.2993,2.5842793,-0.8801252,131.93636,-55.366844,-90.149055,1.0083041,-0.25351542,-0.28500256,1.0065082,0.98,1.1711327,3.5,0.5,10.06667,0.0,5467770.0,1.4155736,9.687938,0.8,5.0,2016.0,4.0,4.2433333,0.498752,10.691076,26.827461,-32.24003,0.067732714,2.4156542,-197.35448,-52.779934,-40.61064,-20.416094,-4.2139063,-3.1728873,-20.418169,9.7,-0.20760562,2.9,1.2,9.633333,0.0,5922430.0,1.4430367,10.719294,1.1,5.0,2017.0,1.0,3.49,2.0152824,18.410908,-66.44698,-652.5675,2.9437594,4.2567225,-105.3423,-83.08653,-9.950441,-56.130188,0.46926552,2.6782548,-56.13309,5.98,0.18375428,3.4,0.9,9.533334,0.0,2126981.5,0.60741764,3.4414055,2.2,5.0,2017.0,2.0,4.93,2.8128057,23.498178,85.33101,297.6825,11.867614,8.731795,-90.35034,-71.57144,112.179726,-62.284714,2.879574,5.457565,-62.287228,5.806667,2.2813227,4.4666667,0.8666667,9.466666,0.0,2979457.0,0.75769997,4.470447,2.9,5.0,2017.0,3.0,2.9,123,8,27
-0.83,0.621292,-5.4026628,-44.164295,-74.035576,-3.1002893,0.13833286,-88.48925,20.335623,491.2125,20.845415,-1.580066,-2.5821133,20.845095,-0.086666666,1.4929057,4.4666667,-0.033333335,10.3,0.033333335,5297077.0,1.3956093,10.450359,1.0,5.0,2016.0,1.0,-0.38666666,0.40067366,-3.4438176,-110.25663,-143.13667,1.1012228,1.7891217,147.03337,204.05077,-88.09036,14.257831,1.1118952,0.397711,14.257657,-1.6433333,2.7035105,2.5666666,0.0,10.03333,0.0,1680285.5,0.43672764,2.4969049,0.6,5.0,2016.0,2.0,-1.45,-0.16879134,2.7229016,-68.6436,-14640.834,-0.5995232,0.4247288,90.71792,25.460585,-71.14586,11.686402,2.677416,1.9578086,11.686226,-0.023333333,1.3907332,1.5333333,0.26666668,9.866667,0.0,2605998.0,0.6600722,3.6018784,0.5,5.0,2016.0,3.0,0.5366667,0.8917273,1.1567417,118.22069,6700.2993,2.5842793,-0.8801252,131.93636,-55.366844,-90.149055,1.0083041,-0.25351542,-0.28500256,1.0065082,0.98,1.1711327,3.5,0.5,10.06667,0.0,5467770.0,1.4155736,9.687938,0.8,5.0,2016.0,4.0,4.2433333,0.498752,10.691076,26.827461,-32.24003,0.067732714,2.4156542,-197.35448,-52.779934,-40.61064,-20.416094,-4.2139063,-3.1728873,-20.418169,9.7,-0.20760562,2.9,1.2,9.633333,0.0,5922430.0,1.4430367,10.719294,1.1,5.0,2017.0,1.0,3.49,2.0152824,18.410908,-66.44698,-652.5675,2.9437594,4.2567225,-105.3423,-83.08653,-9.950441,-56.130188,0.46926552,2.6782548,-56.13309,5.98,0.18375428,3.4,0.9,9.533334,0.0,2126981.5,0.60741764,3.4414055,2.2,5.0,2017.0,2.0,4.93,2.8128057,23.498178,85.33101,297.6825,11.867614,8.731795,-90.35034,-71.57144,112.179726,-62.284714,2.879574,5.457565,-62.287228,5.806667,2.2813227,4.4666667,0.8666667,9.466666,0.0,2979457.0,0.75769997,4.470447,2.9,5.0,2017.0,3.0,6.366667,3.9921823,29.063696,-147.81685,-43.578148,11.979082,13.891474,48.197414,68.872665,99.320724,-80.93598,11.632269,14.509333,-80.93669,6.2033334,2.7748115,3.8666666,1.1666666,9.033334,0.0,5696712.5,1.3838059,9.80233,2.9,5.0,2017.0,4.0,2.2,124,8,27
-0.38666666,0.40067366,-3.4438176,-110.25663,-143.13667,1.1012228,1.7891217,147.03337,204.05077,-88.09036,14.257831,1.1118952,0.397711,14.257657,-1.6433333,2.7035105,2.5666666,0.0,10.03333,0.0,1680285.5,0.43672764,2.4969049,0.6,5.0,2016.0,2.0,-1.45,-0.16879134,2.7229016,-68.6436,-14640.834,-0.5995232,0.4247288,90.71792,25.460585,-71.14586,11.686402,2.677416,1.9578086,11.686226,-0.023333333,1.3907332,1.5333333,0.26666668,9.866667,0.0,2605998.0,0.6600722,3.6018784,0.5,5.0,2016.0,3.0,0.5366667,0.8917273,1.1567417,118.22069,6700.2993,2.5842793,-0.8801252,131.93636,-55.366844,-90.149055,1.0083041,-0.25351542,-0.28500256,1.0065082,0.98,1.1711327,3.5,0.5,10.06667,0.0,5467770.0,1.4155736,9.687938,0.8,5.0,2016.0,4.0,4.2433333,0.498752,10.691076,26.827461,-32.24003,0.067732714,2.4156542,-197.35448,-52.779934,-40.61064,-20.416094,-4.2139063,-3.1728873,-20.418169,9.7,-0.20760562,2.9,1.2,9.633333,0.0,5922430.0,1.4430367,10.719294,1.1,5.0,2017.0,1.0,3.49,2.0152824,18.410908,-66.44698,-652.5675,2.9437594,4.2567225,-105.3423,-83.08653,-9.950441,-56.130188,0.46926552,2.6782548,-56.13309,5.98,0.18375428,3.4,0.9,9.533334,0.0,2126981.5,0.60741764,3.4414055,2.2,5.0,2017.0,2.0,4.93,2.8128057,23.498178,85.33101,297.6825,11.867614,8.731795,-90.35034,-71.57144,112.179726,-62.284714,2.879574,5.457565,-62.287228,5.806667,2.2813227,4.4666667,0.8666667,9.466666,0.0,2979457.0,0.75769997,4.470447,2.9,5.0,2017.0,3.0,6.366667,3.9921823,29.063696,-147.81685,-43.578148,11.979082,13.891474,48.197414,68.872665,99.320724,-80.93598,11.632269,14.509333,-80.93669,6.2033334,2.7748115,3.8666666,1.1666666,9.033334,0.0,5696712.5,1.3838059,9.80233,2.9,5.0,2017.0,4.0,4.6033335,2.2622833,26.32312,-82.27621,5.058955,21.976765,19.429136,1351.3826,111.83482,-90.19557,-50.41664,14.08301,15.992719,-50.417118,2.16,3.7724304,3.3,1.3666667,9.266666,0.0,5756435.0,1.4002573,9.162503,2.2,5.0,2018.0,1.0,1.5,125,8,27
-1.45,-0.16879134,2.7229016,-68.6436,-14640.834,-0.5995232,0.4247288,90.71792,25.460585,-71.14586,11.686402,2.677416,1.9578086,11.686226,-0.023333333,1.3907332,1.5333333,0.26666668,9.866667,0.0,2605998.0,0.6600722,3.6018784,0.5,5.0,2016.0,3.0,0.5366667,0.8917273,1.1567417,118.22069,6700.2993,2.5842793,-0.8801252,131.93636,-55.366844,-90.149055,1.0083041,-0.25351542,-0.28500256,1.0065082,0.98,1.1711327,3.5,0.5,10.06667,0.0,5467770.0,1.4155736,9.687938,0.8,5.0,2016.0,4.0,4.2433333,0.498752,10.691076,26.827461,-32.24003,0.067732714,2.4156542,-197.35448,-52.779934,-40.61064,-20.416094,-4.2139063,-3.1728873,-20.418169,9.7,-0.20760562,2.9,1.2,9.633333,0.0,5922430.0,1.4430367,10.719294,1.1,5.0,2017.0,1.0,3.49,2.0152824,18.410908,-66.44698,-652.5675,2.9437594,4.2567225,-105.3423,-83.08653,-9.950441,-56.130188,0.46926552,2.6782548,-56.13309,5.98,0.18375428,3.4,0.9,9.533334,0.0,2126981.5,0.60741764,3.4414055,2.2,5.0,2017.0,2.0,4.93,2.8128057,23.498178,85.33101,297.6825,11.867614,8.731795,-90.35034,-71.57144,112.179726,-62.284714,2.879574,5.457565,-62.287228,5.806667,2.2813227,4.4666667,0.8666667,9.466666,0.0,2979457.0,0.75769997,4.470447,2.9,5.0,2017.0,3.0,6.366667,3.9921823,29.063696,-147.81685,-43.578148,11.979082,13.891474,48.197414,68.872665,99.320724,-80.93598,11.632269,14.509333,-80.93669,6.2033334,2.7748115,3.8666666,1.1666666,9.033334,0.0,5696712.5,1.3838059,9.80233,2.9,5.0,2017.0,4.0,4.6033335,2.2622833,26.32312,-82.27621,5.058955,21.976765,19.429136,1351.3826,111.83482,-90.19557,-50.41664,14.08301,15.992719,-50.417118,2.16,3.7724304,3.3,1.3666667,9.266666,0.0,5756435.0,1.4002573,9.162503,2.2,5.0,2018.0,1.0,2.6566668,1.0224437,11.374775,-905.12646,-122.52546,14.137024,15.718327,1190.1511,304.42065,12.971667,-17.703882,5.9813733,6.688836,-17.70512,6.11,2.660901,3.7,1.8666667,9.166667,0.0,1355588.4,0.111458875,0.31743252,1.5,5.0,2018.0,2.0,1.3,126,8,27
0.5366667,0.8917273,1.1567417,118.22069,6700.2993,2.5842793,-0.8801252,131.93636,-55.366844,-90.149055,1.0083041,-0.25351542,-0.28500256,1.0065082,0.98,1.1711327,3.5,0.5,10.06667,0.0,5467770.0,1.4155736,9.687938,0.8,5.0,2016.0,4.0,4.2433333,0.498752,10.691076,26.827461,-32.24003,0.067732714,2.4156542,-197.35448,-52.779934,-40.61064,-20.416094,-4.2139063,-3.1728873,-20.418169,9.7,-0.20760562,2.9,1.2,9.633333,0.0,5922430.0,1.4430367,10.719294,1.1,5.0,2017.0,1.0,3.49,2.0152824,18.410908,-66.44698,-652.5675,2.9437594,4.2567225,-105.3423,-83.08653,-9.950441,-56.130188,0.46926552,2.6782548,-56.13309,5.98,0.18375428,3.4,0.9,9.533334,0.0,2126981.5,0.60741764,3.4414055,2.2,5.0,2017.0,2.0,4.93,2.8128057,23.498178,85.33101,297.6825,11.867614,8.731795,-90.35034,-71.57144,112.179726,-62.284714,2.879574,5.457565,-62.287228,5.806667,2.2813227,4.4666667,0.8666667,9.466666,0.0,2979457.0,0.75769997,4.470447,2.9,5.0,2017.0,3.0,6.366667,3.9921823,29.063696,-147.81685,-43.578148,11.979082,13.891474,48.197414,68.872665,99.320724,-80.93598,11.632269,14.509333,-80.93669,6.2033334,2.7748115,3.8666666,1.1666666,9.033334,0.0,5696712.5,1.3838059,9.80233,2.9,5.0,2017.0,4.0,4.6033335,2.2622833,26.32312,-82.27621,5.058955,21.976765,19.429136,1351.3826,111.83482,-90.19557,-50.41664,14.08301,15.992719,-50.417118,2.16,3.7724304,3.3,1.3666667,9.266666,0.0,5756435.0,1.4002573,9.162503,2.2,5.0,2018.0,1.0,2.6566668,1.0224437,11.374775,-905.12646,-122.52546,14.137024,15.718327,1190.1511,304.42065,12.971667,-17.703882,5.9813733,6.688836,-17.70512,6.11,2.660901,3.7,1.8666667,9.166667,0.0,1355588.4,0.111458875,0.31743252,1.5,5.0,2018.0,2.0,4.98,0.613899,3.7528439,854.7217,-82.81525,6.3060584,7.9474816,1002.21277,315.4897,9.892097,-3.7343972,2.838869,2.8987815,-3.7360313,5.7266665,1.3497511,2.6333334,2.2666667,8.866667,0.0,2378377.8,0.6234379,3.242331,1.3,5.0,2018.0,3.0,1.4,127,8,27
4.2433333,0.498752,10.691076,26.827461,-32.24003,0.067732714,2.4156542,-197.35448,-52.779934,-40.61064,-20.416094,-4.2139063,-3.1728873,-20.418169,9.7,-0.20760562,2.9,1.2,9.633333,0.0,5922430.0,1.4430367,10.719294,1.1,5.0,2017.0,1.0,3.49,2.0152824,18.410908,-66.44698,-652.5675,2.9437594,4.2567225,-105.3423,-83.08653,-9.950441,-56.130188,0.46926552,2.6782548,-56.13309,5.98,0.18375428,3.4,0.9,9.533334,0.0,2126981.5,0.60741764,3.4414055,2.2,5.0,2017.0,2.0,4.93,2.8128057,23.498178,85.33101,297.6825,11.867614,8.731795,-90.35034,-71.57144,112.179726,-62.284714,2.879574,5.457565,-62.287228,5.806667,2.2813227,4.4666667,0.8666667,9.466666,0.0,2979457.0,0.75769997,4.470447,2.9,5.0,2017.0,3.0,6.366667,3.9921823,29.063696,-147.81685,-43.578148,11.979082,13.891474,48.197414,68.872665,99.320724,-80.93598,11.632269,14.509333,-80.93669,6.2033334,2.7748115,3.8666666,1.1666666,9.033334,0.0,5696712.5,1.3838059,9.80233,2.9,5.0,2017.0,4.0,4.6033335,2.2622833,26.32312,-82.27621,5.058955,21.976765,19.429136,1351.3826,111.83482,-90.19557,-50.41664,14.08301,15.992719,-50.417118,2.16,3.7724304,3.3,1.3666667,9.266666,0.0,5756435.0,1.4002573,9.162503,2.2,5.0,2018.0,1.0,2.6566668,1.0224437,11.374775,-905.12646,-122.52546,14.137024,15.718327,1190.1511,304.42065,12.971667,-17.703882,5.9813733,6.688836,-17.70512,6.11,2.660901,3.7,1.8666667,9.166667,0.0,1355588.4,0.111458875,0.31743252,1.5,5.0,2018.0,2.0,4.98,0.613899,3.7528439,854.7217,-82.81525,6.3060584,7.9474816,1002.21277,315.4897,9.892097,-3.7343972,2.838869,2.8987815,-3.7360313,5.7266665,1.3497511,2.6333334,2.2666667,8.866667,0.0,2378377.8,0.6234379,3.242331,1.3,5.0,2018.0,3.0,4.04,-0.90425,-11.38181,266.57867,26.732353,3.3284383,2.929266,97.92354,26.528627,-51.64569,5.9103494,0.39959314,-0.014175055,5.9082766,4.173333,0.70027655,1.7666667,1.9,8.8,0.0,5602281.5,1.3597028,9.252182,1.4,5.0,2018.0,4.0,2.4,128,8,27
3.49,2.0152824,18.410908,-66.44698,-652.5675,2.9437594,4.2567225,-105.3423,-83.08653,-9.950441,-56.130188,0.46926552,2.6782548,-56.13309,5.98,0.18375428,3.4,0.9,9.533334,0.0,2126981.5,0.60741764,3.4414055,2.2,5.0,2017.0,2.0,4.93,2.8128057,23.498178,85.33101,297.6825,11.867614,8.731795,-90.35034,-71.57144,112.179726,-62.284714,2.879574,5.457565,-62.287228,5.806667,2.2813227,4.4666667,0.8666667,9.466666,0.0,2979457.0,0.75769997,4.470447,2.9,5.0,2017.0,3.0,6.366667,3.9921823,29.063696,-147.81685,-43.578148,11.979082,13.891474,48.197414,68.872665,99.320724,-80.93598,11.632269,14.509333,-80.93669,6.2033334,2.7748115,3.8666666,1.1666666,9.033334,0.0,5696712.5,1.3838059,9.80233,2.9,5.0,2017.0,4.0,4.6033335,2.2622833,26.32312,-82.27621,5.058955,21.976765,19.429136,1351.3826,111.83482,-90.19557,-50.41664,14.08301,15.992719,-50.417118,2.16,3.7724304,3.3,1.3666667,9.266666,0.0,5756435.0,1.4002573,9.162503,2.2,5.0,2018.0,1.0,2.6566668,1.0224437,11.374775,-905.12646,-122.52546,14.137024,15.718327,1190.1511,304.42065,12.971667,-17.703882,5.9813733,6.688836,-17.70512,6.11,2.660901,3.7,1.8666667,9.166667,0.0,1355588.4,0.111458875,0.31743252,1.5,5.0,2018.0,2.0,4.98,0.613899,3.7528439,854.7217,-82.81525,6.3060584,7.9474816,1002.21277,315.4897,9.892097,-3.7343972,2.838869,2.8987815,-3.7360313,5.7266665,1.3497511,2.6333334,2.2666667,8.866667,0.0,2378377.8,0.6234379,3.242331,1.3,5.0,2018.0,3.0,4.04,-0.90425,-11.38181,266.57867,26.732353,3.3284383,2.929266,97.92354,26.528627,-51.64569,5.9103494,0.39959314,-0.014175055,5.9082766,4.173333,0.70027655,1.7666667,1.9,8.8,0.0,5602281.5,1.3597028,9.252182,1.4,5.0,2018.0,4.0,5.28,1.3571436,-7.1099935,71.830505,67.81391,0.9954931,-4.1590433,12.066869,11.2125435,-3.6580129,9.750442,0.81368965,0.0937829,9.748573,3.7366667,-0.6984171,2.3,1.2,8.733334,0.0,5612070.5,1.3762408,8.766315,2.4,5.0,2019.0,1.0,2.7,129,8,27
4.93,2.8128057,23.498178,85.33101,297.6825,11.867614,8.731795,-90.35034,-71.57144,112.179726,-62.284714,2.879574,5.457565,-62.287228,5.806667,2.2813227,4.4666667,0.8666667,9.466666,0.0,2979457.0,0.75769997,4.470447,2.9,5.0,2017.0,3.0,6.366667,3.9921823,29.063696,-147.81685,-43.578148,11.979082,13.891474,48.197414,68.872665,99.320724,-80.93598,11.632269,14.509333,-80.93669,6.2033334,2.7748115,3.8666666,1.1666666,9.033334,0.0,5696712.5,1.3838059,9.80233,2.9,5.0,2017.0,4.0,4.6033335,2.2622833,26.32312,-82.27621,5.058955,21.976765,19.429136,1351.3826,111.83482,-90.19557,-50.41664,14.08301,15.992719,-50.417118,2.16,3.7724304,3.3,1.3666667,9.266666,0.0,5756435.0,1.4002573,9.162503,2.2,5.0,2018.0,1.0,2.6566668,1.0224437,11.374775,-905.12646,-122.52546,14.137024,15.718327,1190.1511,304.42065,12.971667,-17.703882,5.9813733,6.688836,-17.70512,6.11,2.660901,3.7,1.8666667,9.166667,0.0,1355588.4,0.111458875,0.31743252,1.5,5.0,2018.0,2.0,4.98,0.613899,3.7528439,854.7217,-82.81525,6.3060584,7.9474816,1002.21277,315.4897,9.892097,-3.7343972,2.838869,2.8987815,-3.7360313,5.7266665,1.3497511,2.6333334,2.2666667,8.866667,0.0,2378377.8,0.6234379,3.242331,1.3,5.0,2018.0,3.0,4.04,-0.90425,-11.38181,266.57867,26.732353,3.3284383,2.929266,97.92354,26.528627,-51.64569,5.9103494,0.39959314,-0.014175055,5.9082766,4.173333,0.70027655,1.7666667,1.9,8.8,0.0,5602281.5,1.3597028,9.252182,1.4,5.0,2018.0,4.0,5.28,1.3571436,-7.1099935,71.830505,67.81391,0.9954931,-4.1590433,12.066869,11.2125435,-3.6580129,9.750442,0.81368965,0.0937829,9.748573,3.7366667,-0.6984171,2.3,1.2,8.733334,0.0,5612070.5,1.3762408,8.766315,2.4,5.0,2019.0,1.0,5.5833335,1.625324,-2.6785975,54.974216,128.05083,0.7461065,-2.8673208,21.125484,17.087551,9.567454,-4.3038144,8.44825,8.172386,-4.3046255,2.95,-0.33547944,2.1666667,1.1333333,8.533334,0.0,1941003.0,0.54914576,2.1291118,2.7,5.0,2019.0,2.0,2.2,130,8,27
6.366667,3.9921823,29.063696,-147.81685,-43.578148,11.979082,13.891474,48.197414,68.872665,99.320724,-80.93598,11.632269,14.509333,-80.93669,6.2033334,2.7748115,3.8666666,1.1666666,9.033334,0.0,5696712.5,1.3838059,9.80233,2.9,5.0,2017.0,4.0,4.6033335,2.2622833,26.32312,-82.27621,5.058955,21.976765,19.429136,1351.3826,111.83482,-90.19557,-50.41664,14.08301,15.992719,-50.417118,2.16,3.7724304,3.3,1.3666667,9.266666,0.0,5756435.0,1.4002573,9.162503,2.2,5.0,2018.0,1.0,2.6566668,1.0224437,11.374775,-905.12646,-122.52546,14.137024,15.718327,1190.1511,304.42065,12.971667,-17.703882,5.9813733,6.688836,-17.70512,6.11,2.660901,3.7,1.8666667,9.166667,0.0,1355588.4,0.111458875,0.31743252,1.5,5.0,2018.0,2.0,4.98,0.613899,3.7528439,854.7217,-82.81525,6.3060584,7.9474816,1002.21277,315.4897,9.892097,-3.7343972,2.838869,2.8987815,-3.7360313,5.7266665,1.3497511,2.6333334,2.2666667,8.866667,0.0,2378377.8,0.6234379,3.242331,1.3,5.0,2018.0,3.0,4.04,-0.90425,-11.38181,266.57867,26.732353,3.3284383,2.929266,97.92354,26.528627,-51.64569,5.9103494,0.39959314,-0.014175055,5.9082766,4.173333,0.70027655,1.7666667,1.9,8.8,0.0,5602281.5,1.3597028,9.252182,1.4,5.0,2018.0,4.0,5.28,1.3571436,-7.1099935,71.830505,67.81391,0.9954931,-4.1590433,12.066869,11.2125435,-3.6580129,9.750442,0.81368965,0.0937829,9.748573,3.7366667,-0.6984171,2.3,1.2,8.733334,0.0,5612070.5,1.3762408,8.766315,2.4,5.0,2019.0,1.0,5.5833335,1.625324,-2.6785975,54.974216,128.05083,0.7461065,-2.8673208,21.125484,17.087551,9.567454,-4.3038144,8.44825,8.172386,-4.3046255,2.95,-0.33547944,2.1666667,1.1333333,8.533334,0.0,1941003.0,0.54914576,2.1291118,2.7,5.0,2019.0,2.0,2.82,0.26492032,-1.81105,-170.67577,238.62491,-2.1424243,-2.8483634,132.2523,91.689415,-89.35959,-3.0270815,8.570369,8.197139,-3.0265195,2.3066666,-1.1092973,2.2,1.0,8.2,0.0,2836232.2,0.72539353,2.8752916,2.2,5.0,2019.0,3.0,1.0,131,8,27
6.34,-0.56666666,4.2971206,49.276722,59.600533,3.870137,-3.2949524,-22.447502,-14.544189,180.35715,1.4966898,7.3037024,2.117507,1.4973749,-1.1666666,2.3878186,1.8233334,1.3428583,10.86667,3.6666667,4682102.0,1.9757987,6.776164,-0.4,16.0,2013.0,1.0,10.4,1.2333333,13.071651,-180.79044,24.106636,9.698945,6.900114,-44.36969,-39.022713,145.12195,-8.051387,6.286036,7.2973146,-8.048778,-1.0333333,2.4257407,3.8866668,0.5954587,10.9,3.0,46056.17,0.01951508,0.17288345,0.6,16.0,2013.0,2.0,13.72,4.2,20.192215,72.29008,51.069412,10.964424,6.180562,-4.641496,-5.74907,-51.42857,-9.736039,3.962004,7.3038664,-9.7339525,3.0333333,0.3476586,5.68,1.223826,10.5,2.5,500873.28,0.21500462,1.985379,1.3,16.0,2013.0,3.0,12.44,5.366667,25.31288,-44.91376,75.97528,8.425789,5.1878195,-29.316889,-24.868927,26.99115,-10.900523,0.19759479,6.380906,-10.899984,2.7,1.1950046,5.79,0.812414,10.23333,2.5,2802582.2,1.18775,8.468035,1.9,16.0,2013.0,4.0,13.153334,5.8333335,20.397106,-28.703459,-67.79829,10.202284,12.918519,30.438843,29.723127,24.840765,-17.941322,0.47104546,10.397921,-17.940702,7.233333,2.1307344,1.0466666,0.75656736,10.16667,2.5,3522668.0,1.4928675,7.4764805,3.4,16.0,2014.0,1.0,14.006667,3.1333334,22.653498,-76.26841,-63.652218,8.825863,12.04844,10.311903,33.860046,217.91045,-17.945265,6.7937813,13.254984,-17.945135,10.7,3.4225385,0.32,0.32275432,9.466666,2.5,333326.16,0.14069138,0.90136707,3.7,16.0,2014.0,2.0,3.9466667,1.5666667,6.297195,-80.25712,-77.56701,4.646498,7.2379026,14.347984,16.684607,205.88235,-1.5198362,0.14725164,0.96234983,-1.5203902,5.9666667,2.367303,0.0,-0.241871,8.733334,2.5,884932.4,0.37365437,2.6000803,3.8,16.0,2014.0,3.0,-0.7033333,2.5666666,-12.543264,99.29713,106.913185,-1.2250583,-2.1511283,-5.798658,-4.466155,4.181185,10.456512,-3.6344912,-7.743617,10.456355,7.233333,-1.6550106,2.0966666,-0.61778164,8.466666,2.0,3033285.0,1.3001022,6.3666487,4.1,16.0,2014.0,4.0,4.4,132,8,27
10.4,1.2333333,13.071651,-180.79044,24.106636,9.698945,6.900114,-44.36969,-39.022713,145.12195,-8.051387,6.286036,7.2973146,-8.048778,-1.0333333,2.4257407,3.8866668,0.5954587,10.9,3.0,46056.17,0.01951508,0.17288345,0.6,16.0,2013.0,2.0,13.72,4.2,20.192215,72.29008,51.069412,10.964424,6.180562,-4.641496,-5.74907,-51.42857,-9.736039,3.962004,7.3038664,-9.7339525,3.0333333,0.3476586,5.68,1.223826,10.5,2.5,500873.28,0.21500462,1.985379,1.3,16.0,2013.0,3.0,12.44,5.366667,25.31288,-44.91376,75.97528,8.425789,5.1878195,-29.316889,-24.868927,26.99115,-10.900523,0.19759479,6.380906,-10.899984,2.7,1.1950046,5.79,0.812414,10.23333,2.5,2802582.2,1.18775,8.468035,1.9,16.0,2013.0,4.0,13.153334,5.8333335,20.397106,-28.703459,-67.79829,10.202284,12.918519,30.438843,29.723127,24.840765,-17.941322,0.47104546,10.397921,-17.940702,7.233333,2.1307344,1.0466666,0.75656736,10.16667,2.5,3522668.0,1.4928675,7.4764805,3.4,16.0,2014.0,1.0,14.006667,3.1333334,22.653498,-76.26841,-63.652218,8.825863,12.04844,10.311903,33.860046,217.91045,-17.945265,6.7937813,13.254984,-17.945135,10.7,3.4225385,0.32,0.32275432,9.466666,2.5,333326.16,0.14069138,0.90136707,3.7,16.0,2014.0,2.0,3.9466667,1.5666667,6.297195,-80.25712,-77.56701,4.646498,7.2379026,14.347984,16.684607,205.88235,-1.5198362,0.14725164,0.96234983,-1.5203902,5.9666667,2.367303,0.0,-0.241871,8.733334,2.5,884932.4,0.37365437,2.6000803,3.8,16.0,2014.0,3.0,-0.7033333,2.5666666,-12.543264,99.29713,106.913185,-1.2250583,-2.1511283,-5.798658,-4.466155,4.181185,10.456512,-3.6344912,-7.743617,10.456355,7.233333,-1.6550106,2.0966666,-0.61778164,8.466666,2.0,3033285.0,1.3001022,6.3666487,4.1,16.0,2014.0,4.0,-10.396667,5.266667,-19.048405,79.09315,64.172066,-10.795808,-14.536445,13.743736,12.241055,1.5306122,19.452522,-6.960208,-14.546135,19.452564,4.0333333,-4.222798,7.7966666,-1.2067367,8.266666,1.8333334,3332754.5,1.4065651,9.71019,4.4,16.0,2015.0,1.0,3.9,133,8,27
13.72,4.2,20.192215,72.29008,51.069412,10.964424,6.180562,-4.641496,-5.74907,-51.42857,-9.736039,3.962004,7.3038664,-9.7339525,3.0333333,0.3476586,5.68,1.223826,10.5,2.5,500873.28,0.21500462,1.985379,1.3,16.0,2013.0,3.0,12.44,5.366667,25.31288,-44.91376,75.97528,8.425789,5.1878195,-29.316889,-24.868927,26.99115,-10.900523,0.19759479,6.380906,-10.899984,2.7,1.1950046,5.79,0.812414,10.23333,2.5,2802582.2,1.18775,8.468035,1.9,16.0,2013.0,4.0,13.153334,5.8333335,20.397106,-28.703459,-67.79829,10.202284,12.918519,30.438843,29.723127,24.840765,-17.941322,0.47104546,10.397921,-17.940702,7.233333,2.1307344,1.0466666,0.75656736,10.16667,2.5,3522668.0,1.4928675,7.4764805,3.4,16.0,2014.0,1.0,14.006667,3.1333334,22.653498,-76.26841,-63.652218,8.825863,12.04844,10.311903,33.860046,217.91045,-17.945265,6.7937813,13.254984,-17.945135,10.7,3.4225385,0.32,0.32275432,9.466666,2.5,333326.16,0.14069138,0.90136707,3.7,16.0,2014.0,2.0,3.9466667,1.5666667,6.297195,-80.25712,-77.56701,4.646498,7.2379026,14.347984,16.684607,205.88235,-1.5198362,0.14725164,0.96234983,-1.5203902,5.9666667,2.367303,0.0,-0.241871,8.733334,2.5,884932.4,0.37365437,2.6000803,3.8,16.0,2014.0,3.0,-0.7033333,2.5666666,-12.543264,99.29713,106.913185,-1.2250583,-2.1511283,-5.798658,-4.466155,4.181185,10.456512,-3.6344912,-7.743617,10.456355,7.233333,-1.6550106,2.0966666,-0.61778164,8.466666,2.0,3033285.0,1.3001022,6.3666487,4.1,16.0,2014.0,4.0,-10.396667,5.266667,-19.048405,79.09315,64.172066,-10.795808,-14.536445,13.743736,12.241055,1.5306122,19.452522,-6.960208,-14.546135,19.452564,4.0333333,-4.222798,7.7966666,-1.2067367,8.266666,1.8333334,3332754.5,1.4065651,9.71019,4.4,16.0,2015.0,1.0,-12.173333,4.133333,-14.432858,92.200554,62.490486,-12.73767,-17.008848,14.079631,-4.089376,-53.36463,18.676603,-5.614024,-13.496854,18.67672,6.1,-3.0756545,7.9766665,-0.7506563,7.733333,1.5,0.0,0.0,0.0,3.9,16.0,2015.0,2.0,4.4,134,8,27
12.44,5.366667,25.31288,-44.91376,75.97528,8.425789,5.1878195,-29.316889,-24.868927,26.99115,-10.900523,0.19759479,6.380906,-10.899984,2.7,1.1950046,5.79,0.812414,10.23333,2.5,2802582.2,1.18775,8.468035,1.9,16.0,2013.0,4.0,13.153334,5.8333335,20.397106,-28.703459,-67.79829,10.202284,12.918519,30.438843,29.723127,24.840765,-17.941322,0.47104546,10.397921,-17.940702,7.233333,2.1307344,1.0466666,0.75656736,10.16667,2.5,3522668.0,1.4928675,7.4764805,3.4,16.0,2014.0,1.0,14.006667,3.1333334,22.653498,-76.26841,-63.652218,8.825863,12.04844,10.311903,33.860046,217.91045,-17.945265,6.7937813,13.254984,-17.945135,10.7,3.4225385,0.32,0.32275432,9.466666,2.5,333326.16,0.14069138,0.90136707,3.7,16.0,2014.0,2.0,3.9466667,1.5666667,6.297195,-80.25712,-77.56701,4.646498,7.2379026,14.347984,16.684607,205.88235,-1.5198362,0.14725164,0.96234983,-1.5203902,5.9666667,2.367303,0.0,-0.241871,8.733334,2.5,884932.4,0.37365437,2.6000803,3.8,16.0,2014.0,3.0,-0.7033333,2.5666666,-12.543264,99.29713,106.913185,-1.2250583,-2.1511283,-5.798658,-4.466155,4.181185,10.456512,-3.6344912,-7.743617,10.456355,7.233333,-1.6550106,2.0966666,-0.61778164,8.466666,2.0,3033285.0,1.3001022,6.3666487,4.1,16.0,2014.0,4.0,-10.396667,5.266667,-19.048405,79.09315,64.172066,-10.795808,-14.536445,13.743736,12.241055,1.5306122,19.452522,-6.960208,-14.546135,19.452564,4.0333333,-4.222798,7.7966666,-1.2067367,8.266666,1.8333334,3332754.5,1.4065651,9.71019,4.4,16.0,2015.0,1.0,-12.173333,4.133333,-14.432858,92.200554,62.490486,-12.73767,-17.008848,14.079631,-4.089376,-53.36463,18.676603,-5.614024,-13.496854,18.67672,6.1,-3.0756545,7.9766665,-0.7506563,7.733333,1.5,0.0,0.0,0.0,3.9,16.0,2015.0,2.0,-9.123333,3.6333334,-18.056446,187.8757,21.73711,-11.541868,-12.141793,78.52605,76.16851,4.8076925,15.864665,-2.2196786,-10.349421,15.864155,7.5,-2.9090574,4.0666666,-0.75425464,7.5,1.5,816032.06,0.35337597,2.331875,4.4,16.0,2015.0,3.0,4.4,135,8,27
13.153334,5.8333335,20.397106,-28.703459,-67.79829,10.202284,12.918519,30.438843,29.723127,24.840765,-17.941322,0.47104546,10.397921,-17.940702,7.233333,2.1307344,1.0466666,0.75656736,10.16667,2.5,3522668.0,1.4928675,7.4764805,3.4,16.0,2014.0,1.0,14.006667,3.1333334,22.653498,-76.26841,-63.652218,8.825863,12.04844,10.311903,33.860046,217.91045,-17.945265,6.7937813,13.254984,-17.945135,10.7,3.4225385,0.32,0.32275432,9.466666,2.5,333326.16,0.14069138,0.90136707,3.7,16.0,2014.0,2.0,3.9466667,1.5666667,6.297195,-80.25712,-77.56701,4.646498,7.2379026,14.347984,16.684607,205.88235,-1.5198362,0.14725164,0.96234983,-1.5203902,5.9666667,2.367303,0.0,-0.241871,8.733334,2.5,884932.4,0.37365437,2.6000803,3.8,16.0,2014.0,3.0,-0.7033333,2.5666666,-12.543264,99.29713,106.913185,-1.2250583,-2.1511283,-5.798658,-4.466155,4.181185,10.456512,-3.6344912,-7.743617,10.456355,7.233333,-1.6550106,2.0966666,-0.61778164,8.466666,2.0,3033285.0,1.3001022,6.3666487,4.1,16.0,2014.0,4.0,-10.396667,5.266667,-19.048405,79.09315,64.172066,-10.795808,-14.536445,13.743736,12.241055,1.5306122,19.452522,-6.960208,-14.546135,19.452564,4.0333333,-4.222798,7.7966666,-1.2067367,8.266666,1.8333334,3332754.5,1.4065651,9.71019,4.4,16.0,2015.0,1.0,-12.173333,4.133333,-14.432858,92.200554,62.490486,-12.73767,-17.008848,14.079631,-4.089376,-53.36463,18.676603,-5.614024,-13.496854,18.67672,6.1,-3.0756545,7.9766665,-0.7506563,7.733333,1.5,0.0,0.0,0.0,3.9,16.0,2015.0,2.0,-9.123333,3.6333334,-18.056446,187.8757,21.73711,-11.541868,-12.141793,78.52605,76.16851,4.8076925,15.864665,-2.2196786,-10.349421,15.864155,7.5,-2.9090574,4.0666666,-0.75425464,7.5,1.5,816032.06,0.35337597,2.331875,4.4,16.0,2015.0,3.0,-5.903333,4.9666667,-22.411144,-38.2815,3360.465,-6.3552127,-8.439511,-8.91992,-1.9235451,39.130436,16.1897,0.36316746,-9.31352,16.189564,3.5,-3.046053,6.1,-0.7835827,7.166667,1.5,2447661.8,1.0434202,8.581217,4.4,16.0,2015.0,4.0,2.5,136,8,27
14.006667,3.1333334,22.653498,-76.26841,-63.652218,8.825863,12.04844,10.311903,33.860046,217.91045,-17.945265,6.7937813,13.254984,-17.945135,10.7,3.4225385,0.32,0.32275432,9.466666,2.5,333326.16,0.14069138,0.90136707,3.7,16.0,2014.0,2.0,3.9466667,1.5666667,6.297195,-80.25712,-77.56701,4.646498,7.2379026,14.347984,16.684607,205.88235,-1.5198362,0.14725164,0.96234983,-1.5203902,5.9666667,2.367303,0.0,-0.241871,8.733334,2.5,884932.4,0.37365437,2.6000803,3.8,16.0,2014.0,3.0,-0.7033333,2.5666666,-12.543264,99.29713,106.913185,-1.2250583,-2.1511283,-5.798658,-4.466155,4.181185,10.456512,-3.6344912,-7.743617,10.456355,7.233333,-1.6550106,2.0966666,-0.61778164,8.466666,2.0,3033285.0,1.3001022,6.3666487,4.1,16.0,2014.0,4.0,-10.396667,5.266667,-19.048405,79.09315,64.172066,-10.795808,-14.536445,13.743736,12.241055,1.5306122,19.452522,-6.960208,-14.546135,19.452564,4.0333333,-4.222798,7.7966666,-1.2067367,8.266666,1.8333334,3332754.5,1.4065651,9.71019,4.4,16.0,2015.0,1.0,-12.173333,4.133333,-14.432858,92.200554,62.490486,-12.73767,-17.008848,14.079631,-4.089376,-53.36463,18.676603,-5.614024,-13.496854,18.67672,6.1,-3.0756545,7.9766665,-0.7506563,7.733333,1.5,0.0,0.0,0.0,3.9,16.0,2015.0,2.0,-9.123333,3.6333334,-18.056446,187.8757,21.73711,-11.541868,-12.141793,78.52605,76.16851,4.8076925,15.864665,-2.2196786,-10.349421,15.864155,7.5,-2.9090574,4.0666666,-0.75425464,7.5,1.5,816032.06,0.35337597,2.331875,4.4,16.0,2015.0,3.0,-5.903333,4.9666667,-22.411144,-38.2815,3360.465,-6.3552127,-8.439511,-8.91992,-1.9235451,39.130436,16.1897,0.36316746,-9.31352,16.189564,3.5,-3.046053,6.1,-0.7835827,7.166667,1.5,2447661.8,1.0434202,8.581217,4.4,16.0,2015.0,4.0,-1.4133333,2.5,-18.786106,-120.90285,46.05263,1.0056255,-0.37690264,-59.156704,-50.782997,16.080402,1.9996898,9.863905,3.0787418,1.9990649,1.6,-2.4078302,4.6966667,-1.0043217,6.666667,1.5,3499373.2,1.5180734,8.54922,2.5,16.0,2016.0,1.0,3.4,137,8,27
3.9466667,1.5666667,6.297195,-80.25712,-77.56701,4.646498,7.2379026,14.347984,16.684607,205.88235,-1.5198362,0.14725164,0.96234983,-1.5203902,5.9666667,2.367303,0.0,-0.241871,8.733334,2.5,884932.4,0.37365437,2.6000803,3.8,16.0,2014.0,3.0,-0.7033333,2.5666666,-12.543264,99.29713,106.913185,-1.2250583,-2.1511283,-5.798658,-4.466155,4.181185,10.456512,-3.6344912,-7.743617,10.456355,7.233333,-1.6550106,2.0966666,-0.61778164,8.466666,2.0,3033285.0,1.3001022,6.3666487,4.1,16.0,2014.0,4.0,-10.396667,5.266667,-19.048405,79.09315,64.172066,-10.795808,-14.536445,13.743736,12.241055,1.5306122,19.452522,-6.960208,-14.546135,19.452564,4.0333333,-4.222798,7.7966666,-1.2067367,8.266666,1.8333334,3332754.5,1.4065651,9.71019,4.4,16.0,2015.0,1.0,-12.173333,4.133333,-14.432858,92.200554,62.490486,-12.73767,-17.008848,14.079631,-4.089376,-53.36463,18.676603,-5.614024,-13.496854,18.67672,6.1,-3.0756545,7.9766665,-0.7506563,7.733333,1.5,0.0,0.0,0.0,3.9,16.0,2015.0,2.0,-9.123333,3.6333334,-18.056446,187.8757,21.73711,-11.541868,-12.141793,78.52605,76.16851,4.8076925,15.864665,-2.2196786,-10.349421,15.864155,7.5,-2.9090574,4.0666666,-0.75425464,7.5,1.5,816032.06,0.35337597,2.331875,4.4,16.0,2015.0,3.0,-5.903333,4.9666667,-22.411144,-38.2815,3360.465,-6.3552127,-8.439511,-8.91992,-1.9235451,39.130436,16.1897,0.36316746,-9.31352,16.189564,3.5,-3.046053,6.1,-0.7835827,7.166667,1.5,2447661.8,1.0434202,8.581217,4.4,16.0,2015.0,4.0,-1.4133333,2.5,-18.786106,-120.90285,46.05263,1.0056255,-0.37690264,-59.156704,-50.782997,16.080402,1.9996898,9.863905,3.0787418,1.9990649,1.6,-2.4078302,4.6966667,-1.0043217,6.666667,1.5,3499373.2,1.5180734,8.54922,2.5,16.0,2016.0,1.0,5.4966664,4.4,-22.6868,585.9524,115.86851,7.481979,2.6958933,-12.089024,-11.296703,-6.0402684,9.707129,9.437253,-1.4221855,9.707434,0.8,-3.8870492,5.886667,-1.0264723,6.366667,1.5,333458.38,0.14227316,1.1413777,3.4,16.0,2016.0,2.0,2.7,138,8,27
-0.7033333,2.5666666,-12.543264,99.29713,106.913185,-1.2250583,-2.1511283,-5.798658,-4.466155,4.181185,10.456512,-3.6344912,-7.743617,10.456355,7.233333,-1.6550106,2.0966666,-0.61778164,8.466666,2.0,3033285.0,1.3001022,6.3666487,4.1,16.0,2014.0,4.0,-10.396667,5.266667,-19.048405,79.09315,64.172066,-10.795808,-14.536445,13.743736,12.241055,1.5306122,19.452522,-6.960208,-14.546135,19.452564,4.0333333,-4.222798,7.7966666,-1.2067367,8.266666,1.8333334,3332754.5,1.4065651,9.71019,4.4,16.0,2015.0,1.0,-12.173333,4.133333,-14.432858,92.200554,62.490486,-12.73767,-17.008848,14.079631,-4.089376,-53.36463,18.676603,-5.614024,-13.496854,18.67672,6.1,-3.0756545,7.9766665,-0.7506563,7.733333,1.5,0.0,0.0,0.0,3.9,16.0,2015.0,2.0,-9.123333,3.6333334,-18.056446,187.8757,21.73711,-11.541868,-12.141793,78.52605,76.16851,4.8076925,15.864665,-2.2196786,-10.349421,15.864155,7.5,-2.9090574,4.0666666,-0.75425464,7.5,1.5,816032.06,0.35337597,2.331875,4.4,16.0,2015.0,3.0,-5.903333,4.9666667,-22.411144,-38.2815,3360.465,-6.3552127,-8.439511,-8.91992,-1.9235451,39.130436,16.1897,0.36316746,-9.31352,16.189564,3.5,-3.046053,6.1,-0.7835827,7.166667,1.5,2447661.8,1.0434202,8.581217,4.4,16.0,2015.0,4.0,-1.4133333,2.5,-18.786106,-120.90285,46.05263,1.0056255,-0.37690264,-59.156704,-50.782997,16.080402,1.9996898,9.863905,3.0787418,1.9990649,1.6,-2.4078302,4.6966667,-1.0043217,6.666667,1.5,3499373.2,1.5180734,8.54922,2.5,16.0,2016.0,1.0,5.4966664,4.4,-22.6868,585.9524,115.86851,7.481979,2.6958933,-12.089024,-11.296703,-6.0402684,9.707129,9.437253,-1.4221855,9.707434,0.8,-3.8870492,5.886667,-1.0264723,6.366667,1.5,333458.38,0.14227316,1.1413777,3.4,16.0,2016.0,2.0,2.4466667,3.0,-11.924211,-258.029,-52.72997,2.759266,5.3785853,-89.05694,-88.60185,-65.13761,3.186137,9.568443,2.4343407,3.1861095,0.8666667,-2.0690744,7.1666665,-0.8677007,6.2,1.5,885808.6,0.40105465,2.1873834,2.7,16.0,2016.0,3.0,3.8,139,8,27
-10.396667,5.266667,-19.048405,79.09315,64.172066,-10.795808,-14.536445,13.743736,12.241055,1.5306122,19.452522,-6.960208,-14.546135,19.452564,4.0333333,-4.222798,7.7966666,-1.2067367,8.266666,1.8333334,3332754.5,1.4065651,9.71019,4.4,16.0,2015.0,1.0,-12.173333,4.133333,-14.432858,92.200554,62.490486,-12.73767,-17.008848,14.079631,-4.089376,-53.36463,18.676603,-5.614024,-13.496854,18.67672,6.1,-3.0756545,7.9766665,-0.7506563,7.733333,1.5,0.0,0.0,0.0,3.9,16.0,2015.0,2.0,-9.123333,3.6333334,-18.056446,187.8757,21.73711,-11.541868,-12.141793,78.52605,76.16851,4.8076925,15.864665,-2.2196786,-10.349421,15.864155,7.5,-2.9090574,4.0666666,-0.75425464,7.5,1.5,816032.06,0.35337597,2.331875,4.4,16.0,2015.0,3.0,-5.903333,4.9666667,-22.411144,-38.2815,3360.465,-6.3552127,-8.439511,-8.91992,-1.9235451,39.130436,16.1897,0.36316746,-9.31352,16.189564,3.5,-3.046053,6.1,-0.7835827,7.166667,1.5,2447661.8,1.0434202,8.581217,4.4,16.0,2015.0,4.0,-1.4133333,2.5,-18.786106,-120.90285,46.05263,1.0056255,-0.37690264,-59.156704,-50.782997,16.080402,1.9996898,9.863905,3.0787418,1.9990649,1.6,-2.4078302,4.6966667,-1.0043217,6.666667,1.5,3499373.2,1.5180734,8.54922,2.5,16.0,2016.0,1.0,5.4966664,4.4,-22.6868,585.9524,115.86851,7.481979,2.6958933,-12.089024,-11.296703,-6.0402684,9.707129,9.437253,-1.4221855,9.707434,0.8,-3.8870492,5.886667,-1.0264723,6.366667,1.5,333458.38,0.14227316,1.1413777,3.4,16.0,2016.0,2.0,2.4466667,3.0,-11.924211,-258.029,-52.72997,2.759266,5.3785853,-89.05694,-88.60185,-65.13761,3.186137,9.568443,2.4343407,3.1861095,0.8666667,-2.0690744,7.1666665,-0.8677007,6.2,1.5,885808.6,0.40105465,2.1873834,2.7,16.0,2016.0,3.0,3.23,2.7,-1.9665205,231.01299,-37.365593,4.3082123,5.283268,-52.19024,-47.989075,-31.850962,5.273857,7.943617,0.8036415,5.2764487,4.266667,-1.3765671,4.6066666,0.245633,5.7,1.5,2847219.8,1.2018222,6.526923,3.8,16.0,2016.0,4.0,5.3,140,8,27
-12.173333,4.133333,-14.432858,92.200554,62.490486,-12.73767,-17.008848,14.079631,-4.089376,-53.36463,18.676603,-5.614024,-13.496854,18.67672,6.1,-3.0756545,7.9766665,-0.7506563,7.733333,1.5,0.0,0.0,0.0,3.9,16.0,2015.0,2.0,-9.123333,3.6333334,-18.056446,187.8757,21.73711,-11.541868,-12.141793,78.52605,76.16851,4.8076925,15.864665,-2.2196786,-10.349421,15.864155,7.5,-2.9090574,4.0666666,-0.75425464,7.5,1.5,816032.06,0.35337597,2.331875,4.4,16.0,2015.0,3.0,-5.903333,4.9666667,-22.411144,-38.2815,3360.465,-6.3552127,-8.439511,-8.91992,-1.9235451,39.130436,16.1897,0.36316746,-9.31352,16.189564,3.5,-3.046053,6.1,-0.7835827,7.166667,1.5,2447661.8,1.0434202,8.581217,4.4,16.0,2015.0,4.0,-1.4133333,2.5,-18.786106,-120.90285,46.05263,1.0056255,-0.37690264,-59.156704,-50.782997,16.080402,1.9996898,9.863905,3.0787418,1.9990649,1.6,-2.4078302,4.6966667,-1.0043217,6.666667,1.5,3499373.2,1.5180734,8.54922,2.5,16.0,2016.0,1.0,5.4966664,4.4,-22.6868,585.9524,115.86851,7.481979,2.6958933,-12.089024,-11.296703,-6.0402684,9.707129,9.437253,-1.4221855,9.707434,0.8,-3.8870492,5.886667,-1.0264723,6.366667,1.5,333458.38,0.14227316,1.1413777,3.4,16.0,2016.0,2.0,2.4466667,3.0,-11.924211,-258.029,-52.72997,2.759266,5.3785853,-89.05694,-88.60185,-65.13761,3.186137,9.568443,2.4343407,3.1861095,0.8666667,-2.0690744,7.1666665,-0.8677007,6.2,1.5,885808.6,0.40105465,2.1873834,2.7,16.0,2016.0,3.0,3.23,2.7,-1.9665205,231.01299,-37.365593,4.3082123,5.283268,-52.19024,-47.989075,-31.850962,5.273857,7.943617,0.8036415,5.2764487,4.266667,-1.3765671,4.6066666,0.245633,5.7,1.5,2847219.8,1.2018222,6.526923,3.8,16.0,2016.0,4.0,11.5633335,5.9666667,17.400055,97.20124,79.47154,10.383295,8.953776,-1.540832,-13.295455,-46.320347,2.5758703,5.5780377,1.1411121,2.5753703,16.866667,0.73518723,6.3166666,2.029118,5.2,1.5,4195190.5,1.7703923,7.5980015,5.3,16.0,2017.0,1.0,4.8,141,8,27
-9.123333,3.6333334,-18.056446,187.8757,21.73711,-11.541868,-12.141793,78.52605,76.16851,4.8076925,15.864665,-2.2196786,-10.349421,15.864155,7.5,-2.9090574,4.0666666,-0.75425464,7.5,1.5,816032.06,0.35337597,2.331875,4.4,16.0,2015.0,3.0,-5.903333,4.9666667,-22.411144,-38.2815,3360.465,-6.3552127,-8.439511,-8.91992,-1.9235451,39.130436,16.1897,0.36316746,-9.31352,16.189564,3.5,-3.046053,6.1,-0.7835827,7.166667,1.5,2447661.8,1.0434202,8.581217,4.4,16.0,2015.0,4.0,-1.4133333,2.5,-18.786106,-120.90285,46.05263,1.0056255,-0.37690264,-59.156704,-50.782997,16.080402,1.9996898,9.863905,3.0787418,1.9990649,1.6,-2.4078302,4.6966667,-1.0043217,6.666667,1.5,3499373.2,1.5180734,8.54922,2.5,16.0,2016.0,1.0,5.4966664,4.4,-22.6868,585.9524,115.86851,7.481979,2.6958933,-12.089024,-11.296703,-6.0402684,9.707129,9.437253,-1.4221855,9.707434,0.8,-3.8870492,5.886667,-1.0264723,6.366667,1.5,333458.38,0.14227316,1.1413777,3.4,16.0,2016.0,2.0,2.4466667,3.0,-11.924211,-258.029,-52.72997,2.759266,5.3785853,-89.05694,-88.60185,-65.13761,3.186137,9.568443,2.4343407,3.1861095,0.8666667,-2.0690744,7.1666665,-0.8677007,6.2,1.5,885808.6,0.40105465,2.1873834,2.7,16.0,2016.0,3.0,3.23,2.7,-1.9665205,231.01299,-37.365593,4.3082123,5.283268,-52.19024,-47.989075,-31.850962,5.273857,7.943617,0.8036415,5.2764487,4.266667,-1.3765671,4.6066666,0.245633,5.7,1.5,2847219.8,1.2018222,6.526923,3.8,16.0,2016.0,4.0,11.5633335,5.9666667,17.400055,97.20124,79.47154,10.383295,8.953776,-1.540832,-13.295455,-46.320347,2.5758703,5.5780377,1.1411121,2.5753703,16.866667,0.73518723,6.3166666,2.029118,5.2,1.5,4195190.5,1.7703923,7.5980015,5.3,16.0,2017.0,1.0,7.6,5.766667,32.52294,-210.87701,-723.78516,8.160714,12.5490675,-52.01381,-50.89197,-43.92857,-14.400052,4.3731194,9.582603,-14.400424,14.2,3.9431942,5.0733333,1.8833684,5.166667,1.5,267387.62,0.113445684,1.5443382,4.8,16.0,2017.0,2.0,5.7,142,8,27
-5.903333,4.9666667,-22.411144,-38.2815,3360.465,-6.3552127,-8.439511,-8.91992,-1.9235451,39.130436,16.1897,0.36316746,-9.31352,16.189564,3.5,-3.046053,6.1,-0.7835827,7.166667,1.5,2447661.8,1.0434202,8.581217,4.4,16.0,2015.0,4.0,-1.4133333,2.5,-18.786106,-120.90285,46.05263,1.0056255,-0.37690264,-59.156704,-50.782997,16.080402,1.9996898,9.863905,3.0787418,1.9990649,1.6,-2.4078302,4.6966667,-1.0043217,6.666667,1.5,3499373.2,1.5180734,8.54922,2.5,16.0,2016.0,1.0,5.4966664,4.4,-22.6868,585.9524,115.86851,7.481979,2.6958933,-12.089024,-11.296703,-6.0402684,9.707129,9.437253,-1.4221855,9.707434,0.8,-3.8870492,5.886667,-1.0264723,6.366667,1.5,333458.38,0.14227316,1.1413777,3.4,16.0,2016.0,2.0,2.4466667,3.0,-11.924211,-258.029,-52.72997,2.759266,5.3785853,-89.05694,-88.60185,-65.13761,3.186137,9.568443,2.4343407,3.1861095,0.8666667,-2.0690744,7.1666665,-0.8677007,6.2,1.5,885808.6,0.40105465,2.1873834,2.7,16.0,2016.0,3.0,3.23,2.7,-1.9665205,231.01299,-37.365593,4.3082123,5.283268,-52.19024,-47.989075,-31.850962,5.273857,7.943617,0.8036415,5.2764487,4.266667,-1.3765671,4.6066666,0.245633,5.7,1.5,2847219.8,1.2018222,6.526923,3.8,16.0,2016.0,4.0,11.5633335,5.9666667,17.400055,97.20124,79.47154,10.383295,8.953776,-1.540832,-13.295455,-46.320347,2.5758703,5.5780377,1.1411121,2.5753703,16.866667,0.73518723,6.3166666,2.029118,5.2,1.5,4195190.5,1.7703923,7.5980015,5.3,16.0,2017.0,1.0,7.6,5.766667,32.52294,-210.87701,-723.78516,8.160714,12.5490675,-52.01381,-50.89197,-43.92857,-14.400052,4.3731194,9.582603,-14.400424,14.2,3.9431942,5.0733333,1.8833684,5.166667,1.5,267387.62,0.113445684,1.5443382,4.8,16.0,2017.0,2.0,19.01,7.233333,40.65214,43.360233,58.849815,20.455889,14.430996,149.4309,142.87901,36.842106,-11.24714,5.4514256,8.514966,-11.246208,12.3,3.884691,6.29,1.9984636,4.866667,1.5,1081975.6,0.456571,2.3057957,5.7,16.0,2017.0,3.0,5.1,143,8,27
-1.4133333,2.5,-18.786106,-120.90285,46.05263,1.0056255,-0.37690264,-59.156704,-50.782997,16.080402,1.9996898,9.863905,3.0787418,1.9990649,1.6,-2.4078302,4.6966667,-1.0043217,6.666667,1.5,3499373.2,1.5180734,8.54922,2.5,16.0,2016.0,1.0,5.4966664,4.4,-22.6868,585.9524,115.86851,7.481979,2.6958933,-12.089024,-11.296703,-6.0402684,9.707129,9.437253,-1.4221855,9.707434,0.8,-3.8870492,5.886667,-1.0264723,6.366667,1.5,333458.38,0.14227316,1.1413777,3.4,16.0,2016.0,2.0,2.4466667,3.0,-11.924211,-258.029,-52.72997,2.759266,5.3785853,-89.05694,-88.60185,-65.13761,3.186137,9.568443,2.4343407,3.1861095,0.8666667,-2.0690744,7.1666665,-0.8677007,6.2,1.5,885808.6,0.40105465,2.1873834,2.7,16.0,2016.0,3.0,3.23,2.7,-1.9665205,231.01299,-37.365593,4.3082123,5.283268,-52.19024,-47.989075,-31.850962,5.273857,7.943617,0.8036415,5.2764487,4.266667,-1.3765671,4.6066666,0.245633,5.7,1.5,2847219.8,1.2018222,6.526923,3.8,16.0,2016.0,4.0,11.5633335,5.9666667,17.400055,97.20124,79.47154,10.383295,8.953776,-1.540832,-13.295455,-46.320347,2.5758703,5.5780377,1.1411121,2.5753703,16.866667,0.73518723,6.3166666,2.029118,5.2,1.5,4195190.5,1.7703923,7.5980015,5.3,16.0,2017.0,1.0,7.6,5.766667,32.52294,-210.87701,-723.78516,8.160714,12.5490675,-52.01381,-50.89197,-43.92857,-14.400052,4.3731194,9.582603,-14.400424,14.2,3.9431942,5.0733333,1.8833684,5.166667,1.5,267387.62,0.113445684,1.5443382,4.8,16.0,2017.0,2.0,19.01,7.233333,40.65214,43.360233,58.849815,20.455889,14.430996,149.4309,142.87901,36.842106,-11.24714,5.4514256,8.514966,-11.246208,12.3,3.884691,6.29,1.9984636,4.866667,1.5,1081975.6,0.456571,2.3057957,5.7,16.0,2017.0,3.0,21.686666,8.166667,42.973602,-78.02888,-234.87125,21.6471,25.217676,99.541885,65.48926,-26.27866,-29.795225,11.355576,20.716208,-29.79799,15.633333,5.908134,8.036667,2.3917704,4.566667,1.5,2991022.8,1.2621546,6.6207366,5.1,16.0,2017.0,4.0,5.8,144,8,27
5.4966664,4.4,-22.6868,585.9524,115.86851,7.481979,2.6958933,-12.089024,-11.296703,-6.0402684,9.707129,9.437253,-1.4221855,9.707434,0.8,-3.8870492,5.886667,-1.0264723,6.366667,1.5,333458.38,0.14227316,1.1413777,3.4,16.0,2016.0,2.0,2.4466667,3.0,-11.924211,-258.029,-52.72997,2.759266,5.3785853,-89.05694,-88.60185,-65.13761,3.186137,9.568443,2.4343407,3.1861095,0.8666667,-2.0690744,7.1666665,-0.8677007,6.2,1.5,885808.6,0.40105465,2.1873834,2.7,16.0,2016.0,3.0,3.23,2.7,-1.9665205,231.01299,-37.365593,4.3082123,5.283268,-52.19024,-47.989075,-31.850962,5.273857,7.943617,0.8036415,5.2764487,4.266667,-1.3765671,4.6066666,0.245633,5.7,1.5,2847219.8,1.2018222,6.526923,3.8,16.0,2016.0,4.0,11.5633335,5.9666667,17.400055,97.20124,79.47154,10.383295,8.953776,-1.540832,-13.295455,-46.320347,2.5758703,5.5780377,1.1411121,2.5753703,16.866667,0.73518723,6.3166666,2.029118,5.2,1.5,4195190.5,1.7703923,7.5980015,5.3,16.0,2017.0,1.0,7.6,5.766667,32.52294,-210.87701,-723.78516,8.160714,12.5490675,-52.01381,-50.89197,-43.92857,-14.400052,4.3731194,9.582603,-14.400424,14.2,3.9431942,5.0733333,1.8833684,5.166667,1.5,267387.62,0.113445684,1.5443382,4.8,16.0,2017.0,2.0,19.01,7.233333,40.65214,43.360233,58.849815,20.455889,14.430996,149.4309,142.87901,36.842106,-11.24714,5.4514256,8.514966,-11.246208,12.3,3.884691,6.29,1.9984636,4.866667,1.5,1081975.6,0.456571,2.3057957,5.7,16.0,2017.0,3.0,21.686666,8.166667,42.973602,-78.02888,-234.87125,21.6471,25.217676,99.541885,65.48926,-26.27866,-29.795225,11.355576,20.716208,-29.79799,15.633333,5.908134,8.036667,2.3917704,4.566667,1.5,2991022.8,1.2621546,6.6207366,5.1,16.0,2017.0,4.0,22.57,5.9333334,27.055525,-4192.0635,-1082.6732,24.847069,28.017925,72.143974,72.73919,75.80645,-19.502863,14.133089,16.947655,-19.501999,10.633333,6.6626134,5.97,1.7203254,4.033333,1.5,4397472.0,1.8556501,7.329484,5.8,16.0,2018.0,1.0,6.2,145,8,27
2.4466667,3.0,-11.924211,-258.029,-52.72997,2.759266,5.3785853,-89.05694,-88.60185,-65.13761,3.186137,9.568443,2.4343407,3.1861095,0.8666667,-2.0690744,7.1666665,-0.8677007,6.2,1.5,885808.6,0.40105465,2.1873834,2.7,16.0,2016.0,3.0,3.23,2.7,-1.9665205,231.01299,-37.365593,4.3082123,5.283268,-52.19024,-47.989075,-31.850962,5.273857,7.943617,0.8036415,5.2764487,4.266667,-1.3765671,4.6066666,0.245633,5.7,1.5,2847219.8,1.2018222,6.526923,3.8,16.0,2016.0,4.0,11.5633335,5.9666667,17.400055,97.20124,79.47154,10.383295,8.953776,-1.540832,-13.295455,-46.320347,2.5758703,5.5780377,1.1411121,2.5753703,16.866667,0.73518723,6.3166666,2.029118,5.2,1.5,4195190.5,1.7703923,7.5980015,5.3,16.0,2017.0,1.0,7.6,5.766667,32.52294,-210.87701,-723.78516,8.160714,12.5490675,-52.01381,-50.89197,-43.92857,-14.400052,4.3731194,9.582603,-14.400424,14.2,3.9431942,5.0733333,1.8833684,5.166667,1.5,267387.62,0.113445684,1.5443382,4.8,16.0,2017.0,2.0,19.01,7.233333,40.65214,43.360233,58.849815,20.455889,14.430996,149.4309,142.87901,36.842106,-11.24714,5.4514256,8.514966,-11.246208,12.3,3.884691,6.29,1.9984636,4.866667,1.5,1081975.6,0.456571,2.3057957,5.7,16.0,2017.0,3.0,21.686666,8.166667,42.973602,-78.02888,-234.87125,21.6471,25.217676,99.541885,65.48926,-26.27866,-29.795225,11.355576,20.716208,-29.79799,15.633333,5.908134,8.036667,2.3917704,4.566667,1.5,2991022.8,1.2621546,6.6207366,5.1,16.0,2017.0,4.0,22.57,5.9333334,27.055525,-4192.0635,-1082.6732,24.847069,28.017925,72.143974,72.73919,75.80645,-19.502863,14.133089,16.947655,-19.501999,10.633333,6.6626134,5.97,1.7203254,4.033333,1.5,4397472.0,1.8556501,7.329484,5.8,16.0,2018.0,1.0,17.803333,7.0666666,-3.5293467,155.6783,9.881099,18.279055,17.343325,164.02878,188.09283,315.92355,3.5462399,5.0039945,0.3672052,3.5473375,9.966666,1.3175904,8.28,1.928874,3.8,1.5,38.44,1.139228e-05,0.0012921855,6.2,16.0,2018.0,2.0,6.0,146,8,27
3.23,2.7,-1.9665205,231.01299,-37.365593,4.3082123,5.283268,-52.19024,-47.989075,-31.850962,5.273857,7.943617,0.8036415,5.2764487,4.266667,-1.3765671,4.6066666,0.245633,5.7,1.5,2847219.8,1.2018222,6.526923,3.8,16.0,2016.0,4.0,11.5633335,5.9666667,17.400055,97.20124,79.47154,10.383295,8.953776,-1.540832,-13.295455,-46.320347,2.5758703,5.5780377,1.1411121,2.5753703,16.866667,0.73518723,6.3166666,2.029118,5.2,1.5,4195190.5,1.7703923,7.5980015,5.3,16.0,2017.0,1.0,7.6,5.766667,32.52294,-210.87701,-723.78516,8.160714,12.5490675,-52.01381,-50.89197,-43.92857,-14.400052,4.3731194,9.582603,-14.400424,14.2,3.9431942,5.0733333,1.8833684,5.166667,1.5,267387.62,0.113445684,1.5443382,4.8,16.0,2017.0,2.0,19.01,7.233333,40.65214,43.360233,58.849815,20.455889,14.430996,149.4309,142.87901,36.842106,-11.24714,5.4514256,8.514966,-11.246208,12.3,3.884691,6.29,1.9984636,4.866667,1.5,1081975.6,0.456571,2.3057957,5.7,16.0,2017.0,3.0,21.686666,8.166667,42.973602,-78.02888,-234.87125,21.6471,25.217676,99.541885,65.48926,-26.27866,-29.795225,11.355576,20.716208,-29.79799,15.633333,5.908134,8.036667,2.3917704,4.566667,1.5,2991022.8,1.2621546,6.6207366,5.1,16.0,2017.0,4.0,22.57,5.9333334,27.055525,-4192.0635,-1082.6732,24.847069,28.017925,72.143974,72.73919,75.80645,-19.502863,14.133089,16.947655,-19.501999,10.633333,6.6626134,5.97,1.7203254,4.033333,1.5,4397472.0,1.8556501,7.329484,5.8,16.0,2018.0,1.0,17.803333,7.0666666,-3.5293467,155.6783,9.881099,18.279055,17.343325,164.02878,188.09283,315.92355,3.5462399,5.0039945,0.3672052,3.5473375,9.966666,1.3175904,8.28,1.928874,3.8,1.5,38.44,1.139228e-05,0.0012921855,6.2,16.0,2018.0,2.0,7.2233334,5.766667,-12.174033,-44.62435,-150.3305,7.0097733,10.925226,67.40548,89.53342,742.3077,1.0184668,3.469822,1.0373645,1.0177468,11.133333,0.5962112,6.0,2.093512,3.9,1.5,1033595.3,0.43692198,3.0991547,6.0,16.0,2018.0,3.0,5.5,147,8,27
11.5633335,5.9666667,17.400055,97.20124,79.47154,10.383295,8.953776,-1.540832,-13.295455,-46.320347,2.5758703,5.5780377,1.1411121,2.5753703,16.866667,0.73518723,6.3166666,2.029118,5.2,1.5,4195190.5,1.7703923,7.5980015,5.3,16.0,2017.0,1.0,7.6,5.766667,32.52294,-210.87701,-723.78516,8.160714,12.5490675,-52.01381,-50.89197,-43.92857,-14.400052,4.3731194,9.582603,-14.400424,14.2,3.9431942,5.0733333,1.8833684,5.166667,1.5,267387.62,0.113445684,1.5443382,4.8,16.0,2017.0,2.0,19.01,7.233333,40.65214,43.360233,58.849815,20.455889,14.430996,149.4309,142.87901,36.842106,-11.24714,5.4514256,8.514966,-11.246208,12.3,3.884691,6.29,1.9984636,4.866667,1.5,1081975.6,0.456571,2.3057957,5.7,16.0,2017.0,3.0,21.686666,8.166667,42.973602,-78.02888,-234.87125,21.6471,25.217676,99.541885,65.48926,-26.27866,-29.795225,11.355576,20.716208,-29.79799,15.633333,5.908134,8.036667,2.3917704,4.566667,1.5,2991022.8,1.2621546,6.6207366,5.1,16.0,2017.0,4.0,22.57,5.9333334,27.055525,-4192.0635,-1082.6732,24.847069,28.017925,72.143974,72.73919,75.80645,-19.502863,14.133089,16.947655,-19.501999,10.633333,6.6626134,5.97,1.7203254,4.033333,1.5,4397472.0,1.8556501,7.329484,5.8,16.0,2018.0,1.0,17.803333,7.0666666,-3.5293467,155.6783,9.881099,18.279055,17.343325,164.02878,188.09283,315.92355,3.5462399,5.0039945,0.3672052,3.5473375,9.966666,1.3175904,8.28,1.928874,3.8,1.5,38.44,1.139228e-05,0.0012921855,6.2,16.0,2018.0,2.0,7.2233334,5.766667,-12.174033,-44.62435,-150.3305,7.0097733,10.925226,67.40548,89.53342,742.3077,1.0184668,3.469822,1.0373645,1.0177468,11.133333,0.5962112,6.0,2.093512,3.9,1.5,1033595.3,0.43692198,3.0991547,6.0,16.0,2018.0,3.0,4.5733333,4.5333333,-19.726309,118.07143,-16.388226,4.7793183,4.953365,13.250246,42.082493,252.39235,9.941143,-0.42053887,-5.6185007,9.940552,9.4,-0.44947004,5.4566665,1.5136406,3.9,1.5,3202874.8,1.3515791,8.1239195,5.5,16.0,2018.0,4.0,5.1,148,8,27
7.6,5.766667,32.52294,-210.87701,-723.78516,8.160714,12.5490675,-52.01381,-50.89197,-43.92857,-14.400052,4.3731194,9.582603,-14.400424,14.2,3.9431942,5.0733333,1.8833684,5.166667,1.5,267387.62,0.113445684,1.5443382,4.8,16.0,2017.0,2.0,19.01,7.233333,40.65214,43.360233,58.849815,20.455889,14.430996,149.4309,142.87901,36.842106,-11.24714,5.4514256,8.514966,-11.246208,12.3,3.884691,6.29,1.9984636,4.866667,1.5,1081975.6,0.456571,2.3057957,5.7,16.0,2017.0,3.0,21.686666,8.166667,42.973602,-78.02888,-234.87125,21.6471,25.217676,99.541885,65.48926,-26.27866,-29.795225,11.355576,20.716208,-29.79799,15.633333,5.908134,8.036667,2.3917704,4.566667,1.5,2991022.8,1.2621546,6.6207366,5.1,16.0,2017.0,4.0,22.57,5.9333334,27.055525,-4192.0635,-1082.6732,24.847069,28.017925,72.143974,72.73919,75.80645,-19.502863,14.133089,16.947655,-19.501999,10.633333,6.6626134,5.97,1.7203254,4.033333,1.5,4397472.0,1.8556501,7.329484,5.8,16.0,2018.0,1.0,17.803333,7.0666666,-3.5293467,155.6783,9.881099,18.279055,17.343325,164.02878,188.09283,315.92355,3.5462399,5.0039945,0.3672052,3.5473375,9.966666,1.3175904,8.28,1.928874,3.8,1.5,38.44,1.139228e-05,0.0012921855,6.2,16.0,2018.0,2.0,7.2233334,5.766667,-12.174033,-44.62435,-150.3305,7.0097733,10.925226,67.40548,89.53342,742.3077,1.0184668,3.469822,1.0373645,1.0177468,11.133333,0.5962112,6.0,2.093512,3.9,1.5,1033595.3,0.43692198,3.0991547,6.0,16.0,2018.0,3.0,4.5733333,4.5333333,-19.726309,118.07143,-16.388226,4.7793183,4.953365,13.250246,42.082493,252.39235,9.941143,-0.42053887,-5.6185007,9.940552,9.4,-0.44947004,5.4566665,1.5136406,3.9,1.5,3202874.8,1.3515791,8.1239195,5.5,16.0,2018.0,4.0,0.61333334,6.766667,-17.303038,-27.366863,49.811638,0.3004256,-1.0872841,-30.363636,69.57511,573.8532,11.8776865,-6.3356953,-9.303698,11.877347,5.5333333,-2.9554675,4.6566668,1.1894706,3.8,1.5,4236406.0,1.7876823,8.045791,5.1,16.0,2019.0,1.0,4.6,149,8,27
19.01,7.233333,40.65214,43.360233,58.849815,20.455889,14.430996,149.4309,142.87901,36.842106,-11.24714,5.4514256,8.514966,-11.246208,12.3,3.884691,6.29,1.9984636,4.866667,1.5,1081975.6,0.456571,2.3057957,5.7,16.0,2017.0,3.0,21.686666,8.166667,42.973602,-78.02888,-234.87125,21.6471,25.217676,99.541885,65.48926,-26.27866,-29.795225,11.355576,20.716208,-29.79799,15.633333,5.908134,8.036667,2.3917704,4.566667,1.5,2991022.8,1.2621546,6.6207366,5.1,16.0,2017.0,4.0,22.57,5.9333334,27.055525,-4192.0635,-1082.6732,24.847069,28.017925,72.143974,72.73919,75.80645,-19.502863,14.133089,16.947655,-19.501999,10.633333,6.6626134,5.97,1.7203254,4.033333,1.5,4397472.0,1.8556501,7.329484,5.8,16.0,2018.0,1.0,17.803333,7.0666666,-3.5293467,155.6783,9.881099,18.279055,17.343325,164.02878,188.09283,315.92355,3.5462399,5.0039945,0.3672052,3.5473375,9.966666,1.3175904,8.28,1.928874,3.8,1.5,38.44,1.139228e-05,0.0012921855,6.2,16.0,2018.0,2.0,7.2233334,5.766667,-12.174033,-44.62435,-150.3305,7.0097733,10.925226,67.40548,89.53342,742.3077,1.0184668,3.469822,1.0373645,1.0177468,11.133333,0.5962112,6.0,2.093512,3.9,1.5,1033595.3,0.43692198,3.0991547,6.0,16.0,2018.0,3.0,4.5733333,4.5333333,-19.726309,118.07143,-16.388226,4.7793183,4.953365,13.250246,42.082493,252.39235,9.941143,-0.42053887,-5.6185007,9.940552,9.4,-0.44947004,5.4566665,1.5136406,3.9,1.5,3202874.8,1.3515791,8.1239195,5.5,16.0,2018.0,4.0,0.61333334,6.766667,-17.303038,-27.366863,49.811638,0.3004256,-1.0872841,-30.363636,69.57511,573.8532,11.8776865,-6.3356953,-9.303698,11.877347,5.5333333,-2.9554675,4.6566668,1.1894706,3.8,1.5,4236406.0,1.7876823,8.045791,5.1,16.0,2019.0,1.0,0.023333333,4.6,-5.6058097,21.984127,37.079163,0.954344,-0.0162545,31.60763,16.917688,-32.618683,-2.3845181,2.1064734,2.2507896,-2.385223,5.5666666,-0.32495868,4.7733335,2.3652093,3.333333,1.5,515482.78,0.21935858,1.9061015,4.6,16.0,2019.0,2.0,4.1,150,8,27
21.686666,8.166667,42.973602,-78.02888,-234.87125,21.6471,25.217676,99.541885,65.48926,-26.27866,-29.795225,11.355576,20.716208,-29.79799,15.633333,5.908134,8.036667,2.3917704,4.566667,1.5,2991022.8,1.2621546,6.6207366,5.1,16.0,2017.0,4.0,22.57,5.9333334,27.055525,-4192.0635,-1082.6732,24.847069,28.017925,72.143974,72.73919,75.80645,-19.502863,14.133089,16.947655,-19.501999,10.633333,6.6626134,5.97,1.7203254,4.033333,1.5,4397472.0,1.8556501,7.329484,5.8,16.0,2018.0,1.0,17.803333,7.0666666,-3.5293467,155.6783,9.881099,18.279055,17.343325,164.02878,188.09283,315.92355,3.5462399,5.0039945,0.3672052,3.5473375,9.966666,1.3175904,8.28,1.928874,3.8,1.5,38.44,1.139228e-05,0.0012921855,6.2,16.0,2018.0,2.0,7.2233334,5.766667,-12.174033,-44.62435,-150.3305,7.0097733,10.925226,67.40548,89.53342,742.3077,1.0184668,3.469822,1.0373645,1.0177468,11.133333,0.5962112,6.0,2.093512,3.9,1.5,1033595.3,0.43692198,3.0991547,6.0,16.0,2018.0,3.0,4.5733333,4.5333333,-19.726309,118.07143,-16.388226,4.7793183,4.953365,13.250246,42.082493,252.39235,9.941143,-0.42053887,-5.6185007,9.940552,9.4,-0.44947004,5.4566665,1.5136406,3.9,1.5,3202874.8,1.3515791,8.1239195,5.5,16.0,2018.0,4.0,0.61333334,6.766667,-17.303038,-27.366863,49.811638,0.3004256,-1.0872841,-30.363636,69.57511,573.8532,11.8776865,-6.3356953,-9.303698,11.877347,5.5333333,-2.9554675,4.6566668,1.1894706,3.8,1.5,4236406.0,1.7876823,8.045791,5.1,16.0,2019.0,1.0,0.023333333,4.6,-5.6058097,21.984127,37.079163,0.954344,-0.0162545,31.60763,16.917688,-32.618683,-2.3845181,2.1064734,2.2507896,-2.385223,5.5666666,-0.32495868,4.7733335,2.3652093,3.333333,1.5,515482.78,0.21935858,1.9061015,4.6,16.0,2019.0,2.0,1.7566667,2.5666666,-13.293186,166.6816,57.431156,2.7907553,-0.92212516,3.115265,-5.82169,-58.219177,11.08882,1.1241277,-5.3579607,11.08917,4.133333,-1.1932802,4.4266667,2.6815157,3.2,1.5,1006961.3,0.4252112,2.7173035,4.1,16.0,2019.0,3.0,3.8,151,8,27
-0.80315363,-0.49,14.601083,41.74808,21.25555,5.8063564,0.4797534,32.38364,526.9881,-14.682001,-22.85541,8.047128,12.357218,-22.855108,-6.6491513,4.7653904,3.2064047,1.3,5.656926,1.5833334,2146499.0,0.71532375,7.4551563,2.23,11.0,2016.0,3.0,25.43115,1.24,10.58712,67.594986,70.20589,22.370005,5.189207,-130.18358,316.463,132.40118,-4.091151,4.5433836,4.404237,-4.090791,-5.6834555,6.028135,3.2673523,1.5,5.723745,1.5,2949859.2,0.18529567,6.2162485,2.74,11.0,2016.0,4.0,33.000847,-0.71,21.203373,78.39913,57.128937,29.220472,17.104809,13.494948,110.25522,-12.7918215,0.8591984,5.0177727,3.1357334,0.8591066,3.9033544,7.1532283,2.6306872,2.1,5.795951,1.5,6422780.0,0.2265477,2.042363,2.18,11.0,2017.0,1.0,22.938326,1.77,13.138952,9.851731,38.71261,19.534372,10.844469,198.4038,1080.6868,-16.572294,0.5196457,7.5943394,5.0175176,0.51959485,11.768879,2.9951413,3.4320598,1.9,5.584872,1.5,8937783.0,0.2405278,1.8947846,2.13,11.0,2017.0,2.0,17.51046,2.82,9.081987,-9.485801,12.5045805,18.555412,13.767002,-29.356266,-82.64733,3.3089173,0.22748163,7.2154756,4.8466763,0.22748064,26.643263,3.4369338,2.4322817,1.8,5.527654,1.5,8867532.0,0.22218405,6.889575,3.02,11.0,2017.0,3.0,-0.14911924,2.16,14.243507,-147.15344,-150.99146,3.352512,11.112834,-12.562415,53.76082,13.441314,-10.38005,12.333517,11.734792,-10.380223,10.892318,-0.98600966,2.309383,1.9,5.46017,1.5,11720341.0,0.3062078,5.1879716,2.35,11.0,2017.0,4.0,5.017876,6.04,9.865615,-161.52979,-65.978676,10.181103,13.047797,85.59036,6384.3364,3.0387821,-0.11075787,9.906101,6.890725,-0.110844776,11.913015,-3.7079654,2.8108957,1.9,5.52734,1.5,8811320.0,0.28809112,1.9241614,3.06,11.0,2018.0,1.0,12.70855,4.58,5.9077253,-19.500906,-18.413767,12.485748,12.9747925,-174.29033,-73.90474,27.668839,-0.675363,6.6543794,4.8556533,-0.6752722,8.589158,-3.685261,2.5734124,2.1,5.414207,1.5,9857316.0,0.13563277,5.2941823,3.19,11.0,2018.0,2.0,2.67,152,8,27
25.43115,1.24,10.58712,67.594986,70.20589,22.370005,5.189207,-130.18358,316.463,132.40118,-4.091151,4.5433836,4.404237,-4.090791,-5.6834555,6.028135,3.2673523,1.5,5.723745,1.5,2949859.2,0.18529567,6.2162485,2.74,11.0,2016.0,4.0,33.000847,-0.71,21.203373,78.39913,57.128937,29.220472,17.104809,13.494948,110.25522,-12.7918215,0.8591984,5.0177727,3.1357334,0.8591066,3.9033544,7.1532283,2.6306872,2.1,5.795951,1.5,6422780.0,0.2265477,2.042363,2.18,11.0,2017.0,1.0,22.938326,1.77,13.138952,9.851731,38.71261,19.534372,10.844469,198.4038,1080.6868,-16.572294,0.5196457,7.5943394,5.0175176,0.51959485,11.768879,2.9951413,3.4320598,1.9,5.584872,1.5,8937783.0,0.2405278,1.8947846,2.13,11.0,2017.0,2.0,17.51046,2.82,9.081987,-9.485801,12.5045805,18.555412,13.767002,-29.356266,-82.64733,3.3089173,0.22748163,7.2154756,4.8466763,0.22748064,26.643263,3.4369338,2.4322817,1.8,5.527654,1.5,8867532.0,0.22218405,6.889575,3.02,11.0,2017.0,3.0,-0.14911924,2.16,14.243507,-147.15344,-150.99146,3.352512,11.112834,-12.562415,53.76082,13.441314,-10.38005,12.333517,11.734792,-10.380223,10.892318,-0.98600966,2.309383,1.9,5.46017,1.5,11720341.0,0.3062078,5.1879716,2.35,11.0,2017.0,4.0,5.017876,6.04,9.865615,-161.52979,-65.978676,10.181103,13.047797,85.59036,6384.3364,3.0387821,-0.11075787,9.906101,6.890725,-0.110844776,11.913015,-3.7079654,2.8108957,1.9,5.52734,1.5,8811320.0,0.28809112,1.9241614,3.06,11.0,2018.0,1.0,12.70855,4.58,5.9077253,-19.500906,-18.413767,12.485748,12.9747925,-174.29033,-73.90474,27.668839,-0.675363,6.6543794,4.8556533,-0.6752722,8.589158,-3.685261,2.5734124,2.1,5.414207,1.5,9857316.0,0.13563277,5.2941823,3.19,11.0,2018.0,2.0,17.624763,3.6,2.6047645,47.6571,17.17045,7.658143,4.7123055,-31.765093,-44.432785,28.788612,6.194518,3.7624028,0.7470536,6.1939116,-5.972544,-5.7794347,3.390315,1.9,5.203638,1.5,6505095.5,0.24449715,2.411477,2.67,11.0,2018.0,3.0,2.48,153,8,27
33.000847,-0.71,21.203373,78.39913,57.128937,29.220472,17.104809,13.494948,110.25522,-12.7918215,0.8591984,5.0177727,3.1357334,0.8591066,3.9033544,7.1532283,2.6306872,2.1,5.795951,1.5,6422780.0,0.2265477,2.042363,2.18,11.0,2017.0,1.0,22.938326,1.77,13.138952,9.851731,38.71261,19.534372,10.844469,198.4038,1080.6868,-16.572294,0.5196457,7.5943394,5.0175176,0.51959485,11.768879,2.9951413,3.4320598,1.9,5.584872,1.5,8937783.0,0.2405278,1.8947846,2.13,11.0,2017.0,2.0,17.51046,2.82,9.081987,-9.485801,12.5045805,18.555412,13.767002,-29.356266,-82.64733,3.3089173,0.22748163,7.2154756,4.8466763,0.22748064,26.643263,3.4369338,2.4322817,1.8,5.527654,1.5,8867532.0,0.22218405,6.889575,3.02,11.0,2017.0,3.0,-0.14911924,2.16,14.243507,-147.15344,-150.99146,3.352512,11.112834,-12.562415,53.76082,13.441314,-10.38005,12.333517,11.734792,-10.380223,10.892318,-0.98600966,2.309383,1.9,5.46017,1.5,11720341.0,0.3062078,5.1879716,2.35,11.0,2017.0,4.0,5.017876,6.04,9.865615,-161.52979,-65.978676,10.181103,13.047797,85.59036,6384.3364,3.0387821,-0.11075787,9.906101,6.890725,-0.110844776,11.913015,-3.7079654,2.8108957,1.9,5.52734,1.5,8811320.0,0.28809112,1.9241614,3.06,11.0,2018.0,1.0,12.70855,4.58,5.9077253,-19.500906,-18.413767,12.485748,12.9747925,-174.29033,-73.90474,27.668839,-0.675363,6.6543794,4.8556533,-0.6752722,8.589158,-3.685261,2.5734124,2.1,5.414207,1.5,9857316.0,0.13563277,5.2941823,3.19,11.0,2018.0,2.0,17.624763,3.6,2.6047645,47.6571,17.17045,7.658143,4.7123055,-31.765093,-44.432785,28.788612,6.194518,3.7624028,0.7470536,6.1939116,-5.972544,-5.7794347,3.390315,1.9,5.203638,1.5,6505095.5,0.24449715,2.411477,2.67,11.0,2018.0,3.0,22.125013,3.85,-10.498119,61.951984,55.05362,11.319689,3.438083,62.459255,390.2891,-49.367737,7.068433,-2.6600013,-3.9948952,7.068426,11.206473,-3.7931175,3.1377156,1.8,5.030686,1.5,9196829.0,0.24503817,5.1488056,2.48,11.0,2018.0,4.0,2.01,154,8,27
22.938326,1.77,13.138952,9.851731,38.71261,19.534372,10.844469,198.4038,1080.6868,-16.572294,0.5196457,7.5943394,5.0175176,0.51959485,11.768879,2.9951413,3.4320598,1.9,5.584872,1.5,8937783.0,0.2405278,1.8947846,2.13,11.0,2017.0,2.0,17.51046,2.82,9.081987,-9.485801,12.5045805,18.555412,13.767002,-29.356266,-82.64733,3.3089173,0.22748163,7.2154756,4.8466763,0.22748064,26.643263,3.4369338,2.4322817,1.8,5.527654,1.5,8867532.0,0.22218405,6.889575,3.02,11.0,2017.0,3.0,-0.14911924,2.16,14.243507,-147.15344,-150.99146,3.352512,11.112834,-12.562415,53.76082,13.441314,-10.38005,12.333517,11.734792,-10.380223,10.892318,-0.98600966,2.309383,1.9,5.46017,1.5,11720341.0,0.3062078,5.1879716,2.35,11.0,2017.0,4.0,5.017876,6.04,9.865615,-161.52979,-65.978676,10.181103,13.047797,85.59036,6384.3364,3.0387821,-0.11075787,9.906101,6.890725,-0.110844776,11.913015,-3.7079654,2.8108957,1.9,5.52734,1.5,8811320.0,0.28809112,1.9241614,3.06,11.0,2018.0,1.0,12.70855,4.58,5.9077253,-19.500906,-18.413767,12.485748,12.9747925,-174.29033,-73.90474,27.668839,-0.675363,6.6543794,4.8556533,-0.6752722,8.589158,-3.685261,2.5734124,2.1,5.414207,1.5,9857316.0,0.13563277,5.2941823,3.19,11.0,2018.0,2.0,17.624763,3.6,2.6047645,47.6571,17.17045,7.658143,4.7123055,-31.765093,-44.432785,28.788612,6.194518,3.7624028,0.7470536,6.1939116,-5.972544,-5.7794347,3.390315,1.9,5.203638,1.5,6505095.5,0.24449715,2.411477,2.67,11.0,2018.0,3.0,22.125013,3.85,-10.498119,61.951984,55.05362,11.319689,3.438083,62.459255,390.2891,-49.367737,7.068433,-2.6600013,-3.9948952,7.068426,11.206473,-3.7931175,3.1377156,1.8,5.030686,1.5,9196829.0,0.24503817,5.1488056,2.48,11.0,2018.0,4.0,15.36502,1.5,-7.7487946,47.43684,83.60454,3.4497256,-3.1157618,-805.9628,-97.82569,26.834795,2.5934904,-0.44744053,-1.0662246,2.5936515,3.5953982,-4.7960873,3.2133603,1.3,5.031455,1.5,6482942.5,0.20509876,4.3354907,2.01,11.0,2019.0,1.0,1.58,155,8,27
17.51046,2.82,9.081987,-9.485801,12.5045805,18.555412,13.767002,-29.356266,-82.64733,3.3089173,0.22748163,7.2154756,4.8466763,0.22748064,26.643263,3.4369338,2.4322817,1.8,5.527654,1.5,8867532.0,0.22218405,6.889575,3.02,11.0,2017.0,3.0,-0.14911924,2.16,14.243507,-147.15344,-150.99146,3.352512,11.112834,-12.562415,53.76082,13.441314,-10.38005,12.333517,11.734792,-10.380223,10.892318,-0.98600966,2.309383,1.9,5.46017,1.5,11720341.0,0.3062078,5.1879716,2.35,11.0,2017.0,4.0,5.017876,6.04,9.865615,-161.52979,-65.978676,10.181103,13.047797,85.59036,6384.3364,3.0387821,-0.11075787,9.906101,6.890725,-0.110844776,11.913015,-3.7079654,2.8108957,1.9,5.52734,1.5,8811320.0,0.28809112,1.9241614,3.06,11.0,2018.0,1.0,12.70855,4.58,5.9077253,-19.500906,-18.413767,12.485748,12.9747925,-174.29033,-73.90474,27.668839,-0.675363,6.6543794,4.8556533,-0.6752722,8.589158,-3.685261,2.5734124,2.1,5.414207,1.5,9857316.0,0.13563277,5.2941823,3.19,11.0,2018.0,2.0,17.624763,3.6,2.6047645,47.6571,17.17045,7.658143,4.7123055,-31.765093,-44.432785,28.788612,6.194518,3.7624028,0.7470536,6.1939116,-5.972544,-5.7794347,3.390315,1.9,5.203638,1.5,6505095.5,0.24449715,2.411477,2.67,11.0,2018.0,3.0,22.125013,3.85,-10.498119,61.951984,55.05362,11.319689,3.438083,62.459255,390.2891,-49.367737,7.068433,-2.6600013,-3.9948952,7.068426,11.206473,-3.7931175,3.1377156,1.8,5.030686,1.5,9196829.0,0.24503817,5.1488056,2.48,11.0,2018.0,4.0,15.36502,1.5,-7.7487946,47.43684,83.60454,3.4497256,-3.1157618,-805.9628,-97.82569,26.834795,2.5934904,-0.44744053,-1.0662246,2.5936515,3.5953982,-4.7960873,3.2133603,1.3,5.031455,1.5,6482942.5,0.20509876,4.3354907,2.01,11.0,2019.0,1.0,19.10655,2.13,-2.0207367,134.94342,137.62598,6.3061194,-6.1362796,-71.04155,-97.89785,1.5711417,3.928835,2.1808634,0.41544405,3.9312053,0.18217757,-3.331379,2.500844,1.6,5.222988,1.4166666,8049933.0,0.20967592,1.4999284,1.58,11.0,2019.0,2.0,1.71,156,8,27
-0.14911924,2.16,14.243507,-147.15344,-150.99146,3.352512,11.112834,-12.562415,53.76082,13.441314,-10.38005,12.333517,11.734792,-10.380223,10.892318,-0.98600966,2.309383,1.9,5.46017,1.5,11720341.0,0.3062078,5.1879716,2.35,11.0,2017.0,4.0,5.017876,6.04,9.865615,-161.52979,-65.978676,10.181103,13.047797,85.59036,6384.3364,3.0387821,-0.11075787,9.906101,6.890725,-0.110844776,11.913015,-3.7079654,2.8108957,1.9,5.52734,1.5,8811320.0,0.28809112,1.9241614,3.06,11.0,2018.0,1.0,12.70855,4.58,5.9077253,-19.500906,-18.413767,12.485748,12.9747925,-174.29033,-73.90474,27.668839,-0.675363,6.6543794,4.8556533,-0.6752722,8.589158,-3.685261,2.5734124,2.1,5.414207,1.5,9857316.0,0.13563277,5.2941823,3.19,11.0,2018.0,2.0,17.624763,3.6,2.6047645,47.6571,17.17045,7.658143,4.7123055,-31.765093,-44.432785,28.788612,6.194518,3.7624028,0.7470536,6.1939116,-5.972544,-5.7794347,3.390315,1.9,5.203638,1.5,6505095.5,0.24449715,2.411477,2.67,11.0,2018.0,3.0,22.125013,3.85,-10.498119,61.951984,55.05362,11.319689,3.438083,62.459255,390.2891,-49.367737,7.068433,-2.6600013,-3.9948952,7.068426,11.206473,-3.7931175,3.1377156,1.8,5.030686,1.5,9196829.0,0.24503817,5.1488056,2.48,11.0,2018.0,4.0,15.36502,1.5,-7.7487946,47.43684,83.60454,3.4497256,-3.1157618,-805.9628,-97.82569,26.834795,2.5934904,-0.44744053,-1.0662246,2.5936515,3.5953982,-4.7960873,3.2133603,1.3,5.031455,1.5,6482942.5,0.20509876,4.3354907,2.01,11.0,2019.0,1.0,19.10655,2.13,-2.0207367,134.94342,137.62598,6.3061194,-6.1362796,-71.04155,-97.89785,1.5711417,3.928835,2.1808634,0.41544405,3.9312053,0.18217757,-3.331379,2.500844,1.6,5.222988,1.4166666,8049933.0,0.20967592,1.4999284,1.58,11.0,2019.0,2.0,15.01399,3.55,-1.8800063,163.39217,119.297,5.3014812,-6.389652,-1.2607782,-100.0,-0.44586387,3.4818914,5.5749707,3.0208762,3.4823403,1.7991598,-4.562071,2.434968,1.7,5.254313,1.0,5393827.5,0.15273643,1.2997766,1.71,11.0,2019.0,3.0,1.96,157,8,27
2.9966667,1.886348,14.473837,85.15512,23.697973,1.817808,-1.0198948,18.368343,25.0,-18.283764,-10.627475,2.0548427,3.5265846,-10.627468,-1.46,0.8159953,3.8286273,1.7,7.733333,0.125,68201270.0,1.0675964,6.2808385,1.7009,1.0,2013.0,1.0,2.0733333,1.7173243,19.976372,41.611782,20.500437,3.0153623,-0.019895153,-4.9052396,66.666664,5.008347,-5.083006,2.0286179,2.6288216,-5.0829887,-1.2366667,0.08201938,3.9202447,1.4333333,7.533333,0.125,32967498.0,0.5314397,5.3557177,1.5202,1.0,2013.0,2.0,2.54,2.136691,20.3799,-1255.2339,11.696963,3.4670215,1.4925439,4.1311474,0.0,-4.0496407,0.11743537,3.0068936,2.4349296,0.11742887,0.26666668,1.172315,4.0046005,1.5666667,7.233333,0.125,36047176.0,0.5725925,5.6604433,2.237,1.0,2013.0,3.0,4.1266665,2.3185458,27.84254,-24.754015,20.775742,4.2416835,1.8002725,-124.519615,-99.960884,12.672979,-19.127993,6.9264407,8.985344,-19.127998,0.60333335,2.0675817,3.3685246,1.2333333,6.933333,0.125,78275780.0,1.2188352,6.5874605,3.0086,1.0,2013.0,4.0,3.12,2.2362287,22.099415,-170.71992,1.843701,3.6457148,3.1750927,-41.29264,80.0,41.46778,-8.036916,6.4585543,6.748111,-8.036934,3.38,2.8470047,2.3963344,1.4,6.666667,0.125,81050936.0,1.2651062,7.4056706,1.651,1.0,2014.0,1.0,4.8233333,3.1758897,21.032959,-176.16035,0.3576122,5.8027043,5.1704526,31.030819,-20.0,-31.00159,0.67354995,14.195081,11.203443,0.6735576,5.1233335,1.3361089,4.9687448,2.0666666,6.2,0.125,31536484.0,0.5037968,5.073313,2.6889,1.0,2014.0,2.0,4.41,3.3376966,17.400604,65.75196,-3.3031878,4.741528,4.578583,16.552668,157.14285,-15.724983,-24.279997,7.3365016,10.361028,-24.279993,4.37,1.1843637,4.8669486,1.8,6.066667,0.125,40037064.0,0.6243672,5.727985,3.0593,1.0,2014.0,3.0,1.4533334,3.2413902,12.230785,62.331394,-41.58801,1.7119361,4.7403827,-7.1891193,500.0,8.144796,-28.98091,3.0631037,7.8434906,-28.9809,4.09,6.2965617,4.5402617,1.2666667,5.7,0.125,76249860.0,1.2037785,7.1824026,2.6859,1.0,2014.0,4.0,3.969,158,8,27
2.0733333,1.7173243,19.976372,41.611782,20.500437,3.0153623,-0.019895153,-4.9052396,66.666664,5.008347,-5.083006,2.0286179,2.6288216,-5.0829887,-1.2366667,0.08201938,3.9202447,1.4333333,7.533333,0.125,32967498.0,0.5314397,5.3557177,1.5202,1.0,2013.0,2.0,2.54,2.136691,20.3799,-1255.2339,11.696963,3.4670215,1.4925439,4.1311474,0.0,-4.0496407,0.11743537,3.0068936,2.4349296,0.11742887,0.26666668,1.172315,4.0046005,1.5666667,7.233333,0.125,36047176.0,0.5725925,5.6604433,2.237,1.0,2013.0,3.0,4.1266665,2.3185458,27.84254,-24.754015,20.775742,4.2416835,1.8002725,-124.519615,-99.960884,12.672979,-19.127993,6.9264407,8.985344,-19.127998,0.60333335,2.0675817,3.3685246,1.2333333,6.933333,0.125,78275780.0,1.2188352,6.5874605,3.0086,1.0,2013.0,4.0,3.12,2.2362287,22.099415,-170.71992,1.843701,3.6457148,3.1750927,-41.29264,80.0,41.46778,-8.036916,6.4585543,6.748111,-8.036934,3.38,2.8470047,2.3963344,1.4,6.666667,0.125,81050936.0,1.2651062,7.4056706,1.651,1.0,2014.0,1.0,4.8233333,3.1758897,21.032959,-176.16035,0.3576122,5.8027043,5.1704526,31.030819,-20.0,-31.00159,0.67354995,14.195081,11.203443,0.6735576,5.1233335,1.3361089,4.9687448,2.0666666,6.2,0.125,31536484.0,0.5037968,5.073313,2.6889,1.0,2014.0,2.0,4.41,3.3376966,17.400604,65.75196,-3.3031878,4.741528,4.578583,16.552668,157.14285,-15.724983,-24.279997,7.3365016,10.361028,-24.279993,4.37,1.1843637,4.8669486,1.8,6.066667,0.125,40037064.0,0.6243672,5.727985,3.0593,1.0,2014.0,3.0,1.4533334,3.2413902,12.230785,62.331394,-41.58801,1.7119361,4.7403827,-7.1891193,500.0,8.144796,-28.98091,3.0631037,7.8434906,-28.9809,4.09,6.2965617,4.5402617,1.2666667,5.7,0.125,76249860.0,1.2037785,7.1824026,2.6859,1.0,2014.0,4.0,-2.0133333,1.4002229,9.829759,-24.51078,-17.814304,-2.4086418,-0.7592116,-27.022448,77.77778,27.161535,-26.47576,5.8790517,9.703222,-26.475742,-1.5466666,10.90742,3.18876,-0.06666667,5.533333,0.125,83193736.0,1.2959527,6.872233,3.969,1.0,2015.0,1.0,3.2789,159,8,27
2.54,2.136691,20.3799,-1255.2339,11.696963,3.4670215,1.4925439,4.1311474,0.0,-4.0496407,0.11743537,3.0068936,2.4349296,0.11742887,0.26666668,1.172315,4.0046005,1.5666667,7.233333,0.125,36047176.0,0.5725925,5.6604433,2.237,1.0,2013.0,3.0,4.1266665,2.3185458,27.84254,-24.754015,20.775742,4.2416835,1.8002725,-124.519615,-99.960884,12.672979,-19.127993,6.9264407,8.985344,-19.127998,0.60333335,2.0675817,3.3685246,1.2333333,6.933333,0.125,78275780.0,1.2188352,6.5874605,3.0086,1.0,2013.0,4.0,3.12,2.2362287,22.099415,-170.71992,1.843701,3.6457148,3.1750927,-41.29264,80.0,41.46778,-8.036916,6.4585543,6.748111,-8.036934,3.38,2.8470047,2.3963344,1.4,6.666667,0.125,81050936.0,1.2651062,7.4056706,1.651,1.0,2014.0,1.0,4.8233333,3.1758897,21.032959,-176.16035,0.3576122,5.8027043,5.1704526,31.030819,-20.0,-31.00159,0.67354995,14.195081,11.203443,0.6735576,5.1233335,1.3361089,4.9687448,2.0666666,6.2,0.125,31536484.0,0.5037968,5.073313,2.6889,1.0,2014.0,2.0,4.41,3.3376966,17.400604,65.75196,-3.3031878,4.741528,4.578583,16.552668,157.14285,-15.724983,-24.279997,7.3365016,10.361028,-24.279993,4.37,1.1843637,4.8669486,1.8,6.066667,0.125,40037064.0,0.6243672,5.727985,3.0593,1.0,2014.0,3.0,1.4533334,3.2413902,12.230785,62.331394,-41.58801,1.7119361,4.7403827,-7.1891193,500.0,8.144796,-28.98091,3.0631037,7.8434906,-28.9809,4.09,6.2965617,4.5402617,1.2666667,5.7,0.125,76249860.0,1.2037785,7.1824026,2.6859,1.0,2014.0,4.0,-2.0133333,1.4002229,9.829759,-24.51078,-17.814304,-2.4086418,-0.7592116,-27.022448,77.77778,27.161535,-26.47576,5.8790517,9.703222,-26.475742,-1.5466666,10.90742,3.18876,-0.06666667,5.533333,0.125,83193736.0,1.2959527,6.872233,3.969,1.0,2015.0,1.0,-4.07,-1.3670259,5.9979663,-84.23216,-11.468445,-3.6292524,-2.161178,2.4653313,275.0,-1.6129032,-25.221746,-1.4792756,3.3192973,-25.221762,-3.58,12.137562,2.4887624,-0.033333335,5.433333,0.125,26895990.0,0.4429762,5.0251126,3.2789,1.0,2015.0,2.0,2.4475,160,8,27
4.1266665,2.3185458,27.84254,-24.754015,20.775742,4.2416835,1.8002725,-124.519615,-99.960884,12.672979,-19.127993,6.9264407,8.985344,-19.127998,0.60333335,2.0675817,3.3685246,1.2333333,6.933333,0.125,78275780.0,1.2188352,6.5874605,3.0086,1.0,2013.0,4.0,3.12,2.2362287,22.099415,-170.71992,1.843701,3.6457148,3.1750927,-41.29264,80.0,41.46778,-8.036916,6.4585543,6.748111,-8.036934,3.38,2.8470047,2.3963344,1.4,6.666667,0.125,81050936.0,1.2651062,7.4056706,1.651,1.0,2014.0,1.0,4.8233333,3.1758897,21.032959,-176.16035,0.3576122,5.8027043,5.1704526,31.030819,-20.0,-31.00159,0.67354995,14.195081,11.203443,0.6735576,5.1233335,1.3361089,4.9687448,2.0666666,6.2,0.125,31536484.0,0.5037968,5.073313,2.6889,1.0,2014.0,2.0,4.41,3.3376966,17.400604,65.75196,-3.3031878,4.741528,4.578583,16.552668,157.14285,-15.724983,-24.279997,7.3365016,10.361028,-24.279993,4.37,1.1843637,4.8669486,1.8,6.066667,0.125,40037064.0,0.6243672,5.727985,3.0593,1.0,2014.0,3.0,1.4533334,3.2413902,12.230785,62.331394,-41.58801,1.7119361,4.7403827,-7.1891193,500.0,8.144796,-28.98091,3.0631037,7.8434906,-28.9809,4.09,6.2965617,4.5402617,1.2666667,5.7,0.125,76249860.0,1.2037785,7.1824026,2.6859,1.0,2014.0,4.0,-2.0133333,1.4002229,9.829759,-24.51078,-17.814304,-2.4086418,-0.7592116,-27.022448,77.77778,27.161535,-26.47576,5.8790517,9.703222,-26.475742,-1.5466666,10.90742,3.18876,-0.06666667,5.533333,0.125,83193736.0,1.2959527,6.872233,3.969,1.0,2015.0,1.0,-4.07,-1.3670259,5.9979663,-84.23216,-11.468445,-3.6292524,-2.161178,2.4653313,275.0,-1.6129032,-25.221746,-1.4792756,3.3192973,-25.221762,-3.58,12.137562,2.4887624,-0.033333335,5.433333,0.125,26895990.0,0.4429762,5.0251126,3.2789,1.0,2015.0,2.0,-5.713333,-1.8583556,0.44356036,-12.855311,-14.714201,-4.4610023,-2.3151922,-79.016396,0.0,77.86753,-19.656588,-4.929364,0.012910502,-19.65658,-3.58,14.774134,2.609322,0.13333334,5.1,0.125,35898744.0,0.6136681,5.609744,2.4475,1.0,2015.0,3.0,2.12,161,8,27
3.12,2.2362287,22.099415,-170.71992,1.843701,3.6457148,3.1750927,-41.29264,80.0,41.46778,-8.036916,6.4585543,6.748111,-8.036934,3.38,2.8470047,2.3963344,1.4,6.666667,0.125,81050936.0,1.2651062,7.4056706,1.651,1.0,2014.0,1.0,4.8233333,3.1758897,21.032959,-176.16035,0.3576122,5.8027043,5.1704526,31.030819,-20.0,-31.00159,0.67354995,14.195081,11.203443,0.6735576,5.1233335,1.3361089,4.9687448,2.0666666,6.2,0.125,31536484.0,0.5037968,5.073313,2.6889,1.0,2014.0,2.0,4.41,3.3376966,17.400604,65.75196,-3.3031878,4.741528,4.578583,16.552668,157.14285,-15.724983,-24.279997,7.3365016,10.361028,-24.279993,4.37,1.1843637,4.8669486,1.8,6.066667,0.125,40037064.0,0.6243672,5.727985,3.0593,1.0,2014.0,3.0,1.4533334,3.2413902,12.230785,62.331394,-41.58801,1.7119361,4.7403827,-7.1891193,500.0,8.144796,-28.98091,3.0631037,7.8434906,-28.9809,4.09,6.2965617,4.5402617,1.2666667,5.7,0.125,76249860.0,1.2037785,7.1824026,2.6859,1.0,2014.0,4.0,-2.0133333,1.4002229,9.829759,-24.51078,-17.814304,-2.4086418,-0.7592116,-27.022448,77.77778,27.161535,-26.47576,5.8790517,9.703222,-26.475742,-1.5466666,10.90742,3.18876,-0.06666667,5.533333,0.125,83193736.0,1.2959527,6.872233,3.969,1.0,2015.0,1.0,-4.07,-1.3670259,5.9979663,-84.23216,-11.468445,-3.6292524,-2.161178,2.4653313,275.0,-1.6129032,-25.221746,-1.4792756,3.3192973,-25.221762,-3.58,12.137562,2.4887624,-0.033333335,5.433333,0.125,26895990.0,0.4429762,5.0251126,3.2789,1.0,2015.0,2.0,-5.713333,-1.8583556,0.44356036,-12.855311,-14.714201,-4.4610023,-2.3151922,-79.016396,0.0,77.86753,-19.656588,-4.929364,0.012910502,-19.65658,-3.58,14.774134,2.609322,0.13333334,5.1,0.125,35898744.0,0.6136681,5.609744,2.4475,1.0,2015.0,3.0,-6.8366666,-3.7508922,-2.3208559,5.1928434,0.80447567,-6.049195,-5.510749,9.969789,-5.5555553,-9.862522,-8.108058,-6.068298,-2.9410505,-8.108061,-5.8566666,11.653191,2.0004876,0.46666667,5.033333,0.20833333,70741310.0,1.1231264,8.564127,2.12,1.0,2015.0,4.0,1.7952,162,8,27
4.8233333,3.1758897,21.032959,-176.16035,0.3576122,5.8027043,5.1704526,31.030819,-20.0,-31.00159,0.67354995,14.195081,11.203443,0.6735576,5.1233335,1.3361089,4.9687448,2.0666666,6.2,0.125,31536484.0,0.5037968,5.073313,2.6889,1.0,2014.0,2.0,4.41,3.3376966,17.400604,65.75196,-3.3031878,4.741528,4.578583,16.552668,157.14285,-15.724983,-24.279997,7.3365016,10.361028,-24.279993,4.37,1.1843637,4.8669486,1.8,6.066667,0.125,40037064.0,0.6243672,5.727985,3.0593,1.0,2014.0,3.0,1.4533334,3.2413902,12.230785,62.331394,-41.58801,1.7119361,4.7403827,-7.1891193,500.0,8.144796,-28.98091,3.0631037,7.8434906,-28.9809,4.09,6.2965617,4.5402617,1.2666667,5.7,0.125,76249860.0,1.2037785,7.1824026,2.6859,1.0,2014.0,4.0,-2.0133333,1.4002229,9.829759,-24.51078,-17.814304,-2.4086418,-0.7592116,-27.022448,77.77778,27.161535,-26.47576,5.8790517,9.703222,-26.475742,-1.5466666,10.90742,3.18876,-0.06666667,5.533333,0.125,83193736.0,1.2959527,6.872233,3.969,1.0,2015.0,1.0,-4.07,-1.3670259,5.9979663,-84.23216,-11.468445,-3.6292524,-2.161178,2.4653313,275.0,-1.6129032,-25.221746,-1.4792756,3.3192973,-25.221762,-3.58,12.137562,2.4887624,-0.033333335,5.433333,0.125,26895990.0,0.4429762,5.0251126,3.2789,1.0,2015.0,2.0,-5.713333,-1.8583556,0.44356036,-12.855311,-14.714201,-4.4610023,-2.3151922,-79.016396,0.0,77.86753,-19.656588,-4.929364,0.012910502,-19.65658,-3.58,14.774134,2.609322,0.13333334,5.1,0.125,35898744.0,0.6136681,5.609744,2.4475,1.0,2015.0,3.0,-6.8366666,-3.7508922,-2.3208559,5.1928434,0.80447567,-6.049195,-5.510749,9.969789,-5.5555553,-9.862522,-8.108058,-6.068298,-2.9410505,-8.108061,-5.8566666,11.653191,2.0004876,0.46666667,5.033333,0.20833333,70741310.0,1.1231264,8.564127,2.12,1.0,2015.0,4.0,-5.596667,-3.3223264,-8.917062,40.292404,-8.31448,-3.2144408,-2.0981278,25.441814,56.25,-25.04146,-13.303503,-5.983608,-1.8550788,-13.303508,-4.7233334,7.7742157,2.7652342,1.1,4.9,0.375,71224850.0,1.1937522,7.3986125,1.7952,1.0,2016.0,1.0,1.4934,163,8,27
4.41,3.3376966,17.400604,65.75196,-3.3031878,4.741528,4.578583,16.552668,157.14285,-15.724983,-24.279997,7.3365016,10.361028,-24.279993,4.37,1.1843637,4.8669486,1.8,6.066667,0.125,40037064.0,0.6243672,5.727985,3.0593,1.0,2014.0,3.0,1.4533334,3.2413902,12.230785,62.331394,-41.58801,1.7119361,4.7403827,-7.1891193,500.0,8.144796,-28.98091,3.0631037,7.8434906,-28.9809,4.09,6.2965617,4.5402617,1.2666667,5.7,0.125,76249860.0,1.2037785,7.1824026,2.6859,1.0,2014.0,4.0,-2.0133333,1.4002229,9.829759,-24.51078,-17.814304,-2.4086418,-0.7592116,-27.022448,77.77778,27.161535,-26.47576,5.8790517,9.703222,-26.475742,-1.5466666,10.90742,3.18876,-0.06666667,5.533333,0.125,83193736.0,1.2959527,6.872233,3.969,1.0,2015.0,1.0,-4.07,-1.3670259,5.9979663,-84.23216,-11.468445,-3.6292524,-2.161178,2.4653313,275.0,-1.6129032,-25.221746,-1.4792756,3.3192973,-25.221762,-3.58,12.137562,2.4887624,-0.033333335,5.433333,0.125,26895990.0,0.4429762,5.0251126,3.2789,1.0,2015.0,2.0,-5.713333,-1.8583556,0.44356036,-12.855311,-14.714201,-4.4610023,-2.3151922,-79.016396,0.0,77.86753,-19.656588,-4.929364,0.012910502,-19.65658,-3.58,14.774134,2.609322,0.13333334,5.1,0.125,35898744.0,0.6136681,5.609744,2.4475,1.0,2015.0,3.0,-6.8366666,-3.7508922,-2.3208559,5.1928434,0.80447567,-6.049195,-5.510749,9.969789,-5.5555553,-9.862522,-8.108058,-6.068298,-2.9410505,-8.108061,-5.8566666,11.653191,2.0004876,0.46666667,5.033333,0.20833333,70741310.0,1.1231264,8.564127,2.12,1.0,2015.0,4.0,-5.596667,-3.3223264,-8.917062,40.292404,-8.31448,-3.2144408,-2.0981278,25.441814,56.25,-25.04146,-13.303503,-5.983608,-1.8550788,-13.303508,-4.7233334,7.7742157,2.7652342,1.1,4.9,0.375,71224850.0,1.1937522,7.3986125,1.7952,1.0,2016.0,1.0,-3.5333333,-2.310417,-4.3469286,100.94935,1.1589003,-2.3294647,-2.1997845,14.849921,0.0,-14.676034,-21.327908,-0.7802193,4.0352,-21.3279,-3.2066667,4.4824257,2.1853466,1.0333333,4.933333,0.375,30718882.0,0.5329583,4.98895,1.4934,1.0,2016.0,2.0,1.8057,164,8,27
1.4533334,3.2413902,12.230785,62.331394,-41.58801,1.7119361,4.7403827,-7.1891193,500.0,8.144796,-28.98091,3.0631037,7.8434906,-28.9809,4.09,6.2965617,4.5402617,1.2666667,5.7,0.125,76249860.0,1.2037785,7.1824026,2.6859,1.0,2014.0,4.0,-2.0133333,1.4002229,9.829759,-24.51078,-17.814304,-2.4086418,-0.7592116,-27.022448,77.77778,27.161535,-26.47576,5.8790517,9.703222,-26.475742,-1.5466666,10.90742,3.18876,-0.06666667,5.533333,0.125,83193736.0,1.2959527,6.872233,3.969,1.0,2015.0,1.0,-4.07,-1.3670259,5.9979663,-84.23216,-11.468445,-3.6292524,-2.161178,2.4653313,275.0,-1.6129032,-25.221746,-1.4792756,3.3192973,-25.221762,-3.58,12.137562,2.4887624,-0.033333335,5.433333,0.125,26895990.0,0.4429762,5.0251126,3.2789,1.0,2015.0,2.0,-5.713333,-1.8583556,0.44356036,-12.855311,-14.714201,-4.4610023,-2.3151922,-79.016396,0.0,77.86753,-19.656588,-4.929364,0.012910502,-19.65658,-3.58,14.774134,2.609322,0.13333334,5.1,0.125,35898744.0,0.6136681,5.609744,2.4475,1.0,2015.0,3.0,-6.8366666,-3.7508922,-2.3208559,5.1928434,0.80447567,-6.049195,-5.510749,9.969789,-5.5555553,-9.862522,-8.108058,-6.068298,-2.9410505,-8.108061,-5.8566666,11.653191,2.0004876,0.46666667,5.033333,0.20833333,70741310.0,1.1231264,8.564127,2.12,1.0,2015.0,4.0,-5.596667,-3.3223264,-8.917062,40.292404,-8.31448,-3.2144408,-2.0981278,25.441814,56.25,-25.04146,-13.303503,-5.983608,-1.8550788,-13.303508,-4.7233334,7.7742157,2.7652342,1.1,4.9,0.375,71224850.0,1.1937522,7.3986125,1.7952,1.0,2016.0,1.0,-3.5333333,-2.310417,-4.3469286,100.94935,1.1589003,-2.3294647,-2.1997845,14.849921,0.0,-14.676034,-21.327908,-0.7802193,4.0352,-21.3279,-3.2066667,4.4824257,2.1853466,1.0333333,4.933333,0.375,30718882.0,0.5329583,4.98895,1.4934,1.0,2016.0,2.0,0.18,-2.1133113,3.4864228,-279.03366,7.8643026,0.67265207,-0.4492229,38.095238,16.666666,-37.647594,-9.122123,5.600212,6.447244,-9.12213,-1.1666666,2.1034083,2.171793,1.1333333,4.9,0.375,37816584.0,0.6084402,28.884428,1.8057,1.0,2016.0,3.0,2.1819,165,8,27
-2.0133333,1.4002229,9.829759,-24.51078,-17.814304,-2.4086418,-0.7592116,-27.022448,77.77778,27.161535,-26.47576,5.8790517,9.703222,-26.475742,-1.5466666,10.90742,3.18876,-0.06666667,5.533333,0.125,83193736.0,1.2959527,6.872233,3.969,1.0,2015.0,1.0,-4.07,-1.3670259,5.9979663,-84.23216,-11.468445,-3.6292524,-2.161178,2.4653313,275.0,-1.6129032,-25.221746,-1.4792756,3.3192973,-25.221762,-3.58,12.137562,2.4887624,-0.033333335,5.433333,0.125,26895990.0,0.4429762,5.0251126,3.2789,1.0,2015.0,2.0,-5.713333,-1.8583556,0.44356036,-12.855311,-14.714201,-4.4610023,-2.3151922,-79.016396,0.0,77.86753,-19.656588,-4.929364,0.012910502,-19.65658,-3.58,14.774134,2.609322,0.13333334,5.1,0.125,35898744.0,0.6136681,5.609744,2.4475,1.0,2015.0,3.0,-6.8366666,-3.7508922,-2.3208559,5.1928434,0.80447567,-6.049195,-5.510749,9.969789,-5.5555553,-9.862522,-8.108058,-6.068298,-2.9410505,-8.108061,-5.8566666,11.653191,2.0004876,0.46666667,5.033333,0.20833333,70741310.0,1.1231264,8.564127,2.12,1.0,2015.0,4.0,-5.596667,-3.3223264,-8.917062,40.292404,-8.31448,-3.2144408,-2.0981278,25.441814,56.25,-25.04146,-13.303503,-5.983608,-1.8550788,-13.303508,-4.7233334,7.7742157,2.7652342,1.1,4.9,0.375,71224850.0,1.1937522,7.3986125,1.7952,1.0,2016.0,1.0,-3.5333333,-2.310417,-4.3469286,100.94935,1.1589003,-2.3294647,-2.1997845,14.849921,0.0,-14.676034,-21.327908,-0.7802193,4.0352,-21.3279,-3.2066667,4.4824257,2.1853466,1.0333333,4.933333,0.375,30718882.0,0.5329583,4.98895,1.4934,1.0,2016.0,2.0,0.18,-2.1133113,3.4864228,-279.03366,7.8643026,0.67265207,-0.4492229,38.095238,16.666666,-37.647594,-9.122123,5.600212,6.447244,-9.12213,-1.1666666,2.1034083,2.171793,1.1333333,4.9,0.375,37816584.0,0.6084402,28.884428,1.8057,1.0,2016.0,3.0,2.13,-0.8143635,3.432191,-31.288284,8.636944,4.9541435,3.4893253,-30.201342,-5.882353,29.708223,-8.799416,2.5775902,4.106342,-8.799421,1.91,3.9791024,3.4315627,1.8,4.766667,0.45833334,73153100.0,1.1431971,7.310266,2.1819,1.0,2016.0,4.0,2.0872,166,8,27
-4.07,-1.3670259,5.9979663,-84.23216,-11.468445,-3.6292524,-2.161178,2.4653313,275.0,-1.6129032,-25.221746,-1.4792756,3.3192973,-25.221762,-3.58,12.137562,2.4887624,-0.033333335,5.433333,0.125,26895990.0,0.4429762,5.0251126,3.2789,1.0,2015.0,2.0,-5.713333,-1.8583556,0.44356036,-12.855311,-14.714201,-4.4610023,-2.3151922,-79.016396,0.0,77.86753,-19.656588,-4.929364,0.012910502,-19.65658,-3.58,14.774134,2.609322,0.13333334,5.1,0.125,35898744.0,0.6136681,5.609744,2.4475,1.0,2015.0,3.0,-6.8366666,-3.7508922,-2.3208559,5.1928434,0.80447567,-6.049195,-5.510749,9.969789,-5.5555553,-9.862522,-8.108058,-6.068298,-2.9410505,-8.108061,-5.8566666,11.653191,2.0004876,0.46666667,5.033333,0.20833333,70741310.0,1.1231264,8.564127,2.12,1.0,2015.0,4.0,-5.596667,-3.3223264,-8.917062,40.292404,-8.31448,-3.2144408,-2.0981278,25.441814,56.25,-25.04146,-13.303503,-5.983608,-1.8550788,-13.303508,-4.7233334,7.7742157,2.7652342,1.1,4.9,0.375,71224850.0,1.1937522,7.3986125,1.7952,1.0,2016.0,1.0,-3.5333333,-2.310417,-4.3469286,100.94935,1.1589003,-2.3294647,-2.1997845,14.849921,0.0,-14.676034,-21.327908,-0.7802193,4.0352,-21.3279,-3.2066667,4.4824257,2.1853466,1.0333333,4.933333,0.375,30718882.0,0.5329583,4.98895,1.4934,1.0,2016.0,2.0,0.18,-2.1133113,3.4864228,-279.03366,7.8643026,0.67265207,-0.4492229,38.095238,16.666666,-37.647594,-9.122123,5.600212,6.447244,-9.12213,-1.1666666,2.1034083,2.171793,1.1333333,4.9,0.375,37816584.0,0.6084402,28.884428,1.8057,1.0,2016.0,3.0,2.13,-0.8143635,3.432191,-31.288284,8.636944,4.9541435,3.4893253,-30.201342,-5.882353,29.708223,-8.799416,2.5775902,4.106342,-8.799421,1.91,3.9791024,3.4315627,1.8,4.766667,0.45833334,73153100.0,1.1431971,7.310266,2.1819,1.0,2016.0,4.0,7.71,-0.075979926,17.36258,4.9562407,22.625109,9.759195,6.2900105,5.3667264,-60.0,-5.9292035,-2.600665,3.6518886,3.3921068,-2.600666,6.9933333,2.6834395,5.067909,2.5333333,4.566667,0.7083333,80850070.0,1.2580949,6.571792,2.0872,1.0,2017.0,1.0,2.3302,167,8,27
-5.713333,-1.8583556,0.44356036,-12.855311,-14.714201,-4.4610023,-2.3151922,-79.016396,0.0,77.86753,-19.656588,-4.929364,0.012910502,-19.65658,-3.58,14.774134,2.609322,0.13333334,5.1,0.125,35898744.0,0.6136681,5.609744,2.4475,1.0,2015.0,3.0,-6.8366666,-3.7508922,-2.3208559,5.1928434,0.80447567,-6.049195,-5.510749,9.969789,-5.5555553,-9.862522,-8.108058,-6.068298,-2.9410505,-8.108061,-5.8566666,11.653191,2.0004876,0.46666667,5.033333,0.20833333,70741310.0,1.1231264,8.564127,2.12,1.0,2015.0,4.0,-5.596667,-3.3223264,-8.917062,40.292404,-8.31448,-3.2144408,-2.0981278,25.441814,56.25,-25.04146,-13.303503,-5.983608,-1.8550788,-13.303508,-4.7233334,7.7742157,2.7652342,1.1,4.9,0.375,71224850.0,1.1937522,7.3986125,1.7952,1.0,2016.0,1.0,-3.5333333,-2.310417,-4.3469286,100.94935,1.1589003,-2.3294647,-2.1997845,14.849921,0.0,-14.676034,-21.327908,-0.7802193,4.0352,-21.3279,-3.2066667,4.4824257,2.1853466,1.0333333,4.933333,0.375,30718882.0,0.5329583,4.98895,1.4934,1.0,2016.0,2.0,0.18,-2.1133113,3.4864228,-279.03366,7.8643026,0.67265207,-0.4492229,38.095238,16.666666,-37.647594,-9.122123,5.600212,6.447244,-9.12213,-1.1666666,2.1034083,2.171793,1.1333333,4.9,0.375,37816584.0,0.6084402,28.884428,1.8057,1.0,2016.0,3.0,2.13,-0.8143635,3.432191,-31.288284,8.636944,4.9541435,3.4893253,-30.201342,-5.882353,29.708223,-8.799416,2.5775902,4.106342,-8.799421,1.91,3.9791024,3.4315627,1.8,4.766667,0.45833334,73153100.0,1.1431971,7.310266,2.1819,1.0,2016.0,4.0,7.71,-0.075979926,17.36258,4.9562407,22.625109,9.759195,6.2900105,5.3667264,-60.0,-5.9292035,-2.600665,3.6518886,3.3921068,-2.600666,6.9933333,2.6834395,5.067909,2.5333333,4.566667,0.7083333,80850070.0,1.2580949,6.571792,2.0872,1.0,2017.0,1.0,6.0133333,1.7067053,13.606745,-8368.07,-5.351256,7.6427116,7.3861527,-85.43599,53.333332,85.086914,4.57426,5.73526,3.1164677,4.5742574,6.7433333,2.6998277,3.983213,1.9,4.366667,0.9583333,35111104.0,0.5468376,6.213079,2.3302,1.0,2017.0,2.0,2.4112,168,8,27
-6.8366666,-3.7508922,-2.3208559,5.1928434,0.80447567,-6.049195,-5.510749,9.969789,-5.5555553,-9.862522,-8.108058,-6.068298,-2.9410505,-8.108061,-5.8566666,11.653191,2.0004876,0.46666667,5.033333,0.20833333,70741310.0,1.1231264,8.564127,2.12,1.0,2015.0,4.0,-5.596667,-3.3223264,-8.917062,40.292404,-8.31448,-3.2144408,-2.0981278,25.441814,56.25,-25.04146,-13.303503,-5.983608,-1.8550788,-13.303508,-4.7233334,7.7742157,2.7652342,1.1,4.9,0.375,71224850.0,1.1937522,7.3986125,1.7952,1.0,2016.0,1.0,-3.5333333,-2.310417,-4.3469286,100.94935,1.1589003,-2.3294647,-2.1997845,14.849921,0.0,-14.676034,-21.327908,-0.7802193,4.0352,-21.3279,-3.2066667,4.4824257,2.1853466,1.0333333,4.933333,0.375,30718882.0,0.5329583,4.98895,1.4934,1.0,2016.0,2.0,0.18,-2.1133113,3.4864228,-279.03366,7.8643026,0.67265207,-0.4492229,38.095238,16.666666,-37.647594,-9.122123,5.600212,6.447244,-9.12213,-1.1666666,2.1034083,2.171793,1.1333333,4.9,0.375,37816584.0,0.6084402,28.884428,1.8057,1.0,2016.0,3.0,2.13,-0.8143635,3.432191,-31.288284,8.636944,4.9541435,3.4893253,-30.201342,-5.882353,29.708223,-8.799416,2.5775902,4.106342,-8.799421,1.91,3.9791024,3.4315627,1.8,4.766667,0.45833334,73153100.0,1.1431971,7.310266,2.1819,1.0,2016.0,4.0,7.71,-0.075979926,17.36258,4.9562407,22.625109,9.759195,6.2900105,5.3667264,-60.0,-5.9292035,-2.600665,3.6518886,3.3921068,-2.600666,6.9933333,2.6834395,5.067909,2.5333333,4.566667,0.7083333,80850070.0,1.2580949,6.571792,2.0872,1.0,2017.0,1.0,6.0133333,1.7067053,13.606745,-8368.07,-5.351256,7.6427116,7.3861527,-85.43599,53.333332,85.086914,4.57426,5.73526,3.1164677,4.5742574,6.7433333,2.6998277,3.983213,1.9,4.366667,0.9583333,35111104.0,0.5468376,6.213079,2.3302,1.0,2017.0,2.0,4.9666667,1.0882279,13.319259,41.621582,12.131294,9.714004,7.057058,1447.1154,91142.86,-30.954115,4.451588,8.675833,5.439308,4.451606,5.5433335,-1.7708899,3.953256,1.9333333,4.333333,1.125,45367570.0,0.7058296,6.6836243,2.4112,1.0,2017.0,3.0,2.9941,169,8,27
-5.596667,-3.3223264,-8.917062,40.292404,-8.31448,-3.2144408,-2.0981278,25.441814,56.25,-25.04146,-13.303503,-5.983608,-1.8550788,-13.303508,-4.7233334,7.7742157,2.7652342,1.1,4.9,0.375,71224850.0,1.1937522,7.3986125,1.7952,1.0,2016.0,1.0,-3.5333333,-2.310417,-4.3469286,100.94935,1.1589003,-2.3294647,-2.1997845,14.849921,0.0,-14.676034,-21.327908,-0.7802193,4.0352,-21.3279,-3.2066667,4.4824257,2.1853466,1.0333333,4.933333,0.375,30718882.0,0.5329583,4.98895,1.4934,1.0,2016.0,2.0,0.18,-2.1133113,3.4864228,-279.03366,7.8643026,0.67265207,-0.4492229,38.095238,16.666666,-37.647594,-9.122123,5.600212,6.447244,-9.12213,-1.1666666,2.1034083,2.171793,1.1333333,4.9,0.375,37816584.0,0.6084402,28.884428,1.8057,1.0,2016.0,3.0,2.13,-0.8143635,3.432191,-31.288284,8.636944,4.9541435,3.4893253,-30.201342,-5.882353,29.708223,-8.799416,2.5775902,4.106342,-8.799421,1.91,3.9791024,3.4315627,1.8,4.766667,0.45833334,73153100.0,1.1431971,7.310266,2.1819,1.0,2016.0,4.0,7.71,-0.075979926,17.36258,4.9562407,22.625109,9.759195,6.2900105,5.3667264,-60.0,-5.9292035,-2.600665,3.6518886,3.3921068,-2.600666,6.9933333,2.6834395,5.067909,2.5333333,4.566667,0.7083333,80850070.0,1.2580949,6.571792,2.0872,1.0,2017.0,1.0,6.0133333,1.7067053,13.606745,-8368.07,-5.351256,7.6427116,7.3861527,-85.43599,53.333332,85.086914,4.57426,5.73526,3.1164677,4.5742574,6.7433333,2.6998277,3.983213,1.9,4.366667,0.9583333,35111104.0,0.5468376,6.213079,2.3302,1.0,2017.0,2.0,4.9666667,1.0882279,13.319259,41.621582,12.131294,9.714004,7.057058,1447.1154,91142.86,-30.954115,4.451588,8.675833,5.439308,4.451606,5.5433335,-1.7708899,3.953256,1.9333333,4.333333,1.125,45367570.0,0.7058296,6.6836243,2.4112,1.0,2017.0,3.0,8.756667,2.5723662,19.000631,14.879016,-0.5857703,11.252111,10.237219,12.216495,-62.5,-12.627811,5.1785417,15.394698,10.111809,5.1785364,8.83,-4.2746825,5.3863072,2.1,4.166667,1.2083334,83936130.0,1.3053418,7.8696537,2.9941,1.0,2017.0,4.0,3.3292,170,8,27
-3.5333333,-2.310417,-4.3469286,100.94935,1.1589003,-2.3294647,-2.1997845,14.849921,0.0,-14.676034,-21.327908,-0.7802193,4.0352,-21.3279,-3.2066667,4.4824257,2.1853466,1.0333333,4.933333,0.375,30718882.0,0.5329583,4.98895,1.4934,1.0,2016.0,2.0,0.18,-2.1133113,3.4864228,-279.03366,7.8643026,0.67265207,-0.4492229,38.095238,16.666666,-37.647594,-9.122123,5.600212,6.447244,-9.12213,-1.1666666,2.1034083,2.171793,1.1333333,4.9,0.375,37816584.0,0.6084402,28.884428,1.8057,1.0,2016.0,3.0,2.13,-0.8143635,3.432191,-31.288284,8.636944,4.9541435,3.4893253,-30.201342,-5.882353,29.708223,-8.799416,2.5775902,4.106342,-8.799421,1.91,3.9791024,3.4315627,1.8,4.766667,0.45833334,73153100.0,1.1431971,7.310266,2.1819,1.0,2016.0,4.0,7.71,-0.075979926,17.36258,4.9562407,22.625109,9.759195,6.2900105,5.3667264,-60.0,-5.9292035,-2.600665,3.6518886,3.3921068,-2.600666,6.9933333,2.6834395,5.067909,2.5333333,4.566667,0.7083333,80850070.0,1.2580949,6.571792,2.0872,1.0,2017.0,1.0,6.0133333,1.7067053,13.606745,-8368.07,-5.351256,7.6427116,7.3861527,-85.43599,53.333332,85.086914,4.57426,5.73526,3.1164677,4.5742574,6.7433333,2.6998277,3.983213,1.9,4.366667,0.9583333,35111104.0,0.5468376,6.213079,2.3302,1.0,2017.0,2.0,4.9666667,1.0882279,13.319259,41.621582,12.131294,9.714004,7.057058,1447.1154,91142.86,-30.954115,4.451588,8.675833,5.439308,4.451606,5.5433335,-1.7708899,3.953256,1.9333333,4.333333,1.125,45367570.0,0.7058296,6.6836243,2.4112,1.0,2017.0,3.0,8.756667,2.5723662,19.000631,14.879016,-0.5857703,11.252111,10.237219,12.216495,-62.5,-12.627811,5.1785417,15.394698,10.111809,5.1785364,8.83,-4.2746825,5.3863072,2.1,4.166667,1.2083334,83936130.0,1.3053418,7.8696537,2.9941,1.0,2017.0,4.0,7.2833333,3.07492,18.3517,33.572586,-10.924736,8.507233,8.695757,36.342155,-40.0,-36.35936,1.8214902,10.416841,7.4156914,1.8214865,8.106667,-7.7817698,4.1373005,2.2333333,4.033333,1.4583334,80594216.0,1.2534702,7.440457,3.3292,1.0,2018.0,1.0,3.2993,171,8,27
0.18,-2.1133113,3.4864228,-279.03366,7.8643026,0.67265207,-0.4492229,38.095238,16.666666,-37.647594,-9.122123,5.600212,6.447244,-9.12213,-1.1666666,2.1034083,2.171793,1.1333333,4.9,0.375,37816584.0,0.6084402,28.884428,1.8057,1.0,2016.0,3.0,2.13,-0.8143635,3.432191,-31.288284,8.636944,4.9541435,3.4893253,-30.201342,-5.882353,29.708223,-8.799416,2.5775902,4.106342,-8.799421,1.91,3.9791024,3.4315627,1.8,4.766667,0.45833334,73153100.0,1.1431971,7.310266,2.1819,1.0,2016.0,4.0,7.71,-0.075979926,17.36258,4.9562407,22.625109,9.759195,6.2900105,5.3667264,-60.0,-5.9292035,-2.600665,3.6518886,3.3921068,-2.600666,6.9933333,2.6834395,5.067909,2.5333333,4.566667,0.7083333,80850070.0,1.2580949,6.571792,2.0872,1.0,2017.0,1.0,6.0133333,1.7067053,13.606745,-8368.07,-5.351256,7.6427116,7.3861527,-85.43599,53.333332,85.086914,4.57426,5.73526,3.1164677,4.5742574,6.7433333,2.6998277,3.983213,1.9,4.366667,0.9583333,35111104.0,0.5468376,6.213079,2.3302,1.0,2017.0,2.0,4.9666667,1.0882279,13.319259,41.621582,12.131294,9.714004,7.057058,1447.1154,91142.86,-30.954115,4.451588,8.675833,5.439308,4.451606,5.5433335,-1.7708899,3.953256,1.9333333,4.333333,1.125,45367570.0,0.7058296,6.6836243,2.4112,1.0,2017.0,3.0,8.756667,2.5723662,19.000631,14.879016,-0.5857703,11.252111,10.237219,12.216495,-62.5,-12.627811,5.1785417,15.394698,10.111809,5.1785364,8.83,-4.2746825,5.3863072,2.1,4.166667,1.2083334,83936130.0,1.3053418,7.8696537,2.9941,1.0,2017.0,4.0,7.2833333,3.07492,18.3517,33.572586,-10.924736,8.507233,8.695757,36.342155,-40.0,-36.35936,1.8214902,10.416841,7.4156914,1.8214865,8.106667,-7.7817698,4.1373005,2.2333333,4.033333,1.4583334,80594216.0,1.2534702,7.440457,3.3292,1.0,2018.0,1.0,8.773334,2.8135478,16.473745,77.47567,9.819881,10.686655,8.434182,-46.923462,-69.565216,45.526447,-12.008259,3.9817283,5.868538,-12.008258,7.3966665,-3.3516173,5.3204255,2.7333333,3.933333,1.7083334,35859710.0,0.12151205,3.942395,3.2993,1.0,2018.0,2.0,3.1301,172,8,27
2.13,-0.8143635,3.432191,-31.288284,8.636944,4.9541435,3.4893253,-30.201342,-5.882353,29.708223,-8.799416,2.5775902,4.106342,-8.799421,1.91,3.9791024,3.4315627,1.8,4.766667,0.45833334,73153100.0,1.1431971,7.310266,2.1819,1.0,2016.0,4.0,7.71,-0.075979926,17.36258,4.9562407,22.625109,9.759195,6.2900105,5.3667264,-60.0,-5.9292035,-2.600665,3.6518886,3.3921068,-2.600666,6.9933333,2.6834395,5.067909,2.5333333,4.566667,0.7083333,80850070.0,1.2580949,6.571792,2.0872,1.0,2017.0,1.0,6.0133333,1.7067053,13.606745,-8368.07,-5.351256,7.6427116,7.3861527,-85.43599,53.333332,85.086914,4.57426,5.73526,3.1164677,4.5742574,6.7433333,2.6998277,3.983213,1.9,4.366667,0.9583333,35111104.0,0.5468376,6.213079,2.3302,1.0,2017.0,2.0,4.9666667,1.0882279,13.319259,41.621582,12.131294,9.714004,7.057058,1447.1154,91142.86,-30.954115,4.451588,8.675833,5.439308,4.451606,5.5433335,-1.7708899,3.953256,1.9333333,4.333333,1.125,45367570.0,0.7058296,6.6836243,2.4112,1.0,2017.0,3.0,8.756667,2.5723662,19.000631,14.879016,-0.5857703,11.252111,10.237219,12.216495,-62.5,-12.627811,5.1785417,15.394698,10.111809,5.1785364,8.83,-4.2746825,5.3863072,2.1,4.166667,1.2083334,83936130.0,1.3053418,7.8696537,2.9941,1.0,2017.0,4.0,7.2833333,3.07492,18.3517,33.572586,-10.924736,8.507233,8.695757,36.342155,-40.0,-36.35936,1.8214902,10.416841,7.4156914,1.8214865,8.106667,-7.7817698,4.1373005,2.2333333,4.033333,1.4583334,80594216.0,1.2534702,7.440457,3.3292,1.0,2018.0,1.0,8.773334,2.8135478,16.473745,77.47567,9.819881,10.686655,8.434182,-46.923462,-69.565216,45.526447,-12.008259,3.9817283,5.868538,-12.008258,7.3966665,-3.3516173,5.3204255,2.7333333,3.933333,1.7083334,35859710.0,0.12151205,3.942395,3.2993,1.0,2018.0,2.0,6.44,4.024351,19.520008,104.1185,-33.929375,5.7291718,8.544286,-102.46527,-97.21309,3.5864978,-24.852207,0.5380603,5.9703016,-24.852222,8.476666,3.3058913,5.045991,2.6333334,3.766667,1.9583334,40045384.0,0.62291074,6.5693645,3.1301,1.0,2018.0,3.0,2.125,173,8,27
7.71,-0.075979926,17.36258,4.9562407,22.625109,9.759195,6.2900105,5.3667264,-60.0,-5.9292035,-2.600665,3.6518886,3.3921068,-2.600666,6.9933333,2.6834395,5.067909,2.5333333,4.566667,0.7083333,80850070.0,1.2580949,6.571792,2.0872,1.0,2017.0,1.0,6.0133333,1.7067053,13.606745,-8368.07,-5.351256,7.6427116,7.3861527,-85.43599,53.333332,85.086914,4.57426,5.73526,3.1164677,4.5742574,6.7433333,2.6998277,3.983213,1.9,4.366667,0.9583333,35111104.0,0.5468376,6.213079,2.3302,1.0,2017.0,2.0,4.9666667,1.0882279,13.319259,41.621582,12.131294,9.714004,7.057058,1447.1154,91142.86,-30.954115,4.451588,8.675833,5.439308,4.451606,5.5433335,-1.7708899,3.953256,1.9333333,4.333333,1.125,45367570.0,0.7058296,6.6836243,2.4112,1.0,2017.0,3.0,8.756667,2.5723662,19.000631,14.879016,-0.5857703,11.252111,10.237219,12.216495,-62.5,-12.627811,5.1785417,15.394698,10.111809,5.1785364,8.83,-4.2746825,5.3863072,2.1,4.166667,1.2083334,83936130.0,1.3053418,7.8696537,2.9941,1.0,2017.0,4.0,7.2833333,3.07492,18.3517,33.572586,-10.924736,8.507233,8.695757,36.342155,-40.0,-36.35936,1.8214902,10.416841,7.4156914,1.8214865,8.106667,-7.7817698,4.1373005,2.2333333,4.033333,1.4583334,80594216.0,1.2534702,7.440457,3.3292,1.0,2018.0,1.0,8.773334,2.8135478,16.473745,77.47567,9.819881,10.686655,8.434182,-46.923462,-69.565216,45.526447,-12.008259,3.9817283,5.868538,-12.008258,7.3966665,-3.3516173,5.3204255,2.7333333,3.933333,1.7083334,35859710.0,0.12151205,3.942395,3.2993,1.0,2018.0,2.0,6.44,4.024351,19.520008,104.1185,-33.929375,5.7291718,8.544286,-102.46527,-97.21309,3.5864978,-24.852207,0.5380603,5.9703016,-24.852222,8.476666,3.3058913,5.045991,2.6333334,3.766667,1.9583334,40045384.0,0.62291074,6.5693645,3.1301,1.0,2018.0,3.0,2.4566667,2.7201188,3.0899923,-190.15952,-46.074677,2.9249454,6.671146,127.7158,45466.668,32.358105,-25.094719,-8.974351,-1.4407605,-25.094707,4.9766665,4.289002,2.9000194,2.2,3.833333,2.2083333,76722950.0,1.1934848,9.157214,2.125,1.0,2018.0,4.0,1.8514,174,8,27
6.0133333,1.7067053,13.606745,-8368.07,-5.351256,7.6427116,7.3861527,-85.43599,53.333332,85.086914,4.57426,5.73526,3.1164677,4.5742574,6.7433333,2.6998277,3.983213,1.9,4.366667,0.9583333,35111104.0,0.5468376,6.213079,2.3302,1.0,2017.0,2.0,4.9666667,1.0882279,13.319259,41.621582,12.131294,9.714004,7.057058,1447.1154,91142.86,-30.954115,4.451588,8.675833,5.439308,4.451606,5.5433335,-1.7708899,3.953256,1.9333333,4.333333,1.125,45367570.0,0.7058296,6.6836243,2.4112,1.0,2017.0,3.0,8.756667,2.5723662,19.000631,14.879016,-0.5857703,11.252111,10.237219,12.216495,-62.5,-12.627811,5.1785417,15.394698,10.111809,5.1785364,8.83,-4.2746825,5.3863072,2.1,4.166667,1.2083334,83936130.0,1.3053418,7.8696537,2.9941,1.0,2017.0,4.0,7.2833333,3.07492,18.3517,33.572586,-10.924736,8.507233,8.695757,36.342155,-40.0,-36.35936,1.8214902,10.416841,7.4156914,1.8214865,8.106667,-7.7817698,4.1373005,2.2333333,4.033333,1.4583334,80594216.0,1.2534702,7.440457,3.3292,1.0,2018.0,1.0,8.773334,2.8135478,16.473745,77.47567,9.819881,10.686655,8.434182,-46.923462,-69.565216,45.526447,-12.008259,3.9817283,5.868538,-12.008258,7.3966665,-3.3516173,5.3204255,2.7333333,3.933333,1.7083334,35859710.0,0.12151205,3.942395,3.2993,1.0,2018.0,2.0,6.44,4.024351,19.520008,104.1185,-33.929375,5.7291718,8.544286,-102.46527,-97.21309,3.5864978,-24.852207,0.5380603,5.9703016,-24.852222,8.476666,3.3058913,5.045991,2.6333334,3.766667,1.9583334,40045384.0,0.62291074,6.5693645,3.1301,1.0,2018.0,3.0,2.4566667,2.7201188,3.0899923,-190.15952,-46.074677,2.9249454,6.671146,127.7158,45466.668,32.358105,-25.094719,-8.974351,-1.4407605,-25.094707,4.9766665,4.289002,2.9000194,2.2,3.833333,2.2083333,76722950.0,1.1934848,9.157214,2.125,1.0,2018.0,4.0,1.01,1.1818812,-10.028187,-68.41234,-20.397247,2.6203194,4.0350475,-102.895325,600.0,105.09978,-30.279455,-2.9957683,4.4624577,-30.27944,1.51,6.034391,2.2544613,1.6666666,3.866667,2.375,83379200.0,1.297388,8.569534,1.8514,1.0,2019.0,1.0,2.1538,175,8,27
4.9666667,1.0882279,13.319259,41.621582,12.131294,9.714004,7.057058,1447.1154,91142.86,-30.954115,4.451588,8.675833,5.439308,4.451606,5.5433335,-1.7708899,3.953256,1.9333333,4.333333,1.125,45367570.0,0.7058296,6.6836243,2.4112,1.0,2017.0,3.0,8.756667,2.5723662,19.000631,14.879016,-0.5857703,11.252111,10.237219,12.216495,-62.5,-12.627811,5.1785417,15.394698,10.111809,5.1785364,8.83,-4.2746825,5.3863072,2.1,4.166667,1.2083334,83936130.0,1.3053418,7.8696537,2.9941,1.0,2017.0,4.0,7.2833333,3.07492,18.3517,33.572586,-10.924736,8.507233,8.695757,36.342155,-40.0,-36.35936,1.8214902,10.416841,7.4156914,1.8214865,8.106667,-7.7817698,4.1373005,2.2333333,4.033333,1.4583334,80594216.0,1.2534702,7.440457,3.3292,1.0,2018.0,1.0,8.773334,2.8135478,16.473745,77.47567,9.819881,10.686655,8.434182,-46.923462,-69.565216,45.526447,-12.008259,3.9817283,5.868538,-12.008258,7.3966665,-3.3516173,5.3204255,2.7333333,3.933333,1.7083334,35859710.0,0.12151205,3.942395,3.2993,1.0,2018.0,2.0,6.44,4.024351,19.520008,104.1185,-33.929375,5.7291718,8.544286,-102.46527,-97.21309,3.5864978,-24.852207,0.5380603,5.9703016,-24.852222,8.476666,3.3058913,5.045991,2.6333334,3.766667,1.9583334,40045384.0,0.62291074,6.5693645,3.1301,1.0,2018.0,3.0,2.4566667,2.7201188,3.0899923,-190.15952,-46.074677,2.9249454,6.671146,127.7158,45466.668,32.358105,-25.094719,-8.974351,-1.4407605,-25.094707,4.9766665,4.289002,2.9000194,2.2,3.833333,2.2083333,76722950.0,1.1934848,9.157214,2.125,1.0,2018.0,4.0,1.01,1.1818812,-10.028187,-68.41234,-20.397247,2.6203194,4.0350475,-102.895325,600.0,105.09978,-30.279455,-2.9957683,4.4624577,-30.27944,1.51,6.034391,2.2544613,1.6666666,3.866667,2.375,83379200.0,1.297388,8.569534,1.8514,1.0,2019.0,1.0,-0.5133333,-0.5589044,-8.543511,-870.907,-23.162243,0.94606143,2.9755251,70.51413,-14.285714,-70.414406,-20.453451,2.3310683,6.8381844,-20.453455,1.73,4.564073,2.7821374,1.8,3.6,2.375,36674252.0,0.5714529,10.044262,2.1538,1.0,2019.0,2.0,2.6701,176,8,27
8.756667,2.5723662,19.000631,14.879016,-0.5857703,11.252111,10.237219,12.216495,-62.5,-12.627811,5.1785417,15.394698,10.111809,5.1785364,8.83,-4.2746825,5.3863072,2.1,4.166667,1.2083334,83936130.0,1.3053418,7.8696537,2.9941,1.0,2017.0,4.0,7.2833333,3.07492,18.3517,33.572586,-10.924736,8.507233,8.695757,36.342155,-40.0,-36.35936,1.8214902,10.416841,7.4156914,1.8214865,8.106667,-7.7817698,4.1373005,2.2333333,4.033333,1.4583334,80594216.0,1.2534702,7.440457,3.3292,1.0,2018.0,1.0,8.773334,2.8135478,16.473745,77.47567,9.819881,10.686655,8.434182,-46.923462,-69.565216,45.526447,-12.008259,3.9817283,5.868538,-12.008258,7.3966665,-3.3516173,5.3204255,2.7333333,3.933333,1.7083334,35859710.0,0.12151205,3.942395,3.2993,1.0,2018.0,2.0,6.44,4.024351,19.520008,104.1185,-33.929375,5.7291718,8.544286,-102.46527,-97.21309,3.5864978,-24.852207,0.5380603,5.9703016,-24.852222,8.476666,3.3058913,5.045991,2.6333334,3.766667,1.9583334,40045384.0,0.62291074,6.5693645,3.1301,1.0,2018.0,3.0,2.4566667,2.7201188,3.0899923,-190.15952,-46.074677,2.9249454,6.671146,127.7158,45466.668,32.358105,-25.094719,-8.974351,-1.4407605,-25.094707,4.9766665,4.289002,2.9000194,2.2,3.833333,2.2083333,76722950.0,1.1934848,9.157214,2.125,1.0,2018.0,4.0,1.01,1.1818812,-10.028187,-68.41234,-20.397247,2.6203194,4.0350475,-102.895325,600.0,105.09978,-30.279455,-2.9957683,4.4624577,-30.27944,1.51,6.034391,2.2544613,1.6666666,3.866667,2.375,83379200.0,1.297388,8.569534,1.8514,1.0,2019.0,1.0,-0.5133333,-0.5589044,-8.543511,-870.907,-23.162243,0.94606143,2.9755251,70.51413,-14.285714,-70.414406,-20.453451,2.3310683,6.8381844,-20.453455,1.73,4.564073,2.7821374,1.8,3.6,2.375,36674252.0,0.5714529,10.044262,2.1538,1.0,2019.0,2.0,-0.123333335,-1.3711545,-12.188443,-2890.5867,2.902876,1.3399711,0.8173704,-100.22272,-97.19101,-6.8228106,-19.157087,2.7060022,7.036383,-19.157085,-1.1233333,2.392623,3.5607402,1.7333333,3.633333,2.125,44880464.0,0.69906884,7.9553957,2.6701,1.0,2019.0,3.0,3.1825,177,8,27
6.43,0.6533333,7.4188085,-23.539484,-119.58409,-5.9555945,-0.032578763,-27025.904,-34.969757,7.8480663,16.874807,-5.441981,-5.737289,16.8987,-5.74,-1.1511624,-0.16666667,2.7666667,7.8,0.5,4230506.5,2.2110271,8.604779,0.99,4.0,2013.0,1.0,26.55,1.8033333,12.988685,-1441.6276,2.6481469,0.7909443,0.52058667,154.05156,25.260036,-27.100927,36.007885,-4.371,-5.3559318,35.959206,-4.29,-3.4224203,0.93333334,2.6666667,7.7,0.5,476985.1,0.24697682,1.7197003,1.86,4.0,2013.0,2.0,13.57,2.5066667,16.35184,-70.33938,-54.953873,-0.16130602,4.27726,-244.69449,-23.327728,14.490451,17.68051,-7.487009,-7.825746,17.695724,-8.47,-3.5440025,1.4333333,2.7333333,7.6,0.5,918985.75,0.48371872,2.4852562,1.74,4.0,2013.0,3.0,10.58,3.03,23.346899,-20.284616,-66.31402,4.3920555,8.769385,-50.971966,28.967262,42.367676,36.028984,-3.0499651,-4.362798,36.010654,-4.56,-0.097386,1.8,2.1,7.2,0.5,3723414.8,1.9866749,6.8682942,2.57,4.0,2013.0,4.0,1.3,2.98,17.128502,-246.52637,1.1247407,3.7076273,3.2068274,20.776342,-52.22706,-39.71049,-2.9705138,-2.2381666,-2.119459,-2.9857376,3.33,6.690792,2.9,1.7333333,6.8,0.5,3836526.5,2.0001693,6.8256855,3.12,4.0,2014.0,1.0,-15.39,1.3966666,21.168764,-114.94449,-19.091736,3.963339,5.115139,-116.707115,61.560913,100.158394,-35.60483,-0.6593975,0.10383582,-35.515957,7.9,8.126396,4.0,1.7333333,6.3,0.5,12069.247,0.006248044,0.19138919,3.27,4.0,2014.0,2.0,-9.05,1.4133333,11.089005,56.02352,-27.194462,1.0901545,4.21405,-167.60515,-50.47175,-3.3869624,-3.712877,0.80303675,0.88934857,-3.7162094,8.94,8.422205,2.8,1.4333333,6.0,0.5,1301764.9,0.67423946,2.3149302,3.19,4.0,2014.0,3.0,-1.9,2.3366666,-4.9795094,-105.229324,-26.611303,-0.55241865,2.3837166,-29.615664,22.626225,27.139896,-27.119032,0.36304957,1.0765932,-27.137869,-0.57,4.4300137,4.3333335,0.93333334,5.7,0.5,3813806.0,2.1740916,7.978505,3.2,4.0,2014.0,4.0,2.66,178,8,27
26.55,1.8033333,12.988685,-1441.6276,2.6481469,0.7909443,0.52058667,154.05156,25.260036,-27.100927,36.007885,-4.371,-5.3559318,35.959206,-4.29,-3.4224203,0.93333334,2.6666667,7.7,0.5,476985.1,0.24697682,1.7197003,1.86,4.0,2013.0,2.0,13.57,2.5066667,16.35184,-70.33938,-54.953873,-0.16130602,4.27726,-244.69449,-23.327728,14.490451,17.68051,-7.487009,-7.825746,17.695724,-8.47,-3.5440025,1.4333333,2.7333333,7.6,0.5,918985.75,0.48371872,2.4852562,1.74,4.0,2013.0,3.0,10.58,3.03,23.346899,-20.284616,-66.31402,4.3920555,8.769385,-50.971966,28.967262,42.367676,36.028984,-3.0499651,-4.362798,36.010654,-4.56,-0.097386,1.8,2.1,7.2,0.5,3723414.8,1.9866749,6.8682942,2.57,4.0,2013.0,4.0,1.3,2.98,17.128502,-246.52637,1.1247407,3.7076273,3.2068274,20.776342,-52.22706,-39.71049,-2.9705138,-2.2381666,-2.119459,-2.9857376,3.33,6.690792,2.9,1.7333333,6.8,0.5,3836526.5,2.0001693,6.8256855,3.12,4.0,2014.0,1.0,-15.39,1.3966666,21.168764,-114.94449,-19.091736,3.963339,5.115139,-116.707115,61.560913,100.158394,-35.60483,-0.6593975,0.10383582,-35.515957,7.9,8.126396,4.0,1.7333333,6.3,0.5,12069.247,0.006248044,0.19138919,3.27,4.0,2014.0,2.0,-9.05,1.4133333,11.089005,56.02352,-27.194462,1.0901545,4.21405,-167.60515,-50.47175,-3.3869624,-3.712877,0.80303675,0.88934857,-3.7162094,8.94,8.422205,2.8,1.4333333,6.0,0.5,1301764.9,0.67423946,2.3149302,3.19,4.0,2014.0,3.0,-1.9,2.3366666,-4.9795094,-105.229324,-26.611303,-0.55241865,2.3837166,-29.615664,22.626225,27.139896,-27.119032,0.36304957,1.0765932,-27.137869,-0.57,4.4300137,4.3333335,0.93333334,5.7,0.5,3813806.0,2.1740916,7.978505,3.2,4.0,2014.0,4.0,-14.79,3.6633334,-6.6908865,62.208244,-31.952337,-8.510661,-4.4932942,84.709625,87.83496,-2.3988166,7.2792273,0.24517712,0.065193236,7.2826505,-5.5,4.280963,4.4,0.1,5.5,0.5,4279190.5,2.2190623,7.314832,2.66,4.0,2015.0,1.0,2.36,179,8,27
13.57,2.5066667,16.35184,-70.33938,-54.953873,-0.16130602,4.27726,-244.69449,-23.327728,14.490451,17.68051,-7.487009,-7.825746,17.695724,-8.47,-3.5440025,1.4333333,2.7333333,7.6,0.5,918985.75,0.48371872,2.4852562,1.74,4.0,2013.0,3.0,10.58,3.03,23.346899,-20.284616,-66.31402,4.3920555,8.769385,-50.971966,28.967262,42.367676,36.028984,-3.0499651,-4.362798,36.010654,-4.56,-0.097386,1.8,2.1,7.2,0.5,3723414.8,1.9866749,6.8682942,2.57,4.0,2013.0,4.0,1.3,2.98,17.128502,-246.52637,1.1247407,3.7076273,3.2068274,20.776342,-52.22706,-39.71049,-2.9705138,-2.2381666,-2.119459,-2.9857376,3.33,6.690792,2.9,1.7333333,6.8,0.5,3836526.5,2.0001693,6.8256855,3.12,4.0,2014.0,1.0,-15.39,1.3966666,21.168764,-114.94449,-19.091736,3.963339,5.115139,-116.707115,61.560913,100.158394,-35.60483,-0.6593975,0.10383582,-35.515957,7.9,8.126396,4.0,1.7333333,6.3,0.5,12069.247,0.006248044,0.19138919,3.27,4.0,2014.0,2.0,-9.05,1.4133333,11.089005,56.02352,-27.194462,1.0901545,4.21405,-167.60515,-50.47175,-3.3869624,-3.712877,0.80303675,0.88934857,-3.7162094,8.94,8.422205,2.8,1.4333333,6.0,0.5,1301764.9,0.67423946,2.3149302,3.19,4.0,2014.0,3.0,-1.9,2.3366666,-4.9795094,-105.229324,-26.611303,-0.55241865,2.3837166,-29.615664,22.626225,27.139896,-27.119032,0.36304957,1.0765932,-27.137869,-0.57,4.4300137,4.3333335,0.93333334,5.7,0.5,3813806.0,2.1740916,7.978505,3.2,4.0,2014.0,4.0,-14.79,3.6633334,-6.6908865,62.208244,-31.952337,-8.510661,-4.4932942,84.709625,87.83496,-2.3988166,7.2792273,0.24517712,0.065193236,7.2826505,-5.5,4.280963,4.4,0.1,5.5,0.5,4279190.5,2.2190623,7.314832,2.66,4.0,2015.0,1.0,-5.2,5.9266667,-6.4255967,-509.34656,31.35012,-8.304279,-10.292172,-3848.8904,-66.9641,3.8043494,38.974205,-5.819401,-6.766065,38.963913,-10.31,4.8169775,4.0666666,0.0,5.6,0.5,0.0,0.0,0.0,2.36,4.0,2015.0,2.0,2.0,180,8,27
10.58,3.03,23.346899,-20.284616,-66.31402,4.3920555,8.769385,-50.971966,28.967262,42.367676,36.028984,-3.0499651,-4.362798,36.010654,-4.56,-0.097386,1.8,2.1,7.2,0.5,3723414.8,1.9866749,6.8682942,2.57,4.0,2013.0,4.0,1.3,2.98,17.128502,-246.52637,1.1247407,3.7076273,3.2068274,20.776342,-52.22706,-39.71049,-2.9705138,-2.2381666,-2.119459,-2.9857376,3.33,6.690792,2.9,1.7333333,6.8,0.5,3836526.5,2.0001693,6.8256855,3.12,4.0,2014.0,1.0,-15.39,1.3966666,21.168764,-114.94449,-19.091736,3.963339,5.115139,-116.707115,61.560913,100.158394,-35.60483,-0.6593975,0.10383582,-35.515957,7.9,8.126396,4.0,1.7333333,6.3,0.5,12069.247,0.006248044,0.19138919,3.27,4.0,2014.0,2.0,-9.05,1.4133333,11.089005,56.02352,-27.194462,1.0901545,4.21405,-167.60515,-50.47175,-3.3869624,-3.712877,0.80303675,0.88934857,-3.7162094,8.94,8.422205,2.8,1.4333333,6.0,0.5,1301764.9,0.67423946,2.3149302,3.19,4.0,2014.0,3.0,-1.9,2.3366666,-4.9795094,-105.229324,-26.611303,-0.55241865,2.3837166,-29.615664,22.626225,27.139896,-27.119032,0.36304957,1.0765932,-27.137869,-0.57,4.4300137,4.3333335,0.93333334,5.7,0.5,3813806.0,2.1740916,7.978505,3.2,4.0,2014.0,4.0,-14.79,3.6633334,-6.6908865,62.208244,-31.952337,-8.510661,-4.4932942,84.709625,87.83496,-2.3988166,7.2792273,0.24517712,0.065193236,7.2826505,-5.5,4.280963,4.4,0.1,5.5,0.5,4279190.5,2.2190623,7.314832,2.66,4.0,2015.0,1.0,-5.2,5.9266667,-6.4255967,-509.34656,31.35012,-8.304279,-10.292172,-3848.8904,-66.9641,3.8043494,38.974205,-5.819401,-6.766065,38.963913,-10.31,4.8169775,4.0666666,0.0,5.6,0.5,0.0,0.0,0.0,2.36,4.0,2015.0,2.0,-5.21,5.2466664,-8.476732,-111.46158,12.903617,-9.042357,-9.606326,1.0497012,5.9454927,1.7620926,24.441706,-6.223028,-6.777342,24.422146,-12.68,5.8972797,4.2,0.0,5.3,0.5,980633.94,0.5116435,1.9984004,2.0,4.0,2015.0,3.0,1.87,181,8,27
1.3,2.98,17.128502,-246.52637,1.1247407,3.7076273,3.2068274,20.776342,-52.22706,-39.71049,-2.9705138,-2.2381666,-2.119459,-2.9857376,3.33,6.690792,2.9,1.7333333,6.8,0.5,3836526.5,2.0001693,6.8256855,3.12,4.0,2014.0,1.0,-15.39,1.3966666,21.168764,-114.94449,-19.091736,3.963339,5.115139,-116.707115,61.560913,100.158394,-35.60483,-0.6593975,0.10383582,-35.515957,7.9,8.126396,4.0,1.7333333,6.3,0.5,12069.247,0.006248044,0.19138919,3.27,4.0,2014.0,2.0,-9.05,1.4133333,11.089005,56.02352,-27.194462,1.0901545,4.21405,-167.60515,-50.47175,-3.3869624,-3.712877,0.80303675,0.88934857,-3.7162094,8.94,8.422205,2.8,1.4333333,6.0,0.5,1301764.9,0.67423946,2.3149302,3.19,4.0,2014.0,3.0,-1.9,2.3366666,-4.9795094,-105.229324,-26.611303,-0.55241865,2.3837166,-29.615664,22.626225,27.139896,-27.119032,0.36304957,1.0765932,-27.137869,-0.57,4.4300137,4.3333335,0.93333334,5.7,0.5,3813806.0,2.1740916,7.978505,3.2,4.0,2014.0,4.0,-14.79,3.6633334,-6.6908865,62.208244,-31.952337,-8.510661,-4.4932942,84.709625,87.83496,-2.3988166,7.2792273,0.24517712,0.065193236,7.2826505,-5.5,4.280963,4.4,0.1,5.5,0.5,4279190.5,2.2190623,7.314832,2.66,4.0,2015.0,1.0,-5.2,5.9266667,-6.4255967,-509.34656,31.35012,-8.304279,-10.292172,-3848.8904,-66.9641,3.8043494,38.974205,-5.819401,-6.766065,38.963913,-10.31,4.8169775,4.0666666,0.0,5.6,0.5,0.0,0.0,0.0,2.36,4.0,2015.0,2.0,-5.21,5.2466664,-8.476732,-111.46158,12.903617,-9.042357,-9.606326,1.0497012,5.9454927,1.7620926,24.441706,-6.223028,-6.777342,24.422146,-12.68,5.8972797,4.2,0.0,5.3,0.5,980633.94,0.5116435,1.9984004,2.0,4.0,2015.0,3.0,-9.55,3.9666667,-3.1849205,22.452835,7.8514824,-8.709668,-8.594956,61.72706,-40.719833,-54.550144,18.920986,-10.09536,-10.390262,18.89286,-8.24,6.016207,3.2333333,0.06666667,5.1,0.5,3613008.2,1.872687,6.430779,1.87,4.0,2015.0,4.0,1.94,182,8,27
-15.39,1.3966666,21.168764,-114.94449,-19.091736,3.963339,5.115139,-116.707115,61.560913,100.158394,-35.60483,-0.6593975,0.10383582,-35.515957,7.9,8.126396,4.0,1.7333333,6.3,0.5,12069.247,0.006248044,0.19138919,3.27,4.0,2014.0,2.0,-9.05,1.4133333,11.089005,56.02352,-27.194462,1.0901545,4.21405,-167.60515,-50.47175,-3.3869624,-3.712877,0.80303675,0.88934857,-3.7162094,8.94,8.422205,2.8,1.4333333,6.0,0.5,1301764.9,0.67423946,2.3149302,3.19,4.0,2014.0,3.0,-1.9,2.3366666,-4.9795094,-105.229324,-26.611303,-0.55241865,2.3837166,-29.615664,22.626225,27.139896,-27.119032,0.36304957,1.0765932,-27.137869,-0.57,4.4300137,4.3333335,0.93333334,5.7,0.5,3813806.0,2.1740916,7.978505,3.2,4.0,2014.0,4.0,-14.79,3.6633334,-6.6908865,62.208244,-31.952337,-8.510661,-4.4932942,84.709625,87.83496,-2.3988166,7.2792273,0.24517712,0.065193236,7.2826505,-5.5,4.280963,4.4,0.1,5.5,0.5,4279190.5,2.2190623,7.314832,2.66,4.0,2015.0,1.0,-5.2,5.9266667,-6.4255967,-509.34656,31.35012,-8.304279,-10.292172,-3848.8904,-66.9641,3.8043494,38.974205,-5.819401,-6.766065,38.963913,-10.31,4.8169775,4.0666666,0.0,5.6,0.5,0.0,0.0,0.0,2.36,4.0,2015.0,2.0,-5.21,5.2466664,-8.476732,-111.46158,12.903617,-9.042357,-9.606326,1.0497012,5.9454927,1.7620926,24.441706,-6.223028,-6.777342,24.422146,-12.68,5.8972797,4.2,0.0,5.3,0.5,980633.94,0.5116435,1.9984004,2.0,4.0,2015.0,3.0,-9.55,3.9666667,-3.1849205,22.452835,7.8514824,-8.709668,-8.594956,61.72706,-40.719833,-54.550144,18.920986,-10.09536,-10.390262,18.89286,-8.24,6.016207,3.2333333,0.06666667,5.1,0.5,3613008.2,1.872687,6.430779,1.87,4.0,2015.0,4.0,-9.56,1.69,-13.3588,-53.36623,2.4226763,-7.055467,-6.419976,920.2513,60.244877,-20.084929,63.602608,-5.4837956,-6.769086,63.50133,-4.52,-1.9711359,3.9,0.36666667,5.1,0.5,3666558.5,2.0062203,7.53632,1.94,4.0,2016.0,1.0,1.91,183,8,27
-9.05,1.4133333,11.089005,56.02352,-27.194462,1.0901545,4.21405,-167.60515,-50.47175,-3.3869624,-3.712877,0.80303675,0.88934857,-3.7162094,8.94,8.422205,2.8,1.4333333,6.0,0.5,1301764.9,0.67423946,2.3149302,3.19,4.0,2014.0,3.0,-1.9,2.3366666,-4.9795094,-105.229324,-26.611303,-0.55241865,2.3837166,-29.615664,22.626225,27.139896,-27.119032,0.36304957,1.0765932,-27.137869,-0.57,4.4300137,4.3333335,0.93333334,5.7,0.5,3813806.0,2.1740916,7.978505,3.2,4.0,2014.0,4.0,-14.79,3.6633334,-6.6908865,62.208244,-31.952337,-8.510661,-4.4932942,84.709625,87.83496,-2.3988166,7.2792273,0.24517712,0.065193236,7.2826505,-5.5,4.280963,4.4,0.1,5.5,0.5,4279190.5,2.2190623,7.314832,2.66,4.0,2015.0,1.0,-5.2,5.9266667,-6.4255967,-509.34656,31.35012,-8.304279,-10.292172,-3848.8904,-66.9641,3.8043494,38.974205,-5.819401,-6.766065,38.963913,-10.31,4.8169775,4.0666666,0.0,5.6,0.5,0.0,0.0,0.0,2.36,4.0,2015.0,2.0,-5.21,5.2466664,-8.476732,-111.46158,12.903617,-9.042357,-9.606326,1.0497012,5.9454927,1.7620926,24.441706,-6.223028,-6.777342,24.422146,-12.68,5.8972797,4.2,0.0,5.3,0.5,980633.94,0.5116435,1.9984004,2.0,4.0,2015.0,3.0,-9.55,3.9666667,-3.1849205,22.452835,7.8514824,-8.709668,-8.594956,61.72706,-40.719833,-54.550144,18.920986,-10.09536,-10.390262,18.89286,-8.24,6.016207,3.2333333,0.06666667,5.1,0.5,3613008.2,1.872687,6.430779,1.87,4.0,2015.0,4.0,-9.56,1.69,-13.3588,-53.36623,2.4226763,-7.055467,-6.419976,920.2513,60.244877,-20.084929,63.602608,-5.4837956,-6.769086,63.50133,-4.52,-1.9711359,3.9,0.36666667,5.1,0.5,3666558.5,2.0062203,7.53632,1.94,4.0,2016.0,1.0,-12.89,0.7366667,-14.300692,60.904152,-85.71484,-4.367066,1.5792433,67.86852,-13.748563,-50.956036,80.35936,1.2213215,-0.30055374,80.17076,7.39,-5.6993117,4.0,0.36666667,4.9,0.5,29548.994,0.015340125,0.23979352,1.91,4.0,2016.0,2.0,1.89,184,8,27
-1.9,2.3366666,-4.9795094,-105.229324,-26.611303,-0.55241865,2.3837166,-29.615664,22.626225,27.139896,-27.119032,0.36304957,1.0765932,-27.137869,-0.57,4.4300137,4.3333335,0.93333334,5.7,0.5,3813806.0,2.1740916,7.978505,3.2,4.0,2014.0,4.0,-14.79,3.6633334,-6.6908865,62.208244,-31.952337,-8.510661,-4.4932942,84.709625,87.83496,-2.3988166,7.2792273,0.24517712,0.065193236,7.2826505,-5.5,4.280963,4.4,0.1,5.5,0.5,4279190.5,2.2190623,7.314832,2.66,4.0,2015.0,1.0,-5.2,5.9266667,-6.4255967,-509.34656,31.35012,-8.304279,-10.292172,-3848.8904,-66.9641,3.8043494,38.974205,-5.819401,-6.766065,38.963913,-10.31,4.8169775,4.0666666,0.0,5.6,0.5,0.0,0.0,0.0,2.36,4.0,2015.0,2.0,-5.21,5.2466664,-8.476732,-111.46158,12.903617,-9.042357,-9.606326,1.0497012,5.9454927,1.7620926,24.441706,-6.223028,-6.777342,24.422146,-12.68,5.8972797,4.2,0.0,5.3,0.5,980633.94,0.5116435,1.9984004,2.0,4.0,2015.0,3.0,-9.55,3.9666667,-3.1849205,22.452835,7.8514824,-8.709668,-8.594956,61.72706,-40.719833,-54.550144,18.920986,-10.09536,-10.390262,18.89286,-8.24,6.016207,3.2333333,0.06666667,5.1,0.5,3613008.2,1.872687,6.430779,1.87,4.0,2015.0,4.0,-9.56,1.69,-13.3588,-53.36623,2.4226763,-7.055467,-6.419976,920.2513,60.244877,-20.084929,63.602608,-5.4837956,-6.769086,63.50133,-4.52,-1.9711359,3.9,0.36666667,5.1,0.5,3666558.5,2.0062203,7.53632,1.94,4.0,2016.0,1.0,-12.89,0.7366667,-14.300692,60.904152,-85.71484,-4.367066,1.5792433,67.86852,-13.748563,-50.956036,80.35936,1.2213215,-0.30055374,80.17076,7.39,-5.6993117,4.0,0.36666667,4.9,0.5,29548.994,0.015340125,0.23979352,1.91,4.0,2016.0,2.0,-16.91,-0.9766667,-10.185539,-28.431902,-23.433899,-6.640152,-2.407815,-90.55622,-30.09925,40.06369,94.71729,-3.0709653,-5.329178,94.52152,6.31,-15.003398,5.1666665,0.73333335,4.8,0.33333334,1100945.0,0.6018648,5.9833374,1.89,4.0,2016.0,3.0,1.95,185,8,27
-14.79,3.6633334,-6.6908865,62.208244,-31.952337,-8.510661,-4.4932942,84.709625,87.83496,-2.3988166,7.2792273,0.24517712,0.065193236,7.2826505,-5.5,4.280963,4.4,0.1,5.5,0.5,4279190.5,2.2190623,7.314832,2.66,4.0,2015.0,1.0,-5.2,5.9266667,-6.4255967,-509.34656,31.35012,-8.304279,-10.292172,-3848.8904,-66.9641,3.8043494,38.974205,-5.819401,-6.766065,38.963913,-10.31,4.8169775,4.0666666,0.0,5.6,0.5,0.0,0.0,0.0,2.36,4.0,2015.0,2.0,-5.21,5.2466664,-8.476732,-111.46158,12.903617,-9.042357,-9.606326,1.0497012,5.9454927,1.7620926,24.441706,-6.223028,-6.777342,24.422146,-12.68,5.8972797,4.2,0.0,5.3,0.5,980633.94,0.5116435,1.9984004,2.0,4.0,2015.0,3.0,-9.55,3.9666667,-3.1849205,22.452835,7.8514824,-8.709668,-8.594956,61.72706,-40.719833,-54.550144,18.920986,-10.09536,-10.390262,18.89286,-8.24,6.016207,3.2333333,0.06666667,5.1,0.5,3613008.2,1.872687,6.430779,1.87,4.0,2015.0,4.0,-9.56,1.69,-13.3588,-53.36623,2.4226763,-7.055467,-6.419976,920.2513,60.244877,-20.084929,63.602608,-5.4837956,-6.769086,63.50133,-4.52,-1.9711359,3.9,0.36666667,5.1,0.5,3666558.5,2.0062203,7.53632,1.94,4.0,2016.0,1.0,-12.89,0.7366667,-14.300692,60.904152,-85.71484,-4.367066,1.5792433,67.86852,-13.748563,-50.956036,80.35936,1.2213215,-0.30055374,80.17076,7.39,-5.6993117,4.0,0.36666667,4.9,0.5,29548.994,0.015340125,0.23979352,1.91,4.0,2016.0,2.0,-16.91,-0.9766667,-10.185539,-28.431902,-23.433899,-6.640152,-2.407815,-90.55622,-30.09925,40.06369,94.71729,-3.0709653,-5.329178,94.52152,6.31,-15.003398,5.1666665,0.73333335,4.8,0.33333334,1100945.0,0.6018648,5.9833374,1.89,4.0,2016.0,3.0,-7.86,-1.38,-14.891804,18.128092,55.84206,-3.7691987,-10.7863035,14.701174,37.54424,8.579421,145.11516,-4.583397,-8.842216,144.951,-4.77,-16.707169,5.766667,1.2333333,4.7,0.25,3603874.0,1.865266,8.230259,1.95,4.0,2016.0,4.0,2.43,186,8,27
-5.2,5.9266667,-6.4255967,-509.34656,31.35012,-8.304279,-10.292172,-3848.8904,-66.9641,3.8043494,38.974205,-5.819401,-6.766065,38.963913,-10.31,4.8169775,4.0666666,0.0,5.6,0.5,0.0,0.0,0.0,2.36,4.0,2015.0,2.0,-5.21,5.2466664,-8.476732,-111.46158,12.903617,-9.042357,-9.606326,1.0497012,5.9454927,1.7620926,24.441706,-6.223028,-6.777342,24.422146,-12.68,5.8972797,4.2,0.0,5.3,0.5,980633.94,0.5116435,1.9984004,2.0,4.0,2015.0,3.0,-9.55,3.9666667,-3.1849205,22.452835,7.8514824,-8.709668,-8.594956,61.72706,-40.719833,-54.550144,18.920986,-10.09536,-10.390262,18.89286,-8.24,6.016207,3.2333333,0.06666667,5.1,0.5,3613008.2,1.872687,6.430779,1.87,4.0,2015.0,4.0,-9.56,1.69,-13.3588,-53.36623,2.4226763,-7.055467,-6.419976,920.2513,60.244877,-20.084929,63.602608,-5.4837956,-6.769086,63.50133,-4.52,-1.9711359,3.9,0.36666667,5.1,0.5,3666558.5,2.0062203,7.53632,1.94,4.0,2016.0,1.0,-12.89,0.7366667,-14.300692,60.904152,-85.71484,-4.367066,1.5792433,67.86852,-13.748563,-50.956036,80.35936,1.2213215,-0.30055374,80.17076,7.39,-5.6993117,4.0,0.36666667,4.9,0.5,29548.994,0.015340125,0.23979352,1.91,4.0,2016.0,2.0,-16.91,-0.9766667,-10.185539,-28.431902,-23.433899,-6.640152,-2.407815,-90.55622,-30.09925,40.06369,94.71729,-3.0709653,-5.329178,94.52152,6.31,-15.003398,5.1666665,0.73333335,4.8,0.33333334,1100945.0,0.6018648,5.9833374,1.89,4.0,2016.0,3.0,-7.86,-1.38,-14.891804,18.128092,55.84206,-3.7691987,-10.7863035,14.701174,37.54424,8.579421,145.11516,-4.583397,-8.842216,144.951,-4.77,-16.707169,5.766667,1.2333333,4.7,0.25,3603874.0,1.865266,8.230259,1.95,4.0,2016.0,4.0,4.62,-0.7033333,4.1650963,-2.372441,54.232624,4.4120474,-3.976002,-147.6103,-44.362694,42.459156,178.39674,-9.4260845,-10.884942,177.63698,-0.82,-11.378752,2.2666667,2.1333334,4.6,0.25,3561994.2,1.8441098,6.3681417,2.43,4.0,2017.0,1.0,2.52,187,8,27
-5.21,5.2466664,-8.476732,-111.46158,12.903617,-9.042357,-9.606326,1.0497012,5.9454927,1.7620926,24.441706,-6.223028,-6.777342,24.422146,-12.68,5.8972797,4.2,0.0,5.3,0.5,980633.94,0.5116435,1.9984004,2.0,4.0,2015.0,3.0,-9.55,3.9666667,-3.1849205,22.452835,7.8514824,-8.709668,-8.594956,61.72706,-40.719833,-54.550144,18.920986,-10.09536,-10.390262,18.89286,-8.24,6.016207,3.2333333,0.06666667,5.1,0.5,3613008.2,1.872687,6.430779,1.87,4.0,2015.0,4.0,-9.56,1.69,-13.3588,-53.36623,2.4226763,-7.055467,-6.419976,920.2513,60.244877,-20.084929,63.602608,-5.4837956,-6.769086,63.50133,-4.52,-1.9711359,3.9,0.36666667,5.1,0.5,3666558.5,2.0062203,7.53632,1.94,4.0,2016.0,1.0,-12.89,0.7366667,-14.300692,60.904152,-85.71484,-4.367066,1.5792433,67.86852,-13.748563,-50.956036,80.35936,1.2213215,-0.30055374,80.17076,7.39,-5.6993117,4.0,0.36666667,4.9,0.5,29548.994,0.015340125,0.23979352,1.91,4.0,2016.0,2.0,-16.91,-0.9766667,-10.185539,-28.431902,-23.433899,-6.640152,-2.407815,-90.55622,-30.09925,40.06369,94.71729,-3.0709653,-5.329178,94.52152,6.31,-15.003398,5.1666665,0.73333335,4.8,0.33333334,1100945.0,0.6018648,5.9833374,1.89,4.0,2016.0,3.0,-7.86,-1.38,-14.891804,18.128092,55.84206,-3.7691987,-10.7863035,14.701174,37.54424,8.579421,145.11516,-4.583397,-8.842216,144.951,-4.77,-16.707169,5.766667,1.2333333,4.7,0.25,3603874.0,1.865266,8.230259,1.95,4.0,2016.0,4.0,4.62,-0.7033333,4.1650963,-2.372441,54.232624,4.4120474,-3.976002,-147.6103,-44.362694,42.459156,178.39674,-9.4260845,-10.884942,177.63698,-0.82,-11.378752,2.2666667,2.1333334,4.6,0.25,3561994.2,1.8441098,6.3681417,2.43,4.0,2017.0,1.0,1.48,-1.8966666,9.586779,-7.381266,27.226645,3.6488218,-0.07736889,-98.93202,-4.0305047,42.345894,200.66151,-7.955668,-8.662368,197.98676,-8.06,-8.915241,2.3333333,2.7333333,4.4,0.25,400100.25,0.20726083,1.4145976,2.52,4.0,2017.0,2.0,2.79,188,8,27
-9.55,3.9666667,-3.1849205,22.452835,7.8514824,-8.709668,-8.594956,61.72706,-40.719833,-54.550144,18.920986,-10.09536,-10.390262,18.89286,-8.24,6.016207,3.2333333,0.06666667,5.1,0.5,3613008.2,1.872687,6.430779,1.87,4.0,2015.0,4.0,-9.56,1.69,-13.3588,-53.36623,2.4226763,-7.055467,-6.419976,920.2513,60.244877,-20.084929,63.602608,-5.4837956,-6.769086,63.50133,-4.52,-1.9711359,3.9,0.36666667,5.1,0.5,3666558.5,2.0062203,7.53632,1.94,4.0,2016.0,1.0,-12.89,0.7366667,-14.300692,60.904152,-85.71484,-4.367066,1.5792433,67.86852,-13.748563,-50.956036,80.35936,1.2213215,-0.30055374,80.17076,7.39,-5.6993117,4.0,0.36666667,4.9,0.5,29548.994,0.015340125,0.23979352,1.91,4.0,2016.0,2.0,-16.91,-0.9766667,-10.185539,-28.431902,-23.433899,-6.640152,-2.407815,-90.55622,-30.09925,40.06369,94.71729,-3.0709653,-5.329178,94.52152,6.31,-15.003398,5.1666665,0.73333335,4.8,0.33333334,1100945.0,0.6018648,5.9833374,1.89,4.0,2016.0,3.0,-7.86,-1.38,-14.891804,18.128092,55.84206,-3.7691987,-10.7863035,14.701174,37.54424,8.579421,145.11516,-4.583397,-8.842216,144.951,-4.77,-16.707169,5.766667,1.2333333,4.7,0.25,3603874.0,1.865266,8.230259,1.95,4.0,2016.0,4.0,4.62,-0.7033333,4.1650963,-2.372441,54.232624,4.4120474,-3.976002,-147.6103,-44.362694,42.459156,178.39674,-9.4260845,-10.884942,177.63698,-0.82,-11.378752,2.2666667,2.1333334,4.6,0.25,3561994.2,1.8441098,6.3681417,2.43,4.0,2017.0,1.0,1.48,-1.8966666,9.586779,-7.381266,27.226645,3.6488218,-0.07736889,-98.93202,-4.0305047,42.345894,200.66151,-7.955668,-8.662368,197.98676,-8.06,-8.915241,2.3333333,2.7333333,4.4,0.25,400100.25,0.20726083,1.4145976,2.52,4.0,2017.0,2.0,15.36,0.8466667,16.540487,51.3003,39.070183,17.905176,7.7638497,-725.04755,67.47664,587.71326,-228.09755,-0.6346759,-0.32483572,-216.19347,0.16,-2.9890883,1.4666667,2.8333333,4.3,0.25,1154380.8,0.5976318,1.8682861,2.79,4.0,2017.0,3.0,2.87,189,8,27
-9.56,1.69,-13.3588,-53.36623,2.4226763,-7.055467,-6.419976,920.2513,60.244877,-20.084929,63.602608,-5.4837956,-6.769086,63.50133,-4.52,-1.9711359,3.9,0.36666667,5.1,0.5,3666558.5,2.0062203,7.53632,1.94,4.0,2016.0,1.0,-12.89,0.7366667,-14.300692,60.904152,-85.71484,-4.367066,1.5792433,67.86852,-13.748563,-50.956036,80.35936,1.2213215,-0.30055374,80.17076,7.39,-5.6993117,4.0,0.36666667,4.9,0.5,29548.994,0.015340125,0.23979352,1.91,4.0,2016.0,2.0,-16.91,-0.9766667,-10.185539,-28.431902,-23.433899,-6.640152,-2.407815,-90.55622,-30.09925,40.06369,94.71729,-3.0709653,-5.329178,94.52152,6.31,-15.003398,5.1666665,0.73333335,4.8,0.33333334,1100945.0,0.6018648,5.9833374,1.89,4.0,2016.0,3.0,-7.86,-1.38,-14.891804,18.128092,55.84206,-3.7691987,-10.7863035,14.701174,37.54424,8.579421,145.11516,-4.583397,-8.842216,144.951,-4.77,-16.707169,5.766667,1.2333333,4.7,0.25,3603874.0,1.865266,8.230259,1.95,4.0,2016.0,4.0,4.62,-0.7033333,4.1650963,-2.372441,54.232624,4.4120474,-3.976002,-147.6103,-44.362694,42.459156,178.39674,-9.4260845,-10.884942,177.63698,-0.82,-11.378752,2.2666667,2.1333334,4.6,0.25,3561994.2,1.8441098,6.3681417,2.43,4.0,2017.0,1.0,1.48,-1.8966666,9.586779,-7.381266,27.226645,3.6488218,-0.07736889,-98.93202,-4.0305047,42.345894,200.66151,-7.955668,-8.662368,197.98676,-8.06,-8.915241,2.3333333,2.7333333,4.4,0.25,400100.25,0.20726083,1.4145976,2.52,4.0,2017.0,2.0,15.36,0.8466667,16.540487,51.3003,39.070183,17.905176,7.7638497,-725.04755,67.47664,587.71326,-228.09755,-0.6346759,-0.32483572,-216.19347,0.16,-2.9890883,1.4666667,2.8333333,4.3,0.25,1154380.8,0.5976318,1.8682861,2.79,4.0,2017.0,3.0,8.49,3.4566667,29.006563,57.052032,8.825664,16.372847,14.692114,0.023331083,-43.46729,-24.546139,-140.29877,8.535129,10.763515,-140.40878,12.56,1.2803204,1.0333333,3.0333333,4.4,0.41666666,3668690.2,1.8987508,8.225462,2.87,4.0,2017.0,4.0,2.07,190,8,27
-12.89,0.7366667,-14.300692,60.904152,-85.71484,-4.367066,1.5792433,67.86852,-13.748563,-50.956036,80.35936,1.2213215,-0.30055374,80.17076,7.39,-5.6993117,4.0,0.36666667,4.9,0.5,29548.994,0.015340125,0.23979352,1.91,4.0,2016.0,2.0,-16.91,-0.9766667,-10.185539,-28.431902,-23.433899,-6.640152,-2.407815,-90.55622,-30.09925,40.06369,94.71729,-3.0709653,-5.329178,94.52152,6.31,-15.003398,5.1666665,0.73333335,4.8,0.33333334,1100945.0,0.6018648,5.9833374,1.89,4.0,2016.0,3.0,-7.86,-1.38,-14.891804,18.128092,55.84206,-3.7691987,-10.7863035,14.701174,37.54424,8.579421,145.11516,-4.583397,-8.842216,144.951,-4.77,-16.707169,5.766667,1.2333333,4.7,0.25,3603874.0,1.865266,8.230259,1.95,4.0,2016.0,4.0,4.62,-0.7033333,4.1650963,-2.372441,54.232624,4.4120474,-3.976002,-147.6103,-44.362694,42.459156,178.39674,-9.4260845,-10.884942,177.63698,-0.82,-11.378752,2.2666667,2.1333334,4.6,0.25,3561994.2,1.8441098,6.3681417,2.43,4.0,2017.0,1.0,1.48,-1.8966666,9.586779,-7.381266,27.226645,3.6488218,-0.07736889,-98.93202,-4.0305047,42.345894,200.66151,-7.955668,-8.662368,197.98676,-8.06,-8.915241,2.3333333,2.7333333,4.4,0.25,400100.25,0.20726083,1.4145976,2.52,4.0,2017.0,2.0,15.36,0.8466667,16.540487,51.3003,39.070183,17.905176,7.7638497,-725.04755,67.47664,587.71326,-228.09755,-0.6346759,-0.32483572,-216.19347,0.16,-2.9890883,1.4666667,2.8333333,4.3,0.25,1154380.8,0.5976318,1.8682861,2.79,4.0,2017.0,3.0,8.49,3.4566667,29.006563,57.052032,8.825664,16.372847,14.692114,0.023331083,-43.46729,-24.546139,-140.29877,8.535129,10.763515,-140.40878,12.56,1.2803204,1.0333333,3.0333333,4.4,0.41666666,3668690.2,1.8987508,8.225462,2.87,4.0,2017.0,4.0,14.9,5.0266666,20.281801,67.70018,-49.588707,20.71774,22.685942,-51.154278,12.772746,23.559278,-128.55434,13.506832,14.581992,-128.79047,14.28,1.9330252,1.4,2.7333333,4.2,0.5,3882976.5,2.0096703,6.4611707,2.07,4.0,2018.0,1.0,1.59,191,8,27
-16.91,-0.9766667,-10.185539,-28.431902,-23.433899,-6.640152,-2.407815,-90.55622,-30.09925,40.06369,94.71729,-3.0709653,-5.329178,94.52152,6.31,-15.003398,5.1666665,0.73333335,4.8,0.33333334,1100945.0,0.6018648,5.9833374,1.89,4.0,2016.0,3.0,-7.86,-1.38,-14.891804,18.128092,55.84206,-3.7691987,-10.7863035,14.701174,37.54424,8.579421,145.11516,-4.583397,-8.842216,144.951,-4.77,-16.707169,5.766667,1.2333333,4.7,0.25,3603874.0,1.865266,8.230259,1.95,4.0,2016.0,4.0,4.62,-0.7033333,4.1650963,-2.372441,54.232624,4.4120474,-3.976002,-147.6103,-44.362694,42.459156,178.39674,-9.4260845,-10.884942,177.63698,-0.82,-11.378752,2.2666667,2.1333334,4.6,0.25,3561994.2,1.8441098,6.3681417,2.43,4.0,2017.0,1.0,1.48,-1.8966666,9.586779,-7.381266,27.226645,3.6488218,-0.07736889,-98.93202,-4.0305047,42.345894,200.66151,-7.955668,-8.662368,197.98676,-8.06,-8.915241,2.3333333,2.7333333,4.4,0.25,400100.25,0.20726083,1.4145976,2.52,4.0,2017.0,2.0,15.36,0.8466667,16.540487,51.3003,39.070183,17.905176,7.7638497,-725.04755,67.47664,587.71326,-228.09755,-0.6346759,-0.32483572,-216.19347,0.16,-2.9890883,1.4666667,2.8333333,4.3,0.25,1154380.8,0.5976318,1.8682861,2.79,4.0,2017.0,3.0,8.49,3.4566667,29.006563,57.052032,8.825664,16.372847,14.692114,0.023331083,-43.46729,-24.546139,-140.29877,8.535129,10.763515,-140.40878,12.56,1.2803204,1.0333333,3.0333333,4.4,0.41666666,3668690.2,1.8987508,8.225462,2.87,4.0,2017.0,4.0,14.9,5.0266666,20.281801,67.70018,-49.588707,20.71774,22.685942,-51.154278,12.772746,23.559278,-128.55434,13.506832,14.581992,-128.79047,14.28,1.9330252,1.4,2.7333333,4.2,0.5,3882976.5,2.0096703,6.4611707,2.07,4.0,2018.0,1.0,15.33,4.9566665,11.01374,-161.19487,5.5135713,14.639579,12.868235,-52.515224,10.655239,37.004997,-240.13124,4.22084,5.2048707,-242.42896,6.8,1.3338361,2.2,2.4,4.0,0.5,0.0,0.0,0.0,1.59,4.0,2018.0,2.0,1.28,192,8,27
-7.86,-1.38,-14.891804,18.128092,55.84206,-3.7691987,-10.7863035,14.701174,37.54424,8.579421,145.11516,-4.583397,-8.842216,144.951,-4.77,-16.707169,5.766667,1.2333333,4.7,0.25,3603874.0,1.865266,8.230259,1.95,4.0,2016.0,4.0,4.62,-0.7033333,4.1650963,-2.372441,54.232624,4.4120474,-3.976002,-147.6103,-44.362694,42.459156,178.39674,-9.4260845,-10.884942,177.63698,-0.82,-11.378752,2.2666667,2.1333334,4.6,0.25,3561994.2,1.8441098,6.3681417,2.43,4.0,2017.0,1.0,1.48,-1.8966666,9.586779,-7.381266,27.226645,3.6488218,-0.07736889,-98.93202,-4.0305047,42.345894,200.66151,-7.955668,-8.662368,197.98676,-8.06,-8.915241,2.3333333,2.7333333,4.4,0.25,400100.25,0.20726083,1.4145976,2.52,4.0,2017.0,2.0,15.36,0.8466667,16.540487,51.3003,39.070183,17.905176,7.7638497,-725.04755,67.47664,587.71326,-228.09755,-0.6346759,-0.32483572,-216.19347,0.16,-2.9890883,1.4666667,2.8333333,4.3,0.25,1154380.8,0.5976318,1.8682861,2.79,4.0,2017.0,3.0,8.49,3.4566667,29.006563,57.052032,8.825664,16.372847,14.692114,0.023331083,-43.46729,-24.546139,-140.29877,8.535129,10.763515,-140.40878,12.56,1.2803204,1.0333333,3.0333333,4.4,0.41666666,3668690.2,1.8987508,8.225462,2.87,4.0,2017.0,4.0,14.9,5.0266666,20.281801,67.70018,-49.588707,20.71774,22.685942,-51.154278,12.772746,23.559278,-128.55434,13.506832,14.581992,-128.79047,14.28,1.9330252,1.4,2.7333333,4.2,0.5,3882976.5,2.0096703,6.4611707,2.07,4.0,2018.0,1.0,15.33,4.9566665,11.01374,-161.19487,5.5135713,14.639579,12.868235,-52.515224,10.655239,37.004997,-240.13124,4.22084,5.2048707,-242.42896,6.8,1.3338361,2.2,2.4,4.0,0.5,0.0,0.0,0.0,1.59,4.0,2018.0,2.0,13.1,3.29,1.4827269,43.43002,-0.013188221,8.332179,7.4949675,96.63572,47.15343,-89.32249,81.51621,-0.22173609,-0.59017587,81.500755,-2.18,2.2330854,3.1,2.5333333,4.1,0.6666667,697971.9,0.36147958,1.5459358,1.28,4.0,2018.0,3.0,0.69,193,8,27
4.62,-0.7033333,4.1650963,-2.372441,54.232624,4.4120474,-3.976002,-147.6103,-44.362694,42.459156,178.39674,-9.4260845,-10.884942,177.63698,-0.82,-11.378752,2.2666667,2.1333334,4.6,0.25,3561994.2,1.8441098,6.3681417,2.43,4.0,2017.0,1.0,1.48,-1.8966666,9.586779,-7.381266,27.226645,3.6488218,-0.07736889,-98.93202,-4.0305047,42.345894,200.66151,-7.955668,-8.662368,197.98676,-8.06,-8.915241,2.3333333,2.7333333,4.4,0.25,400100.25,0.20726083,1.4145976,2.52,4.0,2017.0,2.0,15.36,0.8466667,16.540487,51.3003,39.070183,17.905176,7.7638497,-725.04755,67.47664,587.71326,-228.09755,-0.6346759,-0.32483572,-216.19347,0.16,-2.9890883,1.4666667,2.8333333,4.3,0.25,1154380.8,0.5976318,1.8682861,2.79,4.0,2017.0,3.0,8.49,3.4566667,29.006563,57.052032,8.825664,16.372847,14.692114,0.023331083,-43.46729,-24.546139,-140.29877,8.535129,10.763515,-140.40878,12.56,1.2803204,1.0333333,3.0333333,4.4,0.41666666,3668690.2,1.8987508,8.225462,2.87,4.0,2017.0,4.0,14.9,5.0266666,20.281801,67.70018,-49.588707,20.71774,22.685942,-51.154278,12.772746,23.559278,-128.55434,13.506832,14.581992,-128.79047,14.28,1.9330252,1.4,2.7333333,4.2,0.5,3882976.5,2.0096703,6.4611707,2.07,4.0,2018.0,1.0,15.33,4.9566665,11.01374,-161.19487,5.5135713,14.639579,12.868235,-52.515224,10.655239,37.004997,-240.13124,4.22084,5.2048707,-242.42896,6.8,1.3338361,2.2,2.4,4.0,0.5,0.0,0.0,0.0,1.59,4.0,2018.0,2.0,13.1,3.29,1.4827269,43.43002,-0.013188221,8.332179,7.4949675,96.63572,47.15343,-89.32249,81.51621,-0.22173609,-0.59017587,81.500755,-2.18,2.2330854,3.1,2.5333333,4.1,0.6666667,697971.9,0.36147958,1.5459358,1.28,4.0,2018.0,3.0,-1.06,-0.68333334,-13.441565,-212.87602,-67.61002,5.8265038,9.10244,-130.79326,106.38257,120.46947,17.014612,-3.8358285,-3.9082696,17.107855,1.76,0.80913687,2.8333333,2.2666667,4.0,0.75,3586448.5,1.856186,6.7000623,0.69,4.0,2018.0,4.0,1.36,194,8,27
1.48,-1.8966666,9.586779,-7.381266,27.226645,3.6488218,-0.07736889,-98.93202,-4.0305047,42.345894,200.66151,-7.955668,-8.662368,197.98676,-8.06,-8.915241,2.3333333,2.7333333,4.4,0.25,400100.25,0.20726083,1.4145976,2.52,4.0,2017.0,2.0,15.36,0.8466667,16.540487,51.3003,39.070183,17.905176,7.7638497,-725.04755,67.47664,587.71326,-228.09755,-0.6346759,-0.32483572,-216.19347,0.16,-2.9890883,1.4666667,2.8333333,4.3,0.25,1154380.8,0.5976318,1.8682861,2.79,4.0,2017.0,3.0,8.49,3.4566667,29.006563,57.052032,8.825664,16.372847,14.692114,0.023331083,-43.46729,-24.546139,-140.29877,8.535129,10.763515,-140.40878,12.56,1.2803204,1.0333333,3.0333333,4.4,0.41666666,3668690.2,1.8987508,8.225462,2.87,4.0,2017.0,4.0,14.9,5.0266666,20.281801,67.70018,-49.588707,20.71774,22.685942,-51.154278,12.772746,23.559278,-128.55434,13.506832,14.581992,-128.79047,14.28,1.9330252,1.4,2.7333333,4.2,0.5,3882976.5,2.0096703,6.4611707,2.07,4.0,2018.0,1.0,15.33,4.9566665,11.01374,-161.19487,5.5135713,14.639579,12.868235,-52.515224,10.655239,37.004997,-240.13124,4.22084,5.2048707,-242.42896,6.8,1.3338361,2.2,2.4,4.0,0.5,0.0,0.0,0.0,1.59,4.0,2018.0,2.0,13.1,3.29,1.4827269,43.43002,-0.013188221,8.332179,7.4949675,96.63572,47.15343,-89.32249,81.51621,-0.22173609,-0.59017587,81.500755,-2.18,2.2330854,3.1,2.5333333,4.1,0.6666667,697971.9,0.36147958,1.5459358,1.28,4.0,2018.0,3.0,-1.06,-0.68333334,-13.441565,-212.87602,-67.61002,5.8265038,9.10244,-130.79326,106.38257,120.46947,17.014612,-3.8358285,-3.9082696,17.107855,1.76,0.80913687,2.8333333,2.2666667,4.0,0.75,3586448.5,1.856186,6.7000623,0.69,4.0,2018.0,4.0,-3.25,-0.91,-11.854542,-288.90216,-29.662931,-1.1581442,1.4037459,58.54798,13.737977,-11.113868,-446.25394,-5.1832876,-4.326737,-445.9908,4.66,0.321975,4.866667,1.8666667,3.8,0.75,3679102.2,1.9041525,6.4778757,1.36,4.0,2019.0,1.0,1.52,195,8,27
15.36,0.8466667,16.540487,51.3003,39.070183,17.905176,7.7638497,-725.04755,67.47664,587.71326,-228.09755,-0.6346759,-0.32483572,-216.19347,0.16,-2.9890883,1.4666667,2.8333333,4.3,0.25,1154380.8,0.5976318,1.8682861,2.79,4.0,2017.0,3.0,8.49,3.4566667,29.006563,57.052032,8.825664,16.372847,14.692114,0.023331083,-43.46729,-24.546139,-140.29877,8.535129,10.763515,-140.40878,12.56,1.2803204,1.0333333,3.0333333,4.4,0.41666666,3668690.2,1.8987508,8.225462,2.87,4.0,2017.0,4.0,14.9,5.0266666,20.281801,67.70018,-49.588707,20.71774,22.685942,-51.154278,12.772746,23.559278,-128.55434,13.506832,14.581992,-128.79047,14.28,1.9330252,1.4,2.7333333,4.2,0.5,3882976.5,2.0096703,6.4611707,2.07,4.0,2018.0,1.0,15.33,4.9566665,11.01374,-161.19487,5.5135713,14.639579,12.868235,-52.515224,10.655239,37.004997,-240.13124,4.22084,5.2048707,-242.42896,6.8,1.3338361,2.2,2.4,4.0,0.5,0.0,0.0,0.0,1.59,4.0,2018.0,2.0,13.1,3.29,1.4827269,43.43002,-0.013188221,8.332179,7.4949675,96.63572,47.15343,-89.32249,81.51621,-0.22173609,-0.59017587,81.500755,-2.18,2.2330854,3.1,2.5333333,4.1,0.6666667,697971.9,0.36147958,1.5459358,1.28,4.0,2018.0,3.0,-1.06,-0.68333334,-13.441565,-212.87602,-67.61002,5.8265038,9.10244,-130.79326,106.38257,120.46947,17.014612,-3.8358285,-3.9082696,17.107855,1.76,0.80913687,2.8333333,2.2666667,4.0,0.75,3586448.5,1.856186,6.7000623,0.69,4.0,2018.0,4.0,-3.25,-0.91,-11.854542,-288.90216,-29.662931,-1.1581442,1.4037459,58.54798,13.737977,-11.113868,-446.25394,-5.1832876,-4.326737,-445.9908,4.66,0.321975,4.866667,1.8666667,3.8,0.75,3679102.2,1.9041525,6.4778757,1.36,4.0,2019.0,1.0,-6.37,-0.5,-11.725798,27.548603,27.384924,-4.3770847,-6.069994,97.4654,44.758713,-54.902824,-42.722256,1.2620989,1.4864225,-42.794266,-4.43,-0.32041794,3.4333334,2.0333333,3.9,0.75,392591.6,0.20398046,1.3381157,1.52,4.0,2019.0,2.0,1.92,196,8,27
8.49,3.4566667,29.006563,57.052032,8.825664,16.372847,14.692114,0.023331083,-43.46729,-24.546139,-140.29877,8.535129,10.763515,-140.40878,12.56,1.2803204,1.0333333,3.0333333,4.4,0.41666666,3668690.2,1.8987508,8.225462,2.87,4.0,2017.0,4.0,14.9,5.0266666,20.281801,67.70018,-49.588707,20.71774,22.685942,-51.154278,12.772746,23.559278,-128.55434,13.506832,14.581992,-128.79047,14.28,1.9330252,1.4,2.7333333,4.2,0.5,3882976.5,2.0096703,6.4611707,2.07,4.0,2018.0,1.0,15.33,4.9566665,11.01374,-161.19487,5.5135713,14.639579,12.868235,-52.515224,10.655239,37.004997,-240.13124,4.22084,5.2048707,-242.42896,6.8,1.3338361,2.2,2.4,4.0,0.5,0.0,0.0,0.0,1.59,4.0,2018.0,2.0,13.1,3.29,1.4827269,43.43002,-0.013188221,8.332179,7.4949675,96.63572,47.15343,-89.32249,81.51621,-0.22173609,-0.59017587,81.500755,-2.18,2.2330854,3.1,2.5333333,4.1,0.6666667,697971.9,0.36147958,1.5459358,1.28,4.0,2018.0,3.0,-1.06,-0.68333334,-13.441565,-212.87602,-67.61002,5.8265038,9.10244,-130.79326,106.38257,120.46947,17.014612,-3.8358285,-3.9082696,17.107855,1.76,0.80913687,2.8333333,2.2666667,4.0,0.75,3586448.5,1.856186,6.7000623,0.69,4.0,2018.0,4.0,-3.25,-0.91,-11.854542,-288.90216,-29.662931,-1.1581442,1.4037459,58.54798,13.737977,-11.113868,-446.25394,-5.1832876,-4.326737,-445.9908,4.66,0.321975,4.866667,1.8666667,3.8,0.75,3679102.2,1.9041525,6.4778757,1.36,4.0,2019.0,1.0,-6.37,-0.5,-11.725798,27.548603,27.384924,-4.3770847,-6.069994,97.4654,44.758713,-54.902824,-42.722256,1.2620989,1.4864225,-42.794266,-4.43,-0.32041794,3.4333334,2.0333333,3.9,0.75,392591.6,0.20398046,1.3381157,1.52,4.0,2019.0,2.0,-13.95,1.6933334,-11.284772,-8.116242,22.089804,-2.7493508,-4.560275,11.092504,19.174702,10.123124,-1013.90985,4.9610634,5.811424,-1013.03,11.83,-2.5655081,3.1,1.8333334,3.8,0.75,1045173.6,0.54138535,1.9697655,1.92,4.0,2019.0,3.0,1.77,197,8,27
0.56666666,1.7333333,10.803168,188.0878,19.856167,2.9318929,1.2371417,95.94871,-47.35345,-93.25122,39.849026,1.4310879,0.65342087,34.07759,-2.5333333,0.8649572,-5.23,2.963406,7.7,0.75,2038668.4,7.2250633,71.02271,-1.1,14.0,2013.0,1.0,-1.7666667,-0.06666667,22.534327,-9.333553,-5.3713503,1.7920046,2.4022331,4538.0967,-4.7735314,-27.633085,25.862532,7.5427604,6.978914,30.715204,-3.6666667,1.4655122,-3.39,2.748723,8.133333,0.5833333,67550.73,0.23892277,2.1159492,-0.6,14.0,2013.0,2.0,-0.06666667,-0.6,25.401194,2.394181,-3.8232946,7.1486897,8.1759615,1553.4286,21.350372,-36.585358,1.6705637,6.269624,6.2718873,6.19173,-2.1666667,3.7779753,-3.8466666,2.772784,8.5,0.5,669511.94,2.3766663,40.01601,0.3,14.0,2013.0,3.0,-1.8666667,0.73333335,28.016424,31.879885,-25.126799,2.3057992,5.4869666,3034.778,230.67923,141.21465,1.6759272,6.9617095,6.984213,6.2435074,-2.4666667,3.4943426,-1.6033334,1.557022,8.466666,0.33333334,2149881.0,7.6108985,118.699394,1.5,14.0,2013.0,4.0,-1.6,-6.866667,23.250061,-32.685905,-17.474663,7.5435233,10.510123,82.619934,-11.211823,-51.860207,-9.157236,10.898498,11.313654,-2.184564,-0.8666667,2.8861234,1.03,1.095937,8.666667,0.25,2326181.8,8.238309,124.2351,1.8,14.0,2014.0,1.0,-0.033333335,-1.8,27.63972,-26.42783,7.1095796,10.777774,11.0676985,-244.18126,-34.57531,33.18008,10.298812,10.336183,10.19375,15.126965,0.8,2.6476939,1.04,0.987554,8.466666,0.21666667,3409.6633,0.012058514,0.23251188,1.7,14.0,2014.0,2.0,1.0,0.7,11.790824,27.21053,-4.238152,5.478966,6.287857,-121.37457,-47.29494,25.744972,29.665586,1.4118294,0.85330915,20.79459,1.2,0.24704127,0.9,0.918388,8.1,0.11666667,687628.2,2.4319558,37.420383,1.1,14.0,2014.0,3.0,1.1333333,-2.5333333,-3.94223,7.961705,-26.103615,-3.9285517,-2.1028323,-118.820984,-92.9895,-84.379005,59.2614,-2.2958395,-3.6197019,40.250443,-1.5,-1.5022274,2.2033334,0.903645,8.133333,0.05,2197163.2,7.838527,105.12316,1.9,14.0,2014.0,4.0,2.0,198,8,27
-1.7666667,-0.06666667,22.534327,-9.333553,-5.3713503,1.7920046,2.4022331,4538.0967,-4.7735314,-27.633085,25.862532,7.5427604,6.978914,30.715204,-3.6666667,1.4655122,-3.39,2.748723,8.133333,0.5833333,67550.73,0.23892277,2.1159492,-0.6,14.0,2013.0,2.0,-0.06666667,-0.6,25.401194,2.394181,-3.8232946,7.1486897,8.1759615,1553.4286,21.350372,-36.585358,1.6705637,6.269624,6.2718873,6.19173,-2.1666667,3.7779753,-3.8466666,2.772784,8.5,0.5,669511.94,2.3766663,40.01601,0.3,14.0,2013.0,3.0,-1.8666667,0.73333335,28.016424,31.879885,-25.126799,2.3057992,5.4869666,3034.778,230.67923,141.21465,1.6759272,6.9617095,6.984213,6.2435074,-2.4666667,3.4943426,-1.6033334,1.557022,8.466666,0.33333334,2149881.0,7.6108985,118.699394,1.5,14.0,2013.0,4.0,-1.6,-6.866667,23.250061,-32.685905,-17.474663,7.5435233,10.510123,82.619934,-11.211823,-51.860207,-9.157236,10.898498,11.313654,-2.184564,-0.8666667,2.8861234,1.03,1.095937,8.666667,0.25,2326181.8,8.238309,124.2351,1.8,14.0,2014.0,1.0,-0.033333335,-1.8,27.63972,-26.42783,7.1095796,10.777774,11.0676985,-244.18126,-34.57531,33.18008,10.298812,10.336183,10.19375,15.126965,0.8,2.6476939,1.04,0.987554,8.466666,0.21666667,3409.6633,0.012058514,0.23251188,1.7,14.0,2014.0,2.0,1.0,0.7,11.790824,27.21053,-4.238152,5.478966,6.287857,-121.37457,-47.29494,25.744972,29.665586,1.4118294,0.85330915,20.79459,1.2,0.24704127,0.9,0.918388,8.1,0.11666667,687628.2,2.4319558,37.420383,1.1,14.0,2014.0,3.0,1.1333333,-2.5333333,-3.94223,7.961705,-26.103615,-3.9285517,-2.1028323,-118.820984,-92.9895,-84.379005,59.2614,-2.2958395,-3.6197019,40.250443,-1.5,-1.5022274,2.2033334,0.903645,8.133333,0.05,2197163.2,7.838527,105.12316,1.9,14.0,2014.0,4.0,0.56666666,0.8,-5.4348235,57.602375,29.434986,-13.315289,-17.100533,-1366.5225,371.56912,576.8165,117.99176,-7.0753903,-9.227399,70.103325,2.6666667,-4.956469,2.85,0.162102,8.166667,0.05,2179838.2,7.710054,106.64043,2.0,14.0,2015.0,1.0,2.2,199,8,27
-0.06666667,-0.6,25.401194,2.394181,-3.8232946,7.1486897,8.1759615,1553.4286,21.350372,-36.585358,1.6705637,6.269624,6.2718873,6.19173,-2.1666667,3.7779753,-3.8466666,2.772784,8.5,0.5,669511.94,2.3766663,40.01601,0.3,14.0,2013.0,3.0,-1.8666667,0.73333335,28.016424,31.879885,-25.126799,2.3057992,5.4869666,3034.778,230.67923,141.21465,1.6759272,6.9617095,6.984213,6.2435074,-2.4666667,3.4943426,-1.6033334,1.557022,8.466666,0.33333334,2149881.0,7.6108985,118.699394,1.5,14.0,2013.0,4.0,-1.6,-6.866667,23.250061,-32.685905,-17.474663,7.5435233,10.510123,82.619934,-11.211823,-51.860207,-9.157236,10.898498,11.313654,-2.184564,-0.8666667,2.8861234,1.03,1.095937,8.666667,0.25,2326181.8,8.238309,124.2351,1.8,14.0,2014.0,1.0,-0.033333335,-1.8,27.63972,-26.42783,7.1095796,10.777774,11.0676985,-244.18126,-34.57531,33.18008,10.298812,10.336183,10.19375,15.126965,0.8,2.6476939,1.04,0.987554,8.466666,0.21666667,3409.6633,0.012058514,0.23251188,1.7,14.0,2014.0,2.0,1.0,0.7,11.790824,27.21053,-4.238152,5.478966,6.287857,-121.37457,-47.29494,25.744972,29.665586,1.4118294,0.85330915,20.79459,1.2,0.24704127,0.9,0.918388,8.1,0.11666667,687628.2,2.4319558,37.420383,1.1,14.0,2014.0,3.0,1.1333333,-2.5333333,-3.94223,7.961705,-26.103615,-3.9285517,-2.1028323,-118.820984,-92.9895,-84.379005,59.2614,-2.2958395,-3.6197019,40.250443,-1.5,-1.5022274,2.2033334,0.903645,8.133333,0.05,2197163.2,7.838527,105.12316,1.9,14.0,2014.0,4.0,0.56666666,0.8,-5.4348235,57.602375,29.434986,-13.315289,-17.100533,-1366.5225,371.56912,576.8165,117.99176,-7.0753903,-9.227399,70.103325,2.6666667,-4.956469,2.85,0.162102,8.166667,0.05,2179838.2,7.710054,106.64043,2.0,14.0,2015.0,1.0,4.1666665,-4.8,-8.186703,-342.779,-190.94753,-15.517102,-2.1742296,-1339.4364,352.83813,702.49243,47.05877,-6.700544,-7.546261,20.526558,6.3333335,-5.828435,2.5866666,0.880777,8.0,0.05,1210.8733,0.0042837793,0.17005193,2.2,14.0,2015.0,2.0,2.7,200,8,27
-1.8666667,0.73333335,28.016424,31.879885,-25.126799,2.3057992,5.4869666,3034.778,230.67923,141.21465,1.6759272,6.9617095,6.984213,6.2435074,-2.4666667,3.4943426,-1.6033334,1.557022,8.466666,0.33333334,2149881.0,7.6108985,118.699394,1.5,14.0,2013.0,4.0,-1.6,-6.866667,23.250061,-32.685905,-17.474663,7.5435233,10.510123,82.619934,-11.211823,-51.860207,-9.157236,10.898498,11.313654,-2.184564,-0.8666667,2.8861234,1.03,1.095937,8.666667,0.25,2326181.8,8.238309,124.2351,1.8,14.0,2014.0,1.0,-0.033333335,-1.8,27.63972,-26.42783,7.1095796,10.777774,11.0676985,-244.18126,-34.57531,33.18008,10.298812,10.336183,10.19375,15.126965,0.8,2.6476939,1.04,0.987554,8.466666,0.21666667,3409.6633,0.012058514,0.23251188,1.7,14.0,2014.0,2.0,1.0,0.7,11.790824,27.21053,-4.238152,5.478966,6.287857,-121.37457,-47.29494,25.744972,29.665586,1.4118294,0.85330915,20.79459,1.2,0.24704127,0.9,0.918388,8.1,0.11666667,687628.2,2.4319558,37.420383,1.1,14.0,2014.0,3.0,1.1333333,-2.5333333,-3.94223,7.961705,-26.103615,-3.9285517,-2.1028323,-118.820984,-92.9895,-84.379005,59.2614,-2.2958395,-3.6197019,40.250443,-1.5,-1.5022274,2.2033334,0.903645,8.133333,0.05,2197163.2,7.838527,105.12316,1.9,14.0,2014.0,4.0,0.56666666,0.8,-5.4348235,57.602375,29.434986,-13.315289,-17.100533,-1366.5225,371.56912,576.8165,117.99176,-7.0753903,-9.227399,70.103325,2.6666667,-4.956469,2.85,0.162102,8.166667,0.05,2179838.2,7.710054,106.64043,2.0,14.0,2015.0,1.0,4.1666665,-4.8,-8.186703,-342.779,-190.94753,-15.517102,-2.1742296,-1339.4364,352.83813,702.49243,47.05877,-6.700544,-7.546261,20.526558,6.3333335,-5.828435,2.5866666,0.880777,8.0,0.05,1210.8733,0.0042837793,0.17005193,2.2,14.0,2015.0,2.0,1.1,-5.4333334,-6.644134,-25.15292,-29.086926,-14.888622,-13.823339,190.85129,33.110973,-4.424602,41.770267,0.2787014,-0.61728036,26.238445,2.0,-3.2460258,2.6133332,0.733358,7.733333,0.05,586651.25,2.104475,31.611244,2.7,14.0,2015.0,3.0,1.5,201,8,27
-1.6,-6.866667,23.250061,-32.685905,-17.474663,7.5435233,10.510123,82.619934,-11.211823,-51.860207,-9.157236,10.898498,11.313654,-2.184564,-0.8666667,2.8861234,1.03,1.095937,8.666667,0.25,2326181.8,8.238309,124.2351,1.8,14.0,2014.0,1.0,-0.033333335,-1.8,27.63972,-26.42783,7.1095796,10.777774,11.0676985,-244.18126,-34.57531,33.18008,10.298812,10.336183,10.19375,15.126965,0.8,2.6476939,1.04,0.987554,8.466666,0.21666667,3409.6633,0.012058514,0.23251188,1.7,14.0,2014.0,2.0,1.0,0.7,11.790824,27.21053,-4.238152,5.478966,6.287857,-121.37457,-47.29494,25.744972,29.665586,1.4118294,0.85330915,20.79459,1.2,0.24704127,0.9,0.918388,8.1,0.11666667,687628.2,2.4319558,37.420383,1.1,14.0,2014.0,3.0,1.1333333,-2.5333333,-3.94223,7.961705,-26.103615,-3.9285517,-2.1028323,-118.820984,-92.9895,-84.379005,59.2614,-2.2958395,-3.6197019,40.250443,-1.5,-1.5022274,2.2033334,0.903645,8.133333,0.05,2197163.2,7.838527,105.12316,1.9,14.0,2014.0,4.0,0.56666666,0.8,-5.4348235,57.602375,29.434986,-13.315289,-17.100533,-1366.5225,371.56912,576.8165,117.99176,-7.0753903,-9.227399,70.103325,2.6666667,-4.956469,2.85,0.162102,8.166667,0.05,2179838.2,7.710054,106.64043,2.0,14.0,2015.0,1.0,4.1666665,-4.8,-8.186703,-342.779,-190.94753,-15.517102,-2.1742296,-1339.4364,352.83813,702.49243,47.05877,-6.700544,-7.546261,20.526558,6.3333335,-5.828435,2.5866666,0.880777,8.0,0.05,1210.8733,0.0042837793,0.17005193,2.2,14.0,2015.0,2.0,1.1,-5.4333334,-6.644134,-25.15292,-29.086926,-14.888622,-13.823339,190.85129,33.110973,-4.424602,41.770267,0.2787014,-0.61728036,26.238445,2.0,-3.2460258,2.6133332,0.733358,7.733333,0.05,586651.25,2.104475,31.611244,2.7,14.0,2015.0,3.0,0.6333333,-4.4333334,-0.72341824,-46.45417,4.535508,-7.799669,-8.566535,25.89225,92.245125,44.799118,6.8694034,-0.83788323,-0.6871377,-4.1671395,5.5,-2.4285986,1.5566666,0.620514,7.733333,0.05,2116328.0,7.4913893,100.95921,1.5,14.0,2015.0,4.0,1.8,202,8,27
-0.033333335,-1.8,27.63972,-26.42783,7.1095796,10.777774,11.0676985,-244.18126,-34.57531,33.18008,10.298812,10.336183,10.19375,15.126965,0.8,2.6476939,1.04,0.987554,8.466666,0.21666667,3409.6633,0.012058514,0.23251188,1.7,14.0,2014.0,2.0,1.0,0.7,11.790824,27.21053,-4.238152,5.478966,6.287857,-121.37457,-47.29494,25.744972,29.665586,1.4118294,0.85330915,20.79459,1.2,0.24704127,0.9,0.918388,8.1,0.11666667,687628.2,2.4319558,37.420383,1.1,14.0,2014.0,3.0,1.1333333,-2.5333333,-3.94223,7.961705,-26.103615,-3.9285517,-2.1028323,-118.820984,-92.9895,-84.379005,59.2614,-2.2958395,-3.6197019,40.250443,-1.5,-1.5022274,2.2033334,0.903645,8.133333,0.05,2197163.2,7.838527,105.12316,1.9,14.0,2014.0,4.0,0.56666666,0.8,-5.4348235,57.602375,29.434986,-13.315289,-17.100533,-1366.5225,371.56912,576.8165,117.99176,-7.0753903,-9.227399,70.103325,2.6666667,-4.956469,2.85,0.162102,8.166667,0.05,2179838.2,7.710054,106.64043,2.0,14.0,2015.0,1.0,4.1666665,-4.8,-8.186703,-342.779,-190.94753,-15.517102,-2.1742296,-1339.4364,352.83813,702.49243,47.05877,-6.700544,-7.546261,20.526558,6.3333335,-5.828435,2.5866666,0.880777,8.0,0.05,1210.8733,0.0042837793,0.17005193,2.2,14.0,2015.0,2.0,1.1,-5.4333334,-6.644134,-25.15292,-29.086926,-14.888622,-13.823339,190.85129,33.110973,-4.424602,41.770267,0.2787014,-0.61728036,26.238445,2.0,-3.2460258,2.6133332,0.733358,7.733333,0.05,586651.25,2.104475,31.611244,2.7,14.0,2015.0,3.0,0.6333333,-4.4333334,-0.72341824,-46.45417,4.535508,-7.799669,-8.566535,25.89225,92.245125,44.799118,6.8694034,-0.83788323,-0.6871377,-4.1671395,5.5,-2.4285986,1.5566666,0.620514,7.733333,0.05,2116328.0,7.4913893,100.95921,1.5,14.0,2015.0,4.0,-3.1666667,-0.46666667,-5.4026628,-60.772404,-45.285706,-7.2539,-1.9967725,54.759655,-53.54535,-54.08394,1.0035343,9.03608,9.148761,6.8795967,-4.366667,1.5501819,0.42333335,0.583297,7.433333,0.033333335,2084744.1,7.415374,91.763176,1.8,14.0,2016.0,1.0,2.1,203,8,27
1.0,0.7,11.790824,27.21053,-4.238152,5.478966,6.287857,-121.37457,-47.29494,25.744972,29.665586,1.4118294,0.85330915,20.79459,1.2,0.24704127,0.9,0.918388,8.1,0.11666667,687628.2,2.4319558,37.420383,1.1,14.0,2014.0,3.0,1.1333333,-2.5333333,-3.94223,7.961705,-26.103615,-3.9285517,-2.1028323,-118.820984,-92.9895,-84.379005,59.2614,-2.2958395,-3.6197019,40.250443,-1.5,-1.5022274,2.2033334,0.903645,8.133333,0.05,2197163.2,7.838527,105.12316,1.9,14.0,2014.0,4.0,0.56666666,0.8,-5.4348235,57.602375,29.434986,-13.315289,-17.100533,-1366.5225,371.56912,576.8165,117.99176,-7.0753903,-9.227399,70.103325,2.6666667,-4.956469,2.85,0.162102,8.166667,0.05,2179838.2,7.710054,106.64043,2.0,14.0,2015.0,1.0,4.1666665,-4.8,-8.186703,-342.779,-190.94753,-15.517102,-2.1742296,-1339.4364,352.83813,702.49243,47.05877,-6.700544,-7.546261,20.526558,6.3333335,-5.828435,2.5866666,0.880777,8.0,0.05,1210.8733,0.0042837793,0.17005193,2.2,14.0,2015.0,2.0,1.1,-5.4333334,-6.644134,-25.15292,-29.086926,-14.888622,-13.823339,190.85129,33.110973,-4.424602,41.770267,0.2787014,-0.61728036,26.238445,2.0,-3.2460258,2.6133332,0.733358,7.733333,0.05,586651.25,2.104475,31.611244,2.7,14.0,2015.0,3.0,0.6333333,-4.4333334,-0.72341824,-46.45417,4.535508,-7.799669,-8.566535,25.89225,92.245125,44.799118,6.8694034,-0.83788323,-0.6871377,-4.1671395,5.5,-2.4285986,1.5566666,0.620514,7.733333,0.05,2116328.0,7.4913893,100.95921,1.5,14.0,2015.0,4.0,-3.1666667,-0.46666667,-5.4026628,-60.772404,-45.285706,-7.2539,-1.9967725,54.759655,-53.54535,-54.08394,1.0035343,9.03608,9.148761,6.8795967,-4.366667,1.5501819,0.42333335,0.583297,7.433333,0.033333335,2084744.1,7.415374,91.763176,1.8,14.0,2016.0,1.0,-2.4333334,3.0333333,-3.4438176,154.9681,153.08714,0.34163067,-10.507348,94.27821,-73.03455,-86.48968,45.455887,6.8133297,5.2948155,44.313805,-5.4,2.847464,0.9433333,0.00332,7.233333,0.0,34982.62,0.12371657,0.8808236,2.1,14.0,2016.0,2.0,2.6,204,8,27
1.1333333,-2.5333333,-3.94223,7.961705,-26.103615,-3.9285517,-2.1028323,-118.820984,-92.9895,-84.379005,59.2614,-2.2958395,-3.6197019,40.250443,-1.5,-1.5022274,2.2033334,0.903645,8.133333,0.05,2197163.2,7.838527,105.12316,1.9,14.0,2014.0,4.0,0.56666666,0.8,-5.4348235,57.602375,29.434986,-13.315289,-17.100533,-1366.5225,371.56912,576.8165,117.99176,-7.0753903,-9.227399,70.103325,2.6666667,-4.956469,2.85,0.162102,8.166667,0.05,2179838.2,7.710054,106.64043,2.0,14.0,2015.0,1.0,4.1666665,-4.8,-8.186703,-342.779,-190.94753,-15.517102,-2.1742296,-1339.4364,352.83813,702.49243,47.05877,-6.700544,-7.546261,20.526558,6.3333335,-5.828435,2.5866666,0.880777,8.0,0.05,1210.8733,0.0042837793,0.17005193,2.2,14.0,2015.0,2.0,1.1,-5.4333334,-6.644134,-25.15292,-29.086926,-14.888622,-13.823339,190.85129,33.110973,-4.424602,41.770267,0.2787014,-0.61728036,26.238445,2.0,-3.2460258,2.6133332,0.733358,7.733333,0.05,586651.25,2.104475,31.611244,2.7,14.0,2015.0,3.0,0.6333333,-4.4333334,-0.72341824,-46.45417,4.535508,-7.799669,-8.566535,25.89225,92.245125,44.799118,6.8694034,-0.83788323,-0.6871377,-4.1671395,5.5,-2.4285986,1.5566666,0.620514,7.733333,0.05,2116328.0,7.4913893,100.95921,1.5,14.0,2015.0,4.0,-3.1666667,-0.46666667,-5.4026628,-60.772404,-45.285706,-7.2539,-1.9967725,54.759655,-53.54535,-54.08394,1.0035343,9.03608,9.148761,6.8795967,-4.366667,1.5501819,0.42333335,0.583297,7.433333,0.033333335,2084744.1,7.415374,91.763176,1.8,14.0,2016.0,1.0,-2.4333334,3.0333333,-3.4438176,154.9681,153.08714,0.34163067,-10.507348,94.27821,-73.03455,-86.48968,45.455887,6.8133297,5.2948155,44.313805,-5.4,2.847464,0.9433333,0.00332,7.233333,0.0,34982.62,0.12371657,0.8808236,2.1,14.0,2016.0,2.0,0.93333334,0.56666666,2.7229016,-14.002792,-18.656376,0.7254897,1.9216172,-107.72676,-25.885183,-12.846698,43.576046,7.5017633,5.943812,43.038815,-1.1,1.3706465,1.2366667,0.006618,6.833333,0.0,674960.5,2.4192178,53.90267,2.6,14.0,2016.0,3.0,3.2,205,8,27
0.56666666,0.8,-5.4348235,57.602375,29.434986,-13.315289,-17.100533,-1366.5225,371.56912,576.8165,117.99176,-7.0753903,-9.227399,70.103325,2.6666667,-4.956469,2.85,0.162102,8.166667,0.05,2179838.2,7.710054,106.64043,2.0,14.0,2015.0,1.0,4.1666665,-4.8,-8.186703,-342.779,-190.94753,-15.517102,-2.1742296,-1339.4364,352.83813,702.49243,47.05877,-6.700544,-7.546261,20.526558,6.3333335,-5.828435,2.5866666,0.880777,8.0,0.05,1210.8733,0.0042837793,0.17005193,2.2,14.0,2015.0,2.0,1.1,-5.4333334,-6.644134,-25.15292,-29.086926,-14.888622,-13.823339,190.85129,33.110973,-4.424602,41.770267,0.2787014,-0.61728036,26.238445,2.0,-3.2460258,2.6133332,0.733358,7.733333,0.05,586651.25,2.104475,31.611244,2.7,14.0,2015.0,3.0,0.6333333,-4.4333334,-0.72341824,-46.45417,4.535508,-7.799669,-8.566535,25.89225,92.245125,44.799118,6.8694034,-0.83788323,-0.6871377,-4.1671395,5.5,-2.4285986,1.5566666,0.620514,7.733333,0.05,2116328.0,7.4913893,100.95921,1.5,14.0,2015.0,4.0,-3.1666667,-0.46666667,-5.4026628,-60.772404,-45.285706,-7.2539,-1.9967725,54.759655,-53.54535,-54.08394,1.0035343,9.03608,9.148761,6.8795967,-4.366667,1.5501819,0.42333335,0.583297,7.433333,0.033333335,2084744.1,7.415374,91.763176,1.8,14.0,2016.0,1.0,-2.4333334,3.0333333,-3.4438176,154.9681,153.08714,0.34163067,-10.507348,94.27821,-73.03455,-86.48968,45.455887,6.8133297,5.2948155,44.313805,-5.4,2.847464,0.9433333,0.00332,7.233333,0.0,34982.62,0.12371657,0.8808236,2.1,14.0,2016.0,2.0,0.93333334,0.56666666,2.7229016,-14.002792,-18.656376,0.7254897,1.9216172,-107.72676,-25.885183,-12.846698,43.576046,7.5017633,5.943812,43.038815,-1.1,1.3706465,1.2366667,0.006618,6.833333,0.0,674960.5,2.4192178,53.90267,2.6,14.0,2016.0,3.0,6.0666666,2.1333334,1.1567417,18.021528,23.40156,0.7152639,-0.896207,-325.31067,-0.68142825,66.3251,28.632957,3.593628,2.6782763,24.543522,3.3666666,1.1156753,3.31,0.680023,6.533333,0.0,2003568.4,7.096249,94.89985,3.2,14.0,2016.0,4.0,3.1,206,8,27
4.1666665,-4.8,-8.186703,-342.779,-190.94753,-15.517102,-2.1742296,-1339.4364,352.83813,702.49243,47.05877,-6.700544,-7.546261,20.526558,6.3333335,-5.828435,2.5866666,0.880777,8.0,0.05,1210.8733,0.0042837793,0.17005193,2.2,14.0,2015.0,2.0,1.1,-5.4333334,-6.644134,-25.15292,-29.086926,-14.888622,-13.823339,190.85129,33.110973,-4.424602,41.770267,0.2787014,-0.61728036,26.238445,2.0,-3.2460258,2.6133332,0.733358,7.733333,0.05,586651.25,2.104475,31.611244,2.7,14.0,2015.0,3.0,0.6333333,-4.4333334,-0.72341824,-46.45417,4.535508,-7.799669,-8.566535,25.89225,92.245125,44.799118,6.8694034,-0.83788323,-0.6871377,-4.1671395,5.5,-2.4285986,1.5566666,0.620514,7.733333,0.05,2116328.0,7.4913893,100.95921,1.5,14.0,2015.0,4.0,-3.1666667,-0.46666667,-5.4026628,-60.772404,-45.285706,-7.2539,-1.9967725,54.759655,-53.54535,-54.08394,1.0035343,9.03608,9.148761,6.8795967,-4.366667,1.5501819,0.42333335,0.583297,7.433333,0.033333335,2084744.1,7.415374,91.763176,1.8,14.0,2016.0,1.0,-2.4333334,3.0333333,-3.4438176,154.9681,153.08714,0.34163067,-10.507348,94.27821,-73.03455,-86.48968,45.455887,6.8133297,5.2948155,44.313805,-5.4,2.847464,0.9433333,0.00332,7.233333,0.0,34982.62,0.12371657,0.8808236,2.1,14.0,2016.0,2.0,0.93333334,0.56666666,2.7229016,-14.002792,-18.656376,0.7254897,1.9216172,-107.72676,-25.885183,-12.846698,43.576046,7.5017633,5.943812,43.038815,-1.1,1.3706465,1.2366667,0.006618,6.833333,0.0,674960.5,2.4192178,53.90267,2.6,14.0,2016.0,3.0,6.0666666,2.1333334,1.1567417,18.021528,23.40156,0.7152639,-0.896207,-325.31067,-0.68142825,66.3251,28.632957,3.593628,2.6782763,24.543522,3.3666666,1.1156753,3.31,0.680023,6.533333,0.0,2003568.4,7.096249,94.89985,3.2,14.0,2016.0,4.0,18.0,1.4333333,10.691076,61.511116,39.33488,4.846108,2.1845264,37.376682,-36.32934,-36.78704,8.686808,0.82555825,0.762288,2.0621383,16.6,-0.46665418,2.8966668,1.52856,6.3,0.0,2093718.2,7.405899,82.98936,3.1,14.0,2017.0,1.0,2.8,207,8,27
1.1,-5.4333334,-6.644134,-25.15292,-29.086926,-14.888622,-13.823339,190.85129,33.110973,-4.424602,41.770267,0.2787014,-0.61728036,26.238445,2.0,-3.2460258,2.6133332,0.733358,7.733333,0.05,586651.25,2.104475,31.611244,2.7,14.0,2015.0,3.0,0.6333333,-4.4333334,-0.72341824,-46.45417,4.535508,-7.799669,-8.566535,25.89225,92.245125,44.799118,6.8694034,-0.83788323,-0.6871377,-4.1671395,5.5,-2.4285986,1.5566666,0.620514,7.733333,0.05,2116328.0,7.4913893,100.95921,1.5,14.0,2015.0,4.0,-3.1666667,-0.46666667,-5.4026628,-60.772404,-45.285706,-7.2539,-1.9967725,54.759655,-53.54535,-54.08394,1.0035343,9.03608,9.148761,6.8795967,-4.366667,1.5501819,0.42333335,0.583297,7.433333,0.033333335,2084744.1,7.415374,91.763176,1.8,14.0,2016.0,1.0,-2.4333334,3.0333333,-3.4438176,154.9681,153.08714,0.34163067,-10.507348,94.27821,-73.03455,-86.48968,45.455887,6.8133297,5.2948155,44.313805,-5.4,2.847464,0.9433333,0.00332,7.233333,0.0,34982.62,0.12371657,0.8808236,2.1,14.0,2016.0,2.0,0.93333334,0.56666666,2.7229016,-14.002792,-18.656376,0.7254897,1.9216172,-107.72676,-25.885183,-12.846698,43.576046,7.5017633,5.943812,43.038815,-1.1,1.3706465,1.2366667,0.006618,6.833333,0.0,674960.5,2.4192178,53.90267,2.6,14.0,2016.0,3.0,6.0666666,2.1333334,1.1567417,18.021528,23.40156,0.7152639,-0.896207,-325.31067,-0.68142825,66.3251,28.632957,3.593628,2.6782763,24.543522,3.3666666,1.1156753,3.31,0.680023,6.533333,0.0,2003568.4,7.096249,94.89985,3.2,14.0,2016.0,4.0,18.0,1.4333333,10.691076,61.511116,39.33488,4.846108,2.1845264,37.376682,-36.32934,-36.78704,8.686808,0.82555825,0.762288,2.0621383,16.6,-0.46665418,2.8966668,1.52856,6.3,0.0,2093718.2,7.405899,82.98936,3.1,14.0,2017.0,1.0,10.9,-0.16666667,18.410908,-20.64436,22.184944,3.756235,2.9832356,-31.95483,-22.149193,-7.6363106,-3.040432,6.8291264,7.226536,-0.33157003,10.4,0.06933139,3.7233334,1.248174,6.066667,0.0,79355.77,0.28064215,3.4652028,2.8,14.0,2017.0,2.0,2.7,208,8,27
0.6333333,-4.4333334,-0.72341824,-46.45417,4.535508,-7.799669,-8.566535,25.89225,92.245125,44.799118,6.8694034,-0.83788323,-0.6871377,-4.1671395,5.5,-2.4285986,1.5566666,0.620514,7.733333,0.05,2116328.0,7.4913893,100.95921,1.5,14.0,2015.0,4.0,-3.1666667,-0.46666667,-5.4026628,-60.772404,-45.285706,-7.2539,-1.9967725,54.759655,-53.54535,-54.08394,1.0035343,9.03608,9.148761,6.8795967,-4.366667,1.5501819,0.42333335,0.583297,7.433333,0.033333335,2084744.1,7.415374,91.763176,1.8,14.0,2016.0,1.0,-2.4333334,3.0333333,-3.4438176,154.9681,153.08714,0.34163067,-10.507348,94.27821,-73.03455,-86.48968,45.455887,6.8133297,5.2948155,44.313805,-5.4,2.847464,0.9433333,0.00332,7.233333,0.0,34982.62,0.12371657,0.8808236,2.1,14.0,2016.0,2.0,0.93333334,0.56666666,2.7229016,-14.002792,-18.656376,0.7254897,1.9216172,-107.72676,-25.885183,-12.846698,43.576046,7.5017633,5.943812,43.038815,-1.1,1.3706465,1.2366667,0.006618,6.833333,0.0,674960.5,2.4192178,53.90267,2.6,14.0,2016.0,3.0,6.0666666,2.1333334,1.1567417,18.021528,23.40156,0.7152639,-0.896207,-325.31067,-0.68142825,66.3251,28.632957,3.593628,2.6782763,24.543522,3.3666666,1.1156753,3.31,0.680023,6.533333,0.0,2003568.4,7.096249,94.89985,3.2,14.0,2016.0,4.0,18.0,1.4333333,10.691076,61.511116,39.33488,4.846108,2.1845264,37.376682,-36.32934,-36.78704,8.686808,0.82555825,0.762288,2.0621383,16.6,-0.46665418,2.8966668,1.52856,6.3,0.0,2093718.2,7.405899,82.98936,3.1,14.0,2017.0,1.0,10.9,-0.16666667,18.410908,-20.64436,22.184944,3.756235,2.9832356,-31.95483,-22.149193,-7.6363106,-3.040432,6.8291264,7.226536,-0.33157003,10.4,0.06933139,3.7233334,1.248174,6.066667,0.0,79355.77,0.28064215,3.4652028,2.8,14.0,2017.0,2.0,10.633333,1.8666667,23.498178,28.46662,63.13733,11.783974,9.254629,2877.0771,44.3757,3.1122427,-14.691019,7.1140127,8.112834,-9.760721,10.466666,2.2513387,3.5466666,1.389762,5.766667,0.0,649018.4,2.2952814,34.032455,2.7,14.0,2017.0,3.0,2.5,209,8,27
-3.1666667,-0.46666667,-5.4026628,-60.772404,-45.285706,-7.2539,-1.9967725,54.759655,-53.54535,-54.08394,1.0035343,9.03608,9.148761,6.8795967,-4.366667,1.5501819,0.42333335,0.583297,7.433333,0.033333335,2084744.1,7.415374,91.763176,1.8,14.0,2016.0,1.0,-2.4333334,3.0333333,-3.4438176,154.9681,153.08714,0.34163067,-10.507348,94.27821,-73.03455,-86.48968,45.455887,6.8133297,5.2948155,44.313805,-5.4,2.847464,0.9433333,0.00332,7.233333,0.0,34982.62,0.12371657,0.8808236,2.1,14.0,2016.0,2.0,0.93333334,0.56666666,2.7229016,-14.002792,-18.656376,0.7254897,1.9216172,-107.72676,-25.885183,-12.846698,43.576046,7.5017633,5.943812,43.038815,-1.1,1.3706465,1.2366667,0.006618,6.833333,0.0,674960.5,2.4192178,53.90267,2.6,14.0,2016.0,3.0,6.0666666,2.1333334,1.1567417,18.021528,23.40156,0.7152639,-0.896207,-325.31067,-0.68142825,66.3251,28.632957,3.593628,2.6782763,24.543522,3.3666666,1.1156753,3.31,0.680023,6.533333,0.0,2003568.4,7.096249,94.89985,3.2,14.0,2016.0,4.0,18.0,1.4333333,10.691076,61.511116,39.33488,4.846108,2.1845264,37.376682,-36.32934,-36.78704,8.686808,0.82555825,0.762288,2.0621383,16.6,-0.46665418,2.8966668,1.52856,6.3,0.0,2093718.2,7.405899,82.98936,3.1,14.0,2017.0,1.0,10.9,-0.16666667,18.410908,-20.64436,22.184944,3.756235,2.9832356,-31.95483,-22.149193,-7.6363106,-3.040432,6.8291264,7.226536,-0.33157003,10.4,0.06933139,3.7233334,1.248174,6.066667,0.0,79355.77,0.28064215,3.4652028,2.8,14.0,2017.0,2.0,10.633333,1.8666667,23.498178,28.46662,63.13733,11.783974,9.254629,2877.0771,44.3757,3.1122427,-14.691019,7.1140127,8.112834,-9.760721,10.466666,2.2513387,3.5466666,1.389762,5.766667,0.0,649018.4,2.2952814,34.032455,2.7,14.0,2017.0,3.0,8.466666,2.3333333,29.063696,38.0969,18.605017,14.99604,14.676833,107.82321,-5.5446053,-59.302635,2.284319,14.453746,14.351964,16.374289,11.9,2.6610804,2.4733334,1.360792,5.433333,0.0,2014362.1,7.1238027,90.34394,2.5,14.0,2017.0,4.0,2.6,210,8,27
-2.4333334,3.0333333,-3.4438176,154.9681,153.08714,0.34163067,-10.507348,94.27821,-73.03455,-86.48968,45.455887,6.8133297,5.2948155,44.313805,-5.4,2.847464,0.9433333,0.00332,7.233333,0.0,34982.62,0.12371657,0.8808236,2.1,14.0,2016.0,2.0,0.93333334,0.56666666,2.7229016,-14.002792,-18.656376,0.7254897,1.9216172,-107.72676,-25.885183,-12.846698,43.576046,7.5017633,5.943812,43.038815,-1.1,1.3706465,1.2366667,0.006618,6.833333,0.0,674960.5,2.4192178,53.90267,2.6,14.0,2016.0,3.0,6.0666666,2.1333334,1.1567417,18.021528,23.40156,0.7152639,-0.896207,-325.31067,-0.68142825,66.3251,28.632957,3.593628,2.6782763,24.543522,3.3666666,1.1156753,3.31,0.680023,6.533333,0.0,2003568.4,7.096249,94.89985,3.2,14.0,2016.0,4.0,18.0,1.4333333,10.691076,61.511116,39.33488,4.846108,2.1845264,37.376682,-36.32934,-36.78704,8.686808,0.82555825,0.762288,2.0621383,16.6,-0.46665418,2.8966668,1.52856,6.3,0.0,2093718.2,7.405899,82.98936,3.1,14.0,2017.0,1.0,10.9,-0.16666667,18.410908,-20.64436,22.184944,3.756235,2.9832356,-31.95483,-22.149193,-7.6363106,-3.040432,6.8291264,7.226536,-0.33157003,10.4,0.06933139,3.7233334,1.248174,6.066667,0.0,79355.77,0.28064215,3.4652028,2.8,14.0,2017.0,2.0,10.633333,1.8666667,23.498178,28.46662,63.13733,11.783974,9.254629,2877.0771,44.3757,3.1122427,-14.691019,7.1140127,8.112834,-9.760721,10.466666,2.2513387,3.5466666,1.389762,5.766667,0.0,649018.4,2.2952814,34.032455,2.7,14.0,2017.0,3.0,8.466666,2.3333333,29.063696,38.0969,18.605017,14.99604,14.676833,107.82321,-5.5446053,-59.302635,2.284319,14.453746,14.351964,16.374289,11.9,2.6610804,2.4733334,1.360792,5.433333,0.0,2014362.1,7.1238027,90.34394,2.5,14.0,2017.0,4.0,3.8,3.5,26.32312,45.62429,12.266341,23.67095,24.87105,35.19712,-28.085814,-31.164547,3.8375168,13.307445,12.977801,19.66807,6.133333,3.768434,2.5133333,1.228209,5.1,0.0,1947936.6,6.8888884,72.150856,2.6,14.0,2018.0,1.0,2.6,211,8,27
0.93333334,0.56666666,2.7229016,-14.002792,-18.656376,0.7254897,1.9216172,-107.72676,-25.885183,-12.846698,43.576046,7.5017633,5.943812,43.038815,-1.1,1.3706465,1.2366667,0.006618,6.833333,0.0,674960.5,2.4192178,53.90267,2.6,14.0,2016.0,3.0,6.0666666,2.1333334,1.1567417,18.021528,23.40156,0.7152639,-0.896207,-325.31067,-0.68142825,66.3251,28.632957,3.593628,2.6782763,24.543522,3.3666666,1.1156753,3.31,0.680023,6.533333,0.0,2003568.4,7.096249,94.89985,3.2,14.0,2016.0,4.0,18.0,1.4333333,10.691076,61.511116,39.33488,4.846108,2.1845264,37.376682,-36.32934,-36.78704,8.686808,0.82555825,0.762288,2.0621383,16.6,-0.46665418,2.8966668,1.52856,6.3,0.0,2093718.2,7.405899,82.98936,3.1,14.0,2017.0,1.0,10.9,-0.16666667,18.410908,-20.64436,22.184944,3.756235,2.9832356,-31.95483,-22.149193,-7.6363106,-3.040432,6.8291264,7.226536,-0.33157003,10.4,0.06933139,3.7233334,1.248174,6.066667,0.0,79355.77,0.28064215,3.4652028,2.8,14.0,2017.0,2.0,10.633333,1.8666667,23.498178,28.46662,63.13733,11.783974,9.254629,2877.0771,44.3757,3.1122427,-14.691019,7.1140127,8.112834,-9.760721,10.466666,2.2513387,3.5466666,1.389762,5.766667,0.0,649018.4,2.2952814,34.032455,2.7,14.0,2017.0,3.0,8.466666,2.3333333,29.063696,38.0969,18.605017,14.99604,14.676833,107.82321,-5.5446053,-59.302635,2.284319,14.453746,14.351964,16.374289,11.9,2.6610804,2.4733334,1.360792,5.433333,0.0,2014362.1,7.1238027,90.34394,2.5,14.0,2017.0,4.0,3.8,3.5,26.32312,45.62429,12.266341,23.67095,24.87105,35.19712,-28.085814,-31.164547,3.8375168,13.307445,12.977801,19.66807,6.133333,3.768434,2.5133333,1.228209,5.1,0.0,1947936.6,6.8888884,72.150856,2.6,14.0,2018.0,1.0,6.9,2.6333334,11.374775,21.657219,30.403702,18.912296,18.340412,23.236982,22.018862,4.675919,5.759787,3.8534334,3.6374207,8.040797,8.0,2.5788522,3.7066667,1.518033,4.9,0.0,1801.4366,0.0021632526,0.08291871,2.6,14.0,2018.0,2.0,2.1,212,8,27
6.0666666,2.1333334,1.1567417,18.021528,23.40156,0.7152639,-0.896207,-325.31067,-0.68142825,66.3251,28.632957,3.593628,2.6782763,24.543522,3.3666666,1.1156753,3.31,0.680023,6.533333,0.0,2003568.4,7.096249,94.89985,3.2,14.0,2016.0,4.0,18.0,1.4333333,10.691076,61.511116,39.33488,4.846108,2.1845264,37.376682,-36.32934,-36.78704,8.686808,0.82555825,0.762288,2.0621383,16.6,-0.46665418,2.8966668,1.52856,6.3,0.0,2093718.2,7.405899,82.98936,3.1,14.0,2017.0,1.0,10.9,-0.16666667,18.410908,-20.64436,22.184944,3.756235,2.9832356,-31.95483,-22.149193,-7.6363106,-3.040432,6.8291264,7.226536,-0.33157003,10.4,0.06933139,3.7233334,1.248174,6.066667,0.0,79355.77,0.28064215,3.4652028,2.8,14.0,2017.0,2.0,10.633333,1.8666667,23.498178,28.46662,63.13733,11.783974,9.254629,2877.0771,44.3757,3.1122427,-14.691019,7.1140127,8.112834,-9.760721,10.466666,2.2513387,3.5466666,1.389762,5.766667,0.0,649018.4,2.2952814,34.032455,2.7,14.0,2017.0,3.0,8.466666,2.3333333,29.063696,38.0969,18.605017,14.99604,14.676833,107.82321,-5.5446053,-59.302635,2.284319,14.453746,14.351964,16.374289,11.9,2.6610804,2.4733334,1.360792,5.433333,0.0,2014362.1,7.1238027,90.34394,2.5,14.0,2017.0,4.0,3.8,3.5,26.32312,45.62429,12.266341,23.67095,24.87105,35.19712,-28.085814,-31.164547,3.8375168,13.307445,12.977801,19.66807,6.133333,3.768434,2.5133333,1.228209,5.1,0.0,1947936.6,6.8888884,72.150856,2.6,14.0,2018.0,1.0,6.9,2.6333334,11.374775,21.657219,30.403702,18.912296,18.340412,23.236982,22.018862,4.675919,5.759787,3.8534334,3.6374207,8.040797,8.0,2.5788522,3.7066667,1.518033,4.9,0.0,1801.4366,0.0021632526,0.08291871,2.6,14.0,2018.0,2.0,9.866667,1.8,3.7528439,22.751549,17.304783,10.651995,10.162716,-26.497477,-24.765684,-24.106905,20.612858,-0.17749473,-1.0884981,18.262072,11.0,1.1202538,2.93,2.02996,4.866667,0.0,729678.4,2.5827827,49.55258,2.1,14.0,2018.0,3.0,1.7,213,8,27
18.0,1.4333333,10.691076,61.511116,39.33488,4.846108,2.1845264,37.376682,-36.32934,-36.78704,8.686808,0.82555825,0.762288,2.0621383,16.6,-0.46665418,2.8966668,1.52856,6.3,0.0,2093718.2,7.405899,82.98936,3.1,14.0,2017.0,1.0,10.9,-0.16666667,18.410908,-20.64436,22.184944,3.756235,2.9832356,-31.95483,-22.149193,-7.6363106,-3.040432,6.8291264,7.226536,-0.33157003,10.4,0.06933139,3.7233334,1.248174,6.066667,0.0,79355.77,0.28064215,3.4652028,2.8,14.0,2017.0,2.0,10.633333,1.8666667,23.498178,28.46662,63.13733,11.783974,9.254629,2877.0771,44.3757,3.1122427,-14.691019,7.1140127,8.112834,-9.760721,10.466666,2.2513387,3.5466666,1.389762,5.766667,0.0,649018.4,2.2952814,34.032455,2.7,14.0,2017.0,3.0,8.466666,2.3333333,29.063696,38.0969,18.605017,14.99604,14.676833,107.82321,-5.5446053,-59.302635,2.284319,14.453746,14.351964,16.374289,11.9,2.6610804,2.4733334,1.360792,5.433333,0.0,2014362.1,7.1238027,90.34394,2.5,14.0,2017.0,4.0,3.8,3.5,26.32312,45.62429,12.266341,23.67095,24.87105,35.19712,-28.085814,-31.164547,3.8375168,13.307445,12.977801,19.66807,6.133333,3.768434,2.5133333,1.228209,5.1,0.0,1947936.6,6.8888884,72.150856,2.6,14.0,2018.0,1.0,6.9,2.6333334,11.374775,21.657219,30.403702,18.912296,18.340412,23.236982,22.018862,4.675919,5.759787,3.8534334,3.6374207,8.040797,8.0,2.5788522,3.7066667,1.518033,4.9,0.0,1801.4366,0.0021632526,0.08291871,2.6,14.0,2018.0,2.0,9.866667,1.8,3.7528439,22.751549,17.304783,10.651995,10.162716,-26.497477,-24.765684,-24.106905,20.612858,-0.17749473,-1.0884981,18.262072,11.0,1.1202538,2.93,2.02996,4.866667,0.0,729678.4,2.5827827,49.55258,2.1,14.0,2018.0,3.0,6.5,-0.9,-11.38181,13.095728,6.587756,4.4560523,4.2610483,-868.0999,-41.833206,41.6497,24.687798,-5.3004484,-6.613381,19.042894,5.9333334,0.5979873,2.6566668,2.03175,4.633333,0.0,2122650.0,7.506764,93.163086,1.7,14.0,2018.0,4.0,2.2,214,8,27
10.9,-0.16666667,18.410908,-20.64436,22.184944,3.756235,2.9832356,-31.95483,-22.149193,-7.6363106,-3.040432,6.8291264,7.226536,-0.33157003,10.4,0.06933139,3.7233334,1.248174,6.066667,0.0,79355.77,0.28064215,3.4652028,2.8,14.0,2017.0,2.0,10.633333,1.8666667,23.498178,28.46662,63.13733,11.783974,9.254629,2877.0771,44.3757,3.1122427,-14.691019,7.1140127,8.112834,-9.760721,10.466666,2.2513387,3.5466666,1.389762,5.766667,0.0,649018.4,2.2952814,34.032455,2.7,14.0,2017.0,3.0,8.466666,2.3333333,29.063696,38.0969,18.605017,14.99604,14.676833,107.82321,-5.5446053,-59.302635,2.284319,14.453746,14.351964,16.374289,11.9,2.6610804,2.4733334,1.360792,5.433333,0.0,2014362.1,7.1238027,90.34394,2.5,14.0,2017.0,4.0,3.8,3.5,26.32312,45.62429,12.266341,23.67095,24.87105,35.19712,-28.085814,-31.164547,3.8375168,13.307445,12.977801,19.66807,6.133333,3.768434,2.5133333,1.228209,5.1,0.0,1947936.6,6.8888884,72.150856,2.6,14.0,2018.0,1.0,6.9,2.6333334,11.374775,21.657219,30.403702,18.912296,18.340412,23.236982,22.018862,4.675919,5.759787,3.8534334,3.6374207,8.040797,8.0,2.5788522,3.7066667,1.518033,4.9,0.0,1801.4366,0.0021632526,0.08291871,2.6,14.0,2018.0,2.0,9.866667,1.8,3.7528439,22.751549,17.304783,10.651995,10.162716,-26.497477,-24.765684,-24.106905,20.612858,-0.17749473,-1.0884981,18.262072,11.0,1.1202538,2.93,2.02996,4.866667,0.0,729678.4,2.5827827,49.55258,2.1,14.0,2018.0,3.0,6.5,-0.9,-11.38181,13.095728,6.587756,4.4560523,4.2610483,-868.0999,-41.833206,41.6497,24.687798,-5.3004484,-6.613381,19.042894,5.9333334,0.5979873,2.6566668,2.03175,4.633333,0.0,2122650.0,7.506764,93.163086,1.7,14.0,2018.0,4.0,4.5666666,-1.3333334,-7.1099935,-23.24362,-19.686907,-8.638904,-7.593682,-32.790806,-5.865029,9.890021,30.689137,-5.825167,-7.1971865,19.168552,5.0333333,-0.80168873,2.28,2.54077,4.466667,0.0,2107034.2,7.452052,82.3127,2.2,14.0,2019.0,1.0,2.2,215,8,27
10.633333,1.8666667,23.498178,28.46662,63.13733,11.783974,9.254629,2877.0771,44.3757,3.1122427,-14.691019,7.1140127,8.112834,-9.760721,10.466666,2.2513387,3.5466666,1.389762,5.766667,0.0,649018.4,2.2952814,34.032455,2.7,14.0,2017.0,3.0,8.466666,2.3333333,29.063696,38.0969,18.605017,14.99604,14.676833,107.82321,-5.5446053,-59.302635,2.284319,14.453746,14.351964,16.374289,11.9,2.6610804,2.4733334,1.360792,5.433333,0.0,2014362.1,7.1238027,90.34394,2.5,14.0,2017.0,4.0,3.8,3.5,26.32312,45.62429,12.266341,23.67095,24.87105,35.19712,-28.085814,-31.164547,3.8375168,13.307445,12.977801,19.66807,6.133333,3.768434,2.5133333,1.228209,5.1,0.0,1947936.6,6.8888884,72.150856,2.6,14.0,2018.0,1.0,6.9,2.6333334,11.374775,21.657219,30.403702,18.912296,18.340412,23.236982,22.018862,4.675919,5.759787,3.8534334,3.6374207,8.040797,8.0,2.5788522,3.7066667,1.518033,4.9,0.0,1801.4366,0.0021632526,0.08291871,2.6,14.0,2018.0,2.0,9.866667,1.8,3.7528439,22.751549,17.304783,10.651995,10.162716,-26.497477,-24.765684,-24.106905,20.612858,-0.17749473,-1.0884981,18.262072,11.0,1.1202538,2.93,2.02996,4.866667,0.0,729678.4,2.5827827,49.55258,2.1,14.0,2018.0,3.0,6.5,-0.9,-11.38181,13.095728,6.587756,4.4560523,4.2610483,-868.0999,-41.833206,41.6497,24.687798,-5.3004484,-6.613381,19.042894,5.9333334,0.5979873,2.6566668,2.03175,4.633333,0.0,2122650.0,7.506764,93.163086,1.7,14.0,2018.0,4.0,4.5666666,-1.3333334,-7.1099935,-23.24362,-19.686907,-8.638904,-7.593682,-32.790806,-5.865029,9.890021,30.689137,-5.825167,-7.1971865,19.168552,5.0333333,-0.80168873,2.28,2.54077,4.466667,0.0,2107034.2,7.452052,82.3127,2.2,14.0,2019.0,1.0,3.5,-1.8333334,-2.6785975,-32.628784,-40.917953,-7.116123,-5.2624536,67.77727,0.7616508,-18.49987,40.449768,-0.47558537,-2.4962423,37.09804,5.633333,-0.4125427,2.0766666,2.658011,4.333333,0.0,84530.81,0.2989437,3.7243145,2.2,14.0,2019.0,2.0,2.5,216,8,27
8.466666,2.3333333,29.063696,38.0969,18.605017,14.99604,14.676833,107.82321,-5.5446053,-59.302635,2.284319,14.453746,14.351964,16.374289,11.9,2.6610804,2.4733334,1.360792,5.433333,0.0,2014362.1,7.1238027,90.34394,2.5,14.0,2017.0,4.0,3.8,3.5,26.32312,45.62429,12.266341,23.67095,24.87105,35.19712,-28.085814,-31.164547,3.8375168,13.307445,12.977801,19.66807,6.133333,3.768434,2.5133333,1.228209,5.1,0.0,1947936.6,6.8888884,72.150856,2.6,14.0,2018.0,1.0,6.9,2.6333334,11.374775,21.657219,30.403702,18.912296,18.340412,23.236982,22.018862,4.675919,5.759787,3.8534334,3.6374207,8.040797,8.0,2.5788522,3.7066667,1.518033,4.9,0.0,1801.4366,0.0021632526,0.08291871,2.6,14.0,2018.0,2.0,9.866667,1.8,3.7528439,22.751549,17.304783,10.651995,10.162716,-26.497477,-24.765684,-24.106905,20.612858,-0.17749473,-1.0884981,18.262072,11.0,1.1202538,2.93,2.02996,4.866667,0.0,729678.4,2.5827827,49.55258,2.1,14.0,2018.0,3.0,6.5,-0.9,-11.38181,13.095728,6.587756,4.4560523,4.2610483,-868.0999,-41.833206,41.6497,24.687798,-5.3004484,-6.613381,19.042894,5.9333334,0.5979873,2.6566668,2.03175,4.633333,0.0,2122650.0,7.506764,93.163086,1.7,14.0,2018.0,4.0,4.5666666,-1.3333334,-7.1099935,-23.24362,-19.686907,-8.638904,-7.593682,-32.790806,-5.865029,9.890021,30.689137,-5.825167,-7.1971865,19.168552,5.0333333,-0.80168873,2.28,2.54077,4.466667,0.0,2107034.2,7.452052,82.3127,2.2,14.0,2019.0,1.0,3.5,-1.8333334,-2.6785975,-32.628784,-40.917953,-7.116123,-5.2624536,67.77727,0.7616508,-18.49987,40.449768,-0.47558537,-2.4962423,37.09804,5.633333,-0.4125427,2.0766666,2.658011,4.333333,0.0,84530.81,0.2989437,3.7243145,2.2,14.0,2019.0,2.0,0.8333333,-1.4666667,-1.81105,-0.9700762,-17.427198,-6.983748,-6.1658907,76.60047,76.52541,76.497765,48.45748,1.0769871,-1.2012516,39.64536,2.2,-1.079276,1.5566666,2.66769,4.466667,0.0,574871.9,2.033138,34.228245,2.5,14.0,2019.0,3.0,2.3,217,8,27
4.4,-5.3,-8.328505,-50.390785,89.758095,5.356464,-4.4233894,1.4242377,42.23258,139.32646,10.658367,0.07296992,-4.227456,10.658774,-7.4666667,0.7100678,-10.48,2.6215107,26.36667,0.75,4519587.5,1.4619673,7.266958,-2.5,13.0,2013.0,1.0,8.766666,-3.0,11.455291,13678.781,3166.0505,9.868651,0.9252221,83.81742,51.75655,-29.24429,1.6199752,2.0725956,0.6310889,1.6198618,-1.1,1.1255088,-6.7466664,1.723672,26.16667,0.5833333,2734101.8,0.89153755,5.6069317,-1.6,13.0,2013.0,2.0,3.3333333,-1.3333334,9.203695,82.050735,45.07788,9.056094,6.8838134,-2.157598,-3.4580867,-10.121148,-0.5580955,3.2298634,2.1632144,-0.5580733,-1.4666667,3.0130718,-3.1566668,1.2117146,26.1,0.5,3154031.0,1.0301976,6.23819,-1.2,13.0,2013.0,3.0,0.43333334,1.6666666,16.251757,46.828766,7.1417713,7.4550085,7.4720526,12.672249,34.636482,132.24304,-5.9441204,0.8314638,2.7996652,-5.898837,1.6,2.8493578,0.6,0.12825833,25.83333,0.33333334,4990433.0,1.6161746,8.99262,-0.3,13.0,2013.0,4.0,1.1333333,1.1,11.422094,97.25644,-232.43115,4.349269,6.862342,37.41649,-25.069122,-87.57544,-16.093002,2.5225961,7.5953555,-16.093294,5.866667,2.6100078,-0.25666666,0.011712333,25.3,0.25,4639432.0,1.5020905,8.297544,0.4,13.0,2014.0,1.0,-0.93333334,2.5333333,25.175968,-107.25043,-51.82825,3.7086034,8.8023815,-14.212799,-21.321133,-68.42186,-14.960118,7.107044,10.104261,-14.959946,3.8333333,2.375073,0.49333334,0.21957166,24.56667,0.21666667,2348351.8,0.7681962,5.8299556,1.0,13.0,2014.0,2.0,3.3666666,0.9,21.75092,24.767601,11.831177,3.4950893,2.8123827,-43.03833,-26.547354,65.90045,1.2487562,1.2436029,0.2640755,1.2489971,6.4,0.31058776,0.5933333,-0.329374,24.13333,0.11666667,3700240.0,1.1975744,8.420769,1.7,13.0,2014.0,3.0,4.6666665,1.2333333,-6.972274,-39.659306,41.59485,-4.0073295,-6.481019,-41.76712,-47.178856,-58.846252,7.960443,-3.700373,-5.4052677,7.9609284,5.3,-1.3107014,2.4333334,-0.503207,23.8,0.05,4769340.5,1.5728486,7.747421,2.5,13.0,2014.0,4.0,3.2,218,8,27
8.766666,-3.0,11.455291,13678.781,3166.0505,9.868651,0.9252221,83.81742,51.75655,-29.24429,1.6199752,2.0725956,0.6310889,1.6198618,-1.1,1.1255088,-6.7466664,1.723672,26.16667,0.5833333,2734101.8,0.89153755,5.6069317,-1.6,13.0,2013.0,2.0,3.3333333,-1.3333334,9.203695,82.050735,45.07788,9.056094,6.8838134,-2.157598,-3.4580867,-10.121148,-0.5580955,3.2298634,2.1632144,-0.5580733,-1.4666667,3.0130718,-3.1566668,1.2117146,26.1,0.5,3154031.0,1.0301976,6.23819,-1.2,13.0,2013.0,3.0,0.43333334,1.6666666,16.251757,46.828766,7.1417713,7.4550085,7.4720526,12.672249,34.636482,132.24304,-5.9441204,0.8314638,2.7996652,-5.898837,1.6,2.8493578,0.6,0.12825833,25.83333,0.33333334,4990433.0,1.6161746,8.99262,-0.3,13.0,2013.0,4.0,1.1333333,1.1,11.422094,97.25644,-232.43115,4.349269,6.862342,37.41649,-25.069122,-87.57544,-16.093002,2.5225961,7.5953555,-16.093294,5.866667,2.6100078,-0.25666666,0.011712333,25.3,0.25,4639432.0,1.5020905,8.297544,0.4,13.0,2014.0,1.0,-0.93333334,2.5333333,25.175968,-107.25043,-51.82825,3.7086034,8.8023815,-14.212799,-21.321133,-68.42186,-14.960118,7.107044,10.104261,-14.959946,3.8333333,2.375073,0.49333334,0.21957166,24.56667,0.21666667,2348351.8,0.7681962,5.8299556,1.0,13.0,2014.0,2.0,3.3666666,0.9,21.75092,24.767601,11.831177,3.4950893,2.8123827,-43.03833,-26.547354,65.90045,1.2487562,1.2436029,0.2640755,1.2489971,6.4,0.31058776,0.5933333,-0.329374,24.13333,0.11666667,3700240.0,1.1975744,8.420769,1.7,13.0,2014.0,3.0,4.6666665,1.2333333,-6.972274,-39.659306,41.59485,-4.0073295,-6.481019,-41.76712,-47.178856,-58.846252,7.960443,-3.700373,-5.4052677,7.9609284,5.3,-1.3107014,2.4333334,-0.503207,23.8,0.05,4769340.5,1.5728486,7.747421,2.5,13.0,2014.0,4.0,3.5333333,2.3333333,-11.945761,-867.92584,78.33664,-13.173087,-15.406639,-41.15158,-28.209587,114.69159,20.353182,-8.498954,-13.279836,20.35315,3.4333334,-4.398371,4.0666666,-1.0189646,23.2,0.05,4934922.0,1.5972153,7.758591,3.2,13.0,2015.0,1.0,3.9,219,8,27
3.3333333,-1.3333334,9.203695,82.050735,45.07788,9.056094,6.8838134,-2.157598,-3.4580867,-10.121148,-0.5580955,3.2298634,2.1632144,-0.5580733,-1.4666667,3.0130718,-3.1566668,1.2117146,26.1,0.5,3154031.0,1.0301976,6.23819,-1.2,13.0,2013.0,3.0,0.43333334,1.6666666,16.251757,46.828766,7.1417713,7.4550085,7.4720526,12.672249,34.636482,132.24304,-5.9441204,0.8314638,2.7996652,-5.898837,1.6,2.8493578,0.6,0.12825833,25.83333,0.33333334,4990433.0,1.6161746,8.99262,-0.3,13.0,2013.0,4.0,1.1333333,1.1,11.422094,97.25644,-232.43115,4.349269,6.862342,37.41649,-25.069122,-87.57544,-16.093002,2.5225961,7.5953555,-16.093294,5.866667,2.6100078,-0.25666666,0.011712333,25.3,0.25,4639432.0,1.5020905,8.297544,0.4,13.0,2014.0,1.0,-0.93333334,2.5333333,25.175968,-107.25043,-51.82825,3.7086034,8.8023815,-14.212799,-21.321133,-68.42186,-14.960118,7.107044,10.104261,-14.959946,3.8333333,2.375073,0.49333334,0.21957166,24.56667,0.21666667,2348351.8,0.7681962,5.8299556,1.0,13.0,2014.0,2.0,3.3666666,0.9,21.75092,24.767601,11.831177,3.4950893,2.8123827,-43.03833,-26.547354,65.90045,1.2487562,1.2436029,0.2640755,1.2489971,6.4,0.31058776,0.5933333,-0.329374,24.13333,0.11666667,3700240.0,1.1975744,8.420769,1.7,13.0,2014.0,3.0,4.6666665,1.2333333,-6.972274,-39.659306,41.59485,-4.0073295,-6.481019,-41.76712,-47.178856,-58.846252,7.960443,-3.700373,-5.4052677,7.9609284,5.3,-1.3107014,2.4333334,-0.503207,23.8,0.05,4769340.5,1.5728486,7.747421,2.5,13.0,2014.0,4.0,3.5333333,2.3333333,-11.945761,-867.92584,78.33664,-13.173087,-15.406639,-41.15158,-28.209587,114.69159,20.353182,-8.498954,-13.279836,20.35315,3.4333334,-4.398371,4.0666666,-1.0189646,23.2,0.05,4934922.0,1.5972153,7.758591,3.2,13.0,2015.0,1.0,5.5666666,2.6666667,-17.39017,602.71625,42.359337,-13.8298025,-16.111914,-0.15629938,-0.28736305,-1.2199547,20.811392,-8.65448,-13.499116,20.811388,5.5,-4.8545394,3.38,-0.25395167,22.43333,0.05,1747761.9,0.6311319,4.0906916,3.9,13.0,2015.0,2.0,4.1,220,8,27
0.43333334,1.6666666,16.251757,46.828766,7.1417713,7.4550085,7.4720526,12.672249,34.636482,132.24304,-5.9441204,0.8314638,2.7996652,-5.898837,1.6,2.8493578,0.6,0.12825833,25.83333,0.33333334,4990433.0,1.6161746,8.99262,-0.3,13.0,2013.0,4.0,1.1333333,1.1,11.422094,97.25644,-232.43115,4.349269,6.862342,37.41649,-25.069122,-87.57544,-16.093002,2.5225961,7.5953555,-16.093294,5.866667,2.6100078,-0.25666666,0.011712333,25.3,0.25,4639432.0,1.5020905,8.297544,0.4,13.0,2014.0,1.0,-0.93333334,2.5333333,25.175968,-107.25043,-51.82825,3.7086034,8.8023815,-14.212799,-21.321133,-68.42186,-14.960118,7.107044,10.104261,-14.959946,3.8333333,2.375073,0.49333334,0.21957166,24.56667,0.21666667,2348351.8,0.7681962,5.8299556,1.0,13.0,2014.0,2.0,3.3666666,0.9,21.75092,24.767601,11.831177,3.4950893,2.8123827,-43.03833,-26.547354,65.90045,1.2487562,1.2436029,0.2640755,1.2489971,6.4,0.31058776,0.5933333,-0.329374,24.13333,0.11666667,3700240.0,1.1975744,8.420769,1.7,13.0,2014.0,3.0,4.6666665,1.2333333,-6.972274,-39.659306,41.59485,-4.0073295,-6.481019,-41.76712,-47.178856,-58.846252,7.960443,-3.700373,-5.4052677,7.9609284,5.3,-1.3107014,2.4333334,-0.503207,23.8,0.05,4769340.5,1.5728486,7.747421,2.5,13.0,2014.0,4.0,3.5333333,2.3333333,-11.945761,-867.92584,78.33664,-13.173087,-15.406639,-41.15158,-28.209587,114.69159,20.353182,-8.498954,-13.279836,20.35315,3.4333334,-4.398371,4.0666666,-1.0189646,23.2,0.05,4934922.0,1.5972153,7.758591,3.2,13.0,2015.0,1.0,5.5666666,2.6666667,-17.39017,602.71625,42.359337,-13.8298025,-16.111914,-0.15629938,-0.28736305,-1.2199547,20.811392,-8.65448,-13.499116,20.811388,5.5,-4.8545394,3.38,-0.25395167,22.43333,0.05,1747761.9,0.6311319,4.0906916,3.9,13.0,2015.0,2.0,3.3333333,4.733333,-25.596426,-5.207043,-9.179315,-12.502752,-12.798811,92.90908,51.817642,-27.303131,12.82856,-4.3429127,-7.627021,12.828483,3.8666666,-2.7023354,4.6466665,-0.41084167,21.63333,0.05,3185758.2,1.0415027,6.0359783,4.1,13.0,2015.0,3.0,4.2,221,8,27
1.1333333,1.1,11.422094,97.25644,-232.43115,4.349269,6.862342,37.41649,-25.069122,-87.57544,-16.093002,2.5225961,7.5953555,-16.093294,5.866667,2.6100078,-0.25666666,0.011712333,25.3,0.25,4639432.0,1.5020905,8.297544,0.4,13.0,2014.0,1.0,-0.93333334,2.5333333,25.175968,-107.25043,-51.82825,3.7086034,8.8023815,-14.212799,-21.321133,-68.42186,-14.960118,7.107044,10.104261,-14.959946,3.8333333,2.375073,0.49333334,0.21957166,24.56667,0.21666667,2348351.8,0.7681962,5.8299556,1.0,13.0,2014.0,2.0,3.3666666,0.9,21.75092,24.767601,11.831177,3.4950893,2.8123827,-43.03833,-26.547354,65.90045,1.2487562,1.2436029,0.2640755,1.2489971,6.4,0.31058776,0.5933333,-0.329374,24.13333,0.11666667,3700240.0,1.1975744,8.420769,1.7,13.0,2014.0,3.0,4.6666665,1.2333333,-6.972274,-39.659306,41.59485,-4.0073295,-6.481019,-41.76712,-47.178856,-58.846252,7.960443,-3.700373,-5.4052677,7.9609284,5.3,-1.3107014,2.4333334,-0.503207,23.8,0.05,4769340.5,1.5728486,7.747421,2.5,13.0,2014.0,4.0,3.5333333,2.3333333,-11.945761,-867.92584,78.33664,-13.173087,-15.406639,-41.15158,-28.209587,114.69159,20.353182,-8.498954,-13.279836,20.35315,3.4333334,-4.398371,4.0666666,-1.0189646,23.2,0.05,4934922.0,1.5972153,7.758591,3.2,13.0,2015.0,1.0,5.5666666,2.6666667,-17.39017,602.71625,42.359337,-13.8298025,-16.111914,-0.15629938,-0.28736305,-1.2199547,20.811392,-8.65448,-13.499116,20.811388,5.5,-4.8545394,3.38,-0.25395167,22.43333,0.05,1747761.9,0.6311319,4.0906916,3.9,13.0,2015.0,2.0,3.3333333,4.733333,-25.596426,-5.207043,-9.179315,-12.502752,-12.798811,92.90908,51.817642,-27.303131,12.82856,-4.3429127,-7.627021,12.828483,3.8666666,-2.7023354,4.6466665,-0.41084167,21.63333,0.05,3185758.2,1.0415027,6.0359783,4.1,13.0,2015.0,3.0,3.9333334,3.8,-20.89982,21.567312,-33.519855,-9.985516,-8.052615,59.30613,29.845043,-60.031174,13.246588,-1.8149315,-6.2649937,13.246487,3.6666667,-1.8275596,5.0466666,-0.32076535,20.96667,0.05,4580304.0,1.4835812,7.2495937,4.2,13.0,2015.0,4.0,3.7,222,8,27
-0.93333334,2.5333333,25.175968,-107.25043,-51.82825,3.7086034,8.8023815,-14.212799,-21.321133,-68.42186,-14.960118,7.107044,10.104261,-14.959946,3.8333333,2.375073,0.49333334,0.21957166,24.56667,0.21666667,2348351.8,0.7681962,5.8299556,1.0,13.0,2014.0,2.0,3.3666666,0.9,21.75092,24.767601,11.831177,3.4950893,2.8123827,-43.03833,-26.547354,65.90045,1.2487562,1.2436029,0.2640755,1.2489971,6.4,0.31058776,0.5933333,-0.329374,24.13333,0.11666667,3700240.0,1.1975744,8.420769,1.7,13.0,2014.0,3.0,4.6666665,1.2333333,-6.972274,-39.659306,41.59485,-4.0073295,-6.481019,-41.76712,-47.178856,-58.846252,7.960443,-3.700373,-5.4052677,7.9609284,5.3,-1.3107014,2.4333334,-0.503207,23.8,0.05,4769340.5,1.5728486,7.747421,2.5,13.0,2014.0,4.0,3.5333333,2.3333333,-11.945761,-867.92584,78.33664,-13.173087,-15.406639,-41.15158,-28.209587,114.69159,20.353182,-8.498954,-13.279836,20.35315,3.4333334,-4.398371,4.0666666,-1.0189646,23.2,0.05,4934922.0,1.5972153,7.758591,3.2,13.0,2015.0,1.0,5.5666666,2.6666667,-17.39017,602.71625,42.359337,-13.8298025,-16.111914,-0.15629938,-0.28736305,-1.2199547,20.811392,-8.65448,-13.499116,20.811388,5.5,-4.8545394,3.38,-0.25395167,22.43333,0.05,1747761.9,0.6311319,4.0906916,3.9,13.0,2015.0,2.0,3.3333333,4.733333,-25.596426,-5.207043,-9.179315,-12.502752,-12.798811,92.90908,51.817642,-27.303131,12.82856,-4.3429127,-7.627021,12.828483,3.8666666,-2.7023354,4.6466665,-0.41084167,21.63333,0.05,3185758.2,1.0415027,6.0359783,4.1,13.0,2015.0,3.0,3.9333334,3.8,-20.89982,21.567312,-33.519855,-9.985516,-8.052615,59.30613,29.845043,-60.031174,13.246588,-1.8149315,-6.2649937,13.246487,3.6666667,-1.8275596,5.0466666,-0.32076535,20.96667,0.05,4580304.0,1.4835812,7.2495937,4.2,13.0,2015.0,4.0,0.76666665,4.0666666,-30.866516,93.45998,213.42384,-0.22097637,-2.0924082,-16.762327,-19.207514,-26.608105,-2.8929904,5.8672476,4.7653737,-2.8929558,-1.2,1.7801633,3.9033334,-0.6572717,20.43333,0.033333335,4424502.0,1.4464672,7.2843704,3.7,13.0,2016.0,1.0,3.0,223,8,27
3.3666666,0.9,21.75092,24.767601,11.831177,3.4950893,2.8123827,-43.03833,-26.547354,65.90045,1.2487562,1.2436029,0.2640755,1.2489971,6.4,0.31058776,0.5933333,-0.329374,24.13333,0.11666667,3700240.0,1.1975744,8.420769,1.7,13.0,2014.0,3.0,4.6666665,1.2333333,-6.972274,-39.659306,41.59485,-4.0073295,-6.481019,-41.76712,-47.178856,-58.846252,7.960443,-3.700373,-5.4052677,7.9609284,5.3,-1.3107014,2.4333334,-0.503207,23.8,0.05,4769340.5,1.5728486,7.747421,2.5,13.0,2014.0,4.0,3.5333333,2.3333333,-11.945761,-867.92584,78.33664,-13.173087,-15.406639,-41.15158,-28.209587,114.69159,20.353182,-8.498954,-13.279836,20.35315,3.4333334,-4.398371,4.0666666,-1.0189646,23.2,0.05,4934922.0,1.5972153,7.758591,3.2,13.0,2015.0,1.0,5.5666666,2.6666667,-17.39017,602.71625,42.359337,-13.8298025,-16.111914,-0.15629938,-0.28736305,-1.2199547,20.811392,-8.65448,-13.499116,20.811388,5.5,-4.8545394,3.38,-0.25395167,22.43333,0.05,1747761.9,0.6311319,4.0906916,3.9,13.0,2015.0,2.0,3.3333333,4.733333,-25.596426,-5.207043,-9.179315,-12.502752,-12.798811,92.90908,51.817642,-27.303131,12.82856,-4.3429127,-7.627021,12.828483,3.8666666,-2.7023354,4.6466665,-0.41084167,21.63333,0.05,3185758.2,1.0415027,6.0359783,4.1,13.0,2015.0,3.0,3.9333334,3.8,-20.89982,21.567312,-33.519855,-9.985516,-8.052615,59.30613,29.845043,-60.031174,13.246588,-1.8149315,-6.2649937,13.246487,3.6666667,-1.8275596,5.0466666,-0.32076535,20.96667,0.05,4580304.0,1.4835812,7.2495937,4.2,13.0,2015.0,4.0,0.76666665,4.0666666,-30.866516,93.45998,213.42384,-0.22097637,-2.0924082,-16.762327,-19.207514,-26.608105,-2.8929904,5.8672476,4.7653737,-2.8929558,-1.2,1.7801633,3.9033334,-0.6572717,20.43333,0.033333335,4424502.0,1.4464672,7.2843704,3.7,13.0,2016.0,1.0,4.766667,2.1666667,-29.878777,37.009903,74.985466,7.580931,2.9369113,-59.471546,-59.379654,-58.897854,2.1225202,4.2910686,1.9508215,2.1229148,0.43333334,2.7665544,4.97,-0.94554067,20.1,0.0,2434783.2,0.81011385,5.0570574,3.0,13.0,2016.0,2.0,3.0,224,8,27
4.6666665,1.2333333,-6.972274,-39.659306,41.59485,-4.0073295,-6.481019,-41.76712,-47.178856,-58.846252,7.960443,-3.700373,-5.4052677,7.9609284,5.3,-1.3107014,2.4333334,-0.503207,23.8,0.05,4769340.5,1.5728486,7.747421,2.5,13.0,2014.0,4.0,3.5333333,2.3333333,-11.945761,-867.92584,78.33664,-13.173087,-15.406639,-41.15158,-28.209587,114.69159,20.353182,-8.498954,-13.279836,20.35315,3.4333334,-4.398371,4.0666666,-1.0189646,23.2,0.05,4934922.0,1.5972153,7.758591,3.2,13.0,2015.0,1.0,5.5666666,2.6666667,-17.39017,602.71625,42.359337,-13.8298025,-16.111914,-0.15629938,-0.28736305,-1.2199547,20.811392,-8.65448,-13.499116,20.811388,5.5,-4.8545394,3.38,-0.25395167,22.43333,0.05,1747761.9,0.6311319,4.0906916,3.9,13.0,2015.0,2.0,3.3333333,4.733333,-25.596426,-5.207043,-9.179315,-12.502752,-12.798811,92.90908,51.817642,-27.303131,12.82856,-4.3429127,-7.627021,12.828483,3.8666666,-2.7023354,4.6466665,-0.41084167,21.63333,0.05,3185758.2,1.0415027,6.0359783,4.1,13.0,2015.0,3.0,3.9333334,3.8,-20.89982,21.567312,-33.519855,-9.985516,-8.052615,59.30613,29.845043,-60.031174,13.246588,-1.8149315,-6.2649937,13.246487,3.6666667,-1.8275596,5.0466666,-0.32076535,20.96667,0.05,4580304.0,1.4835812,7.2495937,4.2,13.0,2015.0,4.0,0.76666665,4.0666666,-30.866516,93.45998,213.42384,-0.22097637,-2.0924082,-16.762327,-19.207514,-26.608105,-2.8929904,5.8672476,4.7653737,-2.8929558,-1.2,1.7801633,3.9033334,-0.6572717,20.43333,0.033333335,4424502.0,1.4464672,7.2843704,3.7,13.0,2016.0,1.0,4.766667,2.1666667,-29.878777,37.009903,74.985466,7.580931,2.9369113,-59.471546,-59.379654,-58.897854,2.1225202,4.2910686,1.9508215,2.1229148,0.43333334,2.7665544,4.97,-0.94554067,20.1,0.0,2434783.2,0.81011385,5.0570574,3.0,13.0,2016.0,2.0,2.7666667,-0.033333335,-20.867342,33.945637,41.51201,4.2691617,0.8137914,-82.68808,-68.586426,2.745701,-0.42923692,5.5328894,3.6689658,-0.42919886,-2.6333334,1.5796607,3.9766667,-0.18317866,19.3,0.0,3416175.0,1.119348,6.115918,3.0,13.0,2016.0,3.0,2.5,225,8,27
3.5333333,2.3333333,-11.945761,-867.92584,78.33664,-13.173087,-15.406639,-41.15158,-28.209587,114.69159,20.353182,-8.498954,-13.279836,20.35315,3.4333334,-4.398371,4.0666666,-1.0189646,23.2,0.05,4934922.0,1.5972153,7.758591,3.2,13.0,2015.0,1.0,5.5666666,2.6666667,-17.39017,602.71625,42.359337,-13.8298025,-16.111914,-0.15629938,-0.28736305,-1.2199547,20.811392,-8.65448,-13.499116,20.811388,5.5,-4.8545394,3.38,-0.25395167,22.43333,0.05,1747761.9,0.6311319,4.0906916,3.9,13.0,2015.0,2.0,3.3333333,4.733333,-25.596426,-5.207043,-9.179315,-12.502752,-12.798811,92.90908,51.817642,-27.303131,12.82856,-4.3429127,-7.627021,12.828483,3.8666666,-2.7023354,4.6466665,-0.41084167,21.63333,0.05,3185758.2,1.0415027,6.0359783,4.1,13.0,2015.0,3.0,3.9333334,3.8,-20.89982,21.567312,-33.519855,-9.985516,-8.052615,59.30613,29.845043,-60.031174,13.246588,-1.8149315,-6.2649937,13.246487,3.6666667,-1.8275596,5.0466666,-0.32076535,20.96667,0.05,4580304.0,1.4835812,7.2495937,4.2,13.0,2015.0,4.0,0.76666665,4.0666666,-30.866516,93.45998,213.42384,-0.22097637,-2.0924082,-16.762327,-19.207514,-26.608105,-2.8929904,5.8672476,4.7653737,-2.8929558,-1.2,1.7801633,3.9033334,-0.6572717,20.43333,0.033333335,4424502.0,1.4464672,7.2843704,3.7,13.0,2016.0,1.0,4.766667,2.1666667,-29.878777,37.009903,74.985466,7.580931,2.9369113,-59.471546,-59.379654,-58.897854,2.1225202,4.2910686,1.9508215,2.1229148,0.43333334,2.7665544,4.97,-0.94554067,20.1,0.0,2434783.2,0.81011385,5.0570574,3.0,13.0,2016.0,2.0,2.7666667,-0.033333335,-20.867342,33.945637,41.51201,4.2691617,0.8137914,-82.68808,-68.586426,2.745701,-0.42923692,5.5328894,3.6689658,-0.42919886,-2.6333334,1.5796607,3.9766667,-0.18317866,19.3,0.0,3416175.0,1.119348,6.115918,3.0,13.0,2016.0,3.0,4.5666666,0.76666665,-15.572972,-13.769877,41.874603,3.9208233,1.6670256,-68.37376,-64.37246,-15.719685,3.8116364,3.111313,0.6169222,3.8117316,3.7666667,1.3779885,1.7666667,0.9742763,18.73333,0.0,4545790.5,1.4701886,7.2939706,2.5,13.0,2016.0,4.0,2.6,226,8,27
5.5666666,2.6666667,-17.39017,602.71625,42.359337,-13.8298025,-16.111914,-0.15629938,-0.28736305,-1.2199547,20.811392,-8.65448,-13.499116,20.811388,5.5,-4.8545394,3.38,-0.25395167,22.43333,0.05,1747761.9,0.6311319,4.0906916,3.9,13.0,2015.0,2.0,3.3333333,4.733333,-25.596426,-5.207043,-9.179315,-12.502752,-12.798811,92.90908,51.817642,-27.303131,12.82856,-4.3429127,-7.627021,12.828483,3.8666666,-2.7023354,4.6466665,-0.41084167,21.63333,0.05,3185758.2,1.0415027,6.0359783,4.1,13.0,2015.0,3.0,3.9333334,3.8,-20.89982,21.567312,-33.519855,-9.985516,-8.052615,59.30613,29.845043,-60.031174,13.246588,-1.8149315,-6.2649937,13.246487,3.6666667,-1.8275596,5.0466666,-0.32076535,20.96667,0.05,4580304.0,1.4835812,7.2495937,4.2,13.0,2015.0,4.0,0.76666665,4.0666666,-30.866516,93.45998,213.42384,-0.22097637,-2.0924082,-16.762327,-19.207514,-26.608105,-2.8929904,5.8672476,4.7653737,-2.8929558,-1.2,1.7801633,3.9033334,-0.6572717,20.43333,0.033333335,4424502.0,1.4464672,7.2843704,3.7,13.0,2016.0,1.0,4.766667,2.1666667,-29.878777,37.009903,74.985466,7.580931,2.9369113,-59.471546,-59.379654,-58.897854,2.1225202,4.2910686,1.9508215,2.1229148,0.43333334,2.7665544,4.97,-0.94554067,20.1,0.0,2434783.2,0.81011385,5.0570574,3.0,13.0,2016.0,2.0,2.7666667,-0.033333335,-20.867342,33.945637,41.51201,4.2691617,0.8137914,-82.68808,-68.586426,2.745701,-0.42923692,5.5328894,3.6689658,-0.42919886,-2.6333334,1.5796607,3.9766667,-0.18317866,19.3,0.0,3416175.0,1.119348,6.115918,3.0,13.0,2016.0,3.0,4.5666666,0.76666665,-15.572972,-13.769877,41.874603,3.9208233,1.6670256,-68.37376,-64.37246,-15.719685,3.8116364,3.111313,0.6169222,3.8117316,3.7666667,1.3779885,1.7666667,0.9742763,18.73333,0.0,4545790.5,1.4701886,7.2939706,2.5,13.0,2016.0,4.0,15.266666,1.7333333,10.579929,1466.7375,38.305405,7.970126,7.6616535,-31.524498,-19.453964,21.294363,6.13716,3.420885,-0.056209624,6.137166,17.033333,0.036150485,0.48333332,2.7441306,18.2,0.0,4849605.0,1.5683427,7.299429,2.6,13.0,2017.0,1.0,3.2,227,8,27
3.3333333,4.733333,-25.596426,-5.207043,-9.179315,-12.502752,-12.798811,92.90908,51.817642,-27.303131,12.82856,-4.3429127,-7.627021,12.828483,3.8666666,-2.7023354,4.6466665,-0.41084167,21.63333,0.05,3185758.2,1.0415027,6.0359783,4.1,13.0,2015.0,3.0,3.9333334,3.8,-20.89982,21.567312,-33.519855,-9.985516,-8.052615,59.30613,29.845043,-60.031174,13.246588,-1.8149315,-6.2649937,13.246487,3.6666667,-1.8275596,5.0466666,-0.32076535,20.96667,0.05,4580304.0,1.4835812,7.2495937,4.2,13.0,2015.0,4.0,0.76666665,4.0666666,-30.866516,93.45998,213.42384,-0.22097637,-2.0924082,-16.762327,-19.207514,-26.608105,-2.8929904,5.8672476,4.7653737,-2.8929558,-1.2,1.7801633,3.9033334,-0.6572717,20.43333,0.033333335,4424502.0,1.4464672,7.2843704,3.7,13.0,2016.0,1.0,4.766667,2.1666667,-29.878777,37.009903,74.985466,7.580931,2.9369113,-59.471546,-59.379654,-58.897854,2.1225202,4.2910686,1.9508215,2.1229148,0.43333334,2.7665544,4.97,-0.94554067,20.1,0.0,2434783.2,0.81011385,5.0570574,3.0,13.0,2016.0,2.0,2.7666667,-0.033333335,-20.867342,33.945637,41.51201,4.2691617,0.8137914,-82.68808,-68.586426,2.745701,-0.42923692,5.5328894,3.6689658,-0.42919886,-2.6333334,1.5796607,3.9766667,-0.18317866,19.3,0.0,3416175.0,1.119348,6.115918,3.0,13.0,2016.0,3.0,4.5666666,0.76666665,-15.572972,-13.769877,41.874603,3.9208233,1.6670256,-68.37376,-64.37246,-15.719685,3.8116364,3.111313,0.6169222,3.8117316,3.7666667,1.3779885,1.7666667,0.9742763,18.73333,0.0,4545790.5,1.4701886,7.2939706,2.5,13.0,2016.0,4.0,15.266666,1.7333333,10.579929,1466.7375,38.305405,7.970126,7.6616535,-31.524498,-19.453964,21.294363,6.13716,3.420885,-0.056209624,6.137166,17.033333,0.036150485,0.48333332,2.7441306,18.2,0.0,4849605.0,1.5683427,7.299429,2.6,13.0,2017.0,1.0,4.9666667,2.1333334,24.641283,-32.67663,-7.598224,4.3458567,5.7447624,-5.5385284,-2.4002736,56.159565,-8.550881,8.713646,8.6569805,-8.551265,7.5666666,0.30446094,1.7933333,1.9992557,17.3,0.0,2576578.2,0.83339584,4.853617,3.2,13.0,2017.0,2.0,3.0,228,8,27
3.9333334,3.8,-20.89982,21.567312,-33.519855,-9.985516,-8.052615,59.30613,29.845043,-60.031174,13.246588,-1.8149315,-6.2649937,13.246487,3.6666667,-1.8275596,5.0466666,-0.32076535,20.96667,0.05,4580304.0,1.4835812,7.2495937,4.2,13.0,2015.0,4.0,0.76666665,4.0666666,-30.866516,93.45998,213.42384,-0.22097637,-2.0924082,-16.762327,-19.207514,-26.608105,-2.8929904,5.8672476,4.7653737,-2.8929558,-1.2,1.7801633,3.9033334,-0.6572717,20.43333,0.033333335,4424502.0,1.4464672,7.2843704,3.7,13.0,2016.0,1.0,4.766667,2.1666667,-29.878777,37.009903,74.985466,7.580931,2.9369113,-59.471546,-59.379654,-58.897854,2.1225202,4.2910686,1.9508215,2.1229148,0.43333334,2.7665544,4.97,-0.94554067,20.1,0.0,2434783.2,0.81011385,5.0570574,3.0,13.0,2016.0,2.0,2.7666667,-0.033333335,-20.867342,33.945637,41.51201,4.2691617,0.8137914,-82.68808,-68.586426,2.745701,-0.42923692,5.5328894,3.6689658,-0.42919886,-2.6333334,1.5796607,3.9766667,-0.18317866,19.3,0.0,3416175.0,1.119348,6.115918,3.0,13.0,2016.0,3.0,4.5666666,0.76666665,-15.572972,-13.769877,41.874603,3.9208233,1.6670256,-68.37376,-64.37246,-15.719685,3.8116364,3.111313,0.6169222,3.8117316,3.7666667,1.3779885,1.7666667,0.9742763,18.73333,0.0,4545790.5,1.4701886,7.2939706,2.5,13.0,2016.0,4.0,15.266666,1.7333333,10.579929,1466.7375,38.305405,7.970126,7.6616535,-31.524498,-19.453964,21.294363,6.13716,3.420885,-0.056209624,6.137166,17.033333,0.036150485,0.48333332,2.7441306,18.2,0.0,4849605.0,1.5683427,7.299429,2.6,13.0,2017.0,1.0,4.9666667,2.1333334,24.641283,-32.67663,-7.598224,4.3458567,5.7447624,-5.5385284,-2.4002736,56.159565,-8.550881,8.713646,8.6569805,-8.551265,7.5666666,0.30446094,1.7933333,1.9992557,17.3,0.0,2576578.2,0.83339584,4.853617,3.2,13.0,2017.0,2.0,5.233333,2.7333333,28.09837,16.303679,-12.143759,11.311439,14.365073,128.44003,70.801956,21.9962,-8.021956,12.159042,10.695299,-8.022037,10.4,2.0604362,1.02,1.653692,16.73333,0.0,3783849.0,1.223803,5.9422126,3.0,13.0,2017.0,3.0,3.0,229,8,27
0.76666665,4.0666666,-30.866516,93.45998,213.42384,-0.22097637,-2.0924082,-16.762327,-19.207514,-26.608105,-2.8929904,5.8672476,4.7653737,-2.8929558,-1.2,1.7801633,3.9033334,-0.6572717,20.43333,0.033333335,4424502.0,1.4464672,7.2843704,3.7,13.0,2016.0,1.0,4.766667,2.1666667,-29.878777,37.009903,74.985466,7.580931,2.9369113,-59.471546,-59.379654,-58.897854,2.1225202,4.2910686,1.9508215,2.1229148,0.43333334,2.7665544,4.97,-0.94554067,20.1,0.0,2434783.2,0.81011385,5.0570574,3.0,13.0,2016.0,2.0,2.7666667,-0.033333335,-20.867342,33.945637,41.51201,4.2691617,0.8137914,-82.68808,-68.586426,2.745701,-0.42923692,5.5328894,3.6689658,-0.42919886,-2.6333334,1.5796607,3.9766667,-0.18317866,19.3,0.0,3416175.0,1.119348,6.115918,3.0,13.0,2016.0,3.0,4.5666666,0.76666665,-15.572972,-13.769877,41.874603,3.9208233,1.6670256,-68.37376,-64.37246,-15.719685,3.8116364,3.111313,0.6169222,3.8117316,3.7666667,1.3779885,1.7666667,0.9742763,18.73333,0.0,4545790.5,1.4701886,7.2939706,2.5,13.0,2016.0,4.0,15.266666,1.7333333,10.579929,1466.7375,38.305405,7.970126,7.6616535,-31.524498,-19.453964,21.294363,6.13716,3.420885,-0.056209624,6.137166,17.033333,0.036150485,0.48333332,2.7441306,18.2,0.0,4849605.0,1.5683427,7.299429,2.6,13.0,2017.0,1.0,4.9666667,2.1333334,24.641283,-32.67663,-7.598224,4.3458567,5.7447624,-5.5385284,-2.4002736,56.159565,-8.550881,8.713646,8.6569805,-8.551265,7.5666666,0.30446094,1.7933333,1.9992557,17.3,0.0,2576578.2,0.83339584,4.853617,3.2,13.0,2017.0,2.0,5.233333,2.7333333,28.09837,16.303679,-12.143759,11.311439,14.365073,128.44003,70.801956,21.9962,-8.021956,12.159042,10.695299,-8.022037,10.4,2.0604362,1.02,1.653692,16.73333,0.0,3783849.0,1.223803,5.9422126,3.0,13.0,2017.0,3.0,7.233333,5.3,28.369081,-1.2331022,-0.31529063,17.164864,18.613401,36.2494,28.061193,-8.8273325,-18.786531,20.70819,20.04646,-18.786669,9.0,2.5376828,1.3,1.4493873,16.66667,0.0,5287939.0,1.7100953,8.21869,3.0,13.0,2017.0,4.0,2.6,230,8,27
4.766667,2.1666667,-29.878777,37.009903,74.985466,7.580931,2.9369113,-59.471546,-59.379654,-58.897854,2.1225202,4.2910686,1.9508215,2.1229148,0.43333334,2.7665544,4.97,-0.94554067,20.1,0.0,2434783.2,0.81011385,5.0570574,3.0,13.0,2016.0,2.0,2.7666667,-0.033333335,-20.867342,33.945637,41.51201,4.2691617,0.8137914,-82.68808,-68.586426,2.745701,-0.42923692,5.5328894,3.6689658,-0.42919886,-2.6333334,1.5796607,3.9766667,-0.18317866,19.3,0.0,3416175.0,1.119348,6.115918,3.0,13.0,2016.0,3.0,4.5666666,0.76666665,-15.572972,-13.769877,41.874603,3.9208233,1.6670256,-68.37376,-64.37246,-15.719685,3.8116364,3.111313,0.6169222,3.8117316,3.7666667,1.3779885,1.7666667,0.9742763,18.73333,0.0,4545790.5,1.4701886,7.2939706,2.5,13.0,2016.0,4.0,15.266666,1.7333333,10.579929,1466.7375,38.305405,7.970126,7.6616535,-31.524498,-19.453964,21.294363,6.13716,3.420885,-0.056209624,6.137166,17.033333,0.036150485,0.48333332,2.7441306,18.2,0.0,4849605.0,1.5683427,7.299429,2.6,13.0,2017.0,1.0,4.9666667,2.1333334,24.641283,-32.67663,-7.598224,4.3458567,5.7447624,-5.5385284,-2.4002736,56.159565,-8.550881,8.713646,8.6569805,-8.551265,7.5666666,0.30446094,1.7933333,1.9992557,17.3,0.0,2576578.2,0.83339584,4.853617,3.2,13.0,2017.0,2.0,5.233333,2.7333333,28.09837,16.303679,-12.143759,11.311439,14.365073,128.44003,70.801956,21.9962,-8.021956,12.159042,10.695299,-8.022037,10.4,2.0604362,1.02,1.653692,16.73333,0.0,3783849.0,1.223803,5.9422126,3.0,13.0,2017.0,3.0,7.233333,5.3,28.369081,-1.2331022,-0.31529063,17.164864,18.613401,36.2494,28.061193,-8.8273325,-18.786531,20.70819,20.04646,-18.786669,9.0,2.5376828,1.3,1.4493873,16.66667,0.0,5287939.0,1.7100953,8.21869,3.0,13.0,2017.0,4.0,0.9,2.6666667,23.328901,-134.32344,-46.07473,19.0148,19.866104,49.434082,80.80617,142.62218,-19.101809,19.81991,19.574448,-19.101713,2.4,3.374275,1.4533334,0.9541093,16.26667,0.0,4998316.5,1.6164412,8.344407,2.6,13.0,2018.0,1.0,2.2,231,8,27
2.7666667,-0.033333335,-20.867342,33.945637,41.51201,4.2691617,0.8137914,-82.68808,-68.586426,2.745701,-0.42923692,5.5328894,3.6689658,-0.42919886,-2.6333334,1.5796607,3.9766667,-0.18317866,19.3,0.0,3416175.0,1.119348,6.115918,3.0,13.0,2016.0,3.0,4.5666666,0.76666665,-15.572972,-13.769877,41.874603,3.9208233,1.6670256,-68.37376,-64.37246,-15.719685,3.8116364,3.111313,0.6169222,3.8117316,3.7666667,1.3779885,1.7666667,0.9742763,18.73333,0.0,4545790.5,1.4701886,7.2939706,2.5,13.0,2016.0,4.0,15.266666,1.7333333,10.579929,1466.7375,38.305405,7.970126,7.6616535,-31.524498,-19.453964,21.294363,6.13716,3.420885,-0.056209624,6.137166,17.033333,0.036150485,0.48333332,2.7441306,18.2,0.0,4849605.0,1.5683427,7.299429,2.6,13.0,2017.0,1.0,4.9666667,2.1333334,24.641283,-32.67663,-7.598224,4.3458567,5.7447624,-5.5385284,-2.4002736,56.159565,-8.550881,8.713646,8.6569805,-8.551265,7.5666666,0.30446094,1.7933333,1.9992557,17.3,0.0,2576578.2,0.83339584,4.853617,3.2,13.0,2017.0,2.0,5.233333,2.7333333,28.09837,16.303679,-12.143759,11.311439,14.365073,128.44003,70.801956,21.9962,-8.021956,12.159042,10.695299,-8.022037,10.4,2.0604362,1.02,1.653692,16.73333,0.0,3783849.0,1.223803,5.9422126,3.0,13.0,2017.0,3.0,7.233333,5.3,28.369081,-1.2331022,-0.31529063,17.164864,18.613401,36.2494,28.061193,-8.8273325,-18.786531,20.70819,20.04646,-18.786669,9.0,2.5376828,1.3,1.4493873,16.66667,0.0,5287939.0,1.7100953,8.21869,3.0,13.0,2017.0,4.0,0.9,2.6666667,23.328901,-134.32344,-46.07473,19.0148,19.866104,49.434082,80.80617,142.62218,-19.101809,19.81991,19.574448,-19.101713,2.4,3.374275,1.4533334,0.9541093,16.26667,0.0,4998316.5,1.6164412,8.344407,2.6,13.0,2018.0,1.0,6.9333334,1.5666667,0.78960425,42.278107,-16.096188,14.991134,18.172697,23.192741,43.43193,259.07272,-2.4682148,8.742868,6.5473766,-2.4682055,10.433333,2.6566133,0.24,1.8018277,15.4,0.0,2121577.2,0.11138023,1.7702202,2.2,13.0,2018.0,2.0,2.1,232,8,27
4.5666666,0.76666665,-15.572972,-13.769877,41.874603,3.9208233,1.6670256,-68.37376,-64.37246,-15.719685,3.8116364,3.111313,0.6169222,3.8117316,3.7666667,1.3779885,1.7666667,0.9742763,18.73333,0.0,4545790.5,1.4701886,7.2939706,2.5,13.0,2016.0,4.0,15.266666,1.7333333,10.579929,1466.7375,38.305405,7.970126,7.6616535,-31.524498,-19.453964,21.294363,6.13716,3.420885,-0.056209624,6.137166,17.033333,0.036150485,0.48333332,2.7441306,18.2,0.0,4849605.0,1.5683427,7.299429,2.6,13.0,2017.0,1.0,4.9666667,2.1333334,24.641283,-32.67663,-7.598224,4.3458567,5.7447624,-5.5385284,-2.4002736,56.159565,-8.550881,8.713646,8.6569805,-8.551265,7.5666666,0.30446094,1.7933333,1.9992557,17.3,0.0,2576578.2,0.83339584,4.853617,3.2,13.0,2017.0,2.0,5.233333,2.7333333,28.09837,16.303679,-12.143759,11.311439,14.365073,128.44003,70.801956,21.9962,-8.021956,12.159042,10.695299,-8.022037,10.4,2.0604362,1.02,1.653692,16.73333,0.0,3783849.0,1.223803,5.9422126,3.0,13.0,2017.0,3.0,7.233333,5.3,28.369081,-1.2331022,-0.31529063,17.164864,18.613401,36.2494,28.061193,-8.8273325,-18.786531,20.70819,20.04646,-18.786669,9.0,2.5376828,1.3,1.4493873,16.66667,0.0,5287939.0,1.7100953,8.21869,3.0,13.0,2017.0,4.0,0.9,2.6666667,23.328901,-134.32344,-46.07473,19.0148,19.866104,49.434082,80.80617,142.62218,-19.101809,19.81991,19.574448,-19.101713,2.4,3.374275,1.4533334,0.9541093,16.26667,0.0,4998316.5,1.6164412,8.344407,2.6,13.0,2018.0,1.0,6.9333334,1.5666667,0.78960425,42.278107,-16.096188,14.991134,18.172697,23.192741,43.43193,259.07272,-2.4682148,8.742868,6.5473766,-2.4682055,10.433333,2.6566133,0.24,1.8018277,15.4,0.0,2121577.2,0.11138023,1.7702202,2.2,13.0,2018.0,2.0,5.133333,0.9,-7.6248927,5.7670875,-31.338663,3.6259513,7.124995,47.484444,33.576015,11.276547,2.0198247,5.048949,2.608341,2.0199046,7.5666666,1.888638,-0.49333334,2.231433,14.8,0.0,3271801.8,1.0581127,5.0699215,2.1,13.0,2018.0,3.0,2.2,233,8,27
15.266666,1.7333333,10.579929,1466.7375,38.305405,7.970126,7.6616535,-31.524498,-19.453964,21.294363,6.13716,3.420885,-0.056209624,6.137166,17.033333,0.036150485,0.48333332,2.7441306,18.2,0.0,4849605.0,1.5683427,7.299429,2.6,13.0,2017.0,1.0,4.9666667,2.1333334,24.641283,-32.67663,-7.598224,4.3458567,5.7447624,-5.5385284,-2.4002736,56.159565,-8.550881,8.713646,8.6569805,-8.551265,7.5666666,0.30446094,1.7933333,1.9992557,17.3,0.0,2576578.2,0.83339584,4.853617,3.2,13.0,2017.0,2.0,5.233333,2.7333333,28.09837,16.303679,-12.143759,11.311439,14.365073,128.44003,70.801956,21.9962,-8.021956,12.159042,10.695299,-8.022037,10.4,2.0604362,1.02,1.653692,16.73333,0.0,3783849.0,1.223803,5.9422126,3.0,13.0,2017.0,3.0,7.233333,5.3,28.369081,-1.2331022,-0.31529063,17.164864,18.613401,36.2494,28.061193,-8.8273325,-18.786531,20.70819,20.04646,-18.786669,9.0,2.5376828,1.3,1.4493873,16.66667,0.0,5287939.0,1.7100953,8.21869,3.0,13.0,2017.0,4.0,0.9,2.6666667,23.328901,-134.32344,-46.07473,19.0148,19.866104,49.434082,80.80617,142.62218,-19.101809,19.81991,19.574448,-19.101713,2.4,3.374275,1.4533334,0.9541093,16.26667,0.0,4998316.5,1.6164412,8.344407,2.6,13.0,2018.0,1.0,6.9333334,1.5666667,0.78960425,42.278107,-16.096188,14.991134,18.172697,23.192741,43.43193,259.07272,-2.4682148,8.742868,6.5473766,-2.4682055,10.433333,2.6566133,0.24,1.8018277,15.4,0.0,2121577.2,0.11138023,1.7702202,2.2,13.0,2018.0,2.0,5.133333,0.9,-7.6248927,5.7670875,-31.338663,3.6259513,7.124995,47.484444,33.576015,11.276547,2.0198247,5.048949,2.608341,2.0199046,7.5666666,1.888638,-0.49333334,2.231433,14.8,0.0,3271801.8,1.0581127,5.0699215,2.1,13.0,2018.0,3.0,2.8666666,-2.2333333,-16.656654,-21.485395,-36.908092,0.3131474,2.9053566,180.59436,164.28346,51.695778,8.502894,0.78103393,-2.3830194,8.502848,5.366667,1.2270813,1.39,1.7107056,14.6,0.0,4839057.5,1.5649406,6.944732,2.2,13.0,2018.0,4.0,2.4,234,8,27
4.9666667,2.1333334,24.641283,-32.67663,-7.598224,4.3458567,5.7447624,-5.5385284,-2.4002736,56.159565,-8.550881,8.713646,8.6569805,-8.551265,7.5666666,0.30446094,1.7933333,1.9992557,17.3,0.0,2576578.2,0.83339584,4.853617,3.2,13.0,2017.0,2.0,5.233333,2.7333333,28.09837,16.303679,-12.143759,11.311439,14.365073,128.44003,70.801956,21.9962,-8.021956,12.159042,10.695299,-8.022037,10.4,2.0604362,1.02,1.653692,16.73333,0.0,3783849.0,1.223803,5.9422126,3.0,13.0,2017.0,3.0,7.233333,5.3,28.369081,-1.2331022,-0.31529063,17.164864,18.613401,36.2494,28.061193,-8.8273325,-18.786531,20.70819,20.04646,-18.786669,9.0,2.5376828,1.3,1.4493873,16.66667,0.0,5287939.0,1.7100953,8.21869,3.0,13.0,2017.0,4.0,0.9,2.6666667,23.328901,-134.32344,-46.07473,19.0148,19.866104,49.434082,80.80617,142.62218,-19.101809,19.81991,19.574448,-19.101713,2.4,3.374275,1.4533334,0.9541093,16.26667,0.0,4998316.5,1.6164412,8.344407,2.6,13.0,2018.0,1.0,6.9333334,1.5666667,0.78960425,42.278107,-16.096188,14.991134,18.172697,23.192741,43.43193,259.07272,-2.4682148,8.742868,6.5473766,-2.4682055,10.433333,2.6566133,0.24,1.8018277,15.4,0.0,2121577.2,0.11138023,1.7702202,2.2,13.0,2018.0,2.0,5.133333,0.9,-7.6248927,5.7670875,-31.338663,3.6259513,7.124995,47.484444,33.576015,11.276547,2.0198247,5.048949,2.608341,2.0199046,7.5666666,1.888638,-0.49333334,2.231433,14.8,0.0,3271801.8,1.0581127,5.0699215,2.1,13.0,2018.0,3.0,2.8666666,-2.2333333,-16.656654,-21.485395,-36.908092,0.3131474,2.9053566,180.59436,164.28346,51.695778,8.502894,0.78103393,-2.3830194,8.502848,5.366667,1.2270813,1.39,1.7107056,14.6,0.0,4839057.5,1.5649406,6.944732,2.2,13.0,2018.0,4.0,2.2,-0.4,-15.04904,162.21477,-199.44319,-4.402373,-3.2569752,59.615746,11.761014,-45.355927,14.175586,-1.0445282,-5.5132103,14.175551,2.9666667,-0.05733288,1.68,1.1358527,14.23333,0.0,5047338.5,1.6323841,7.757212,2.4,13.0,2019.0,1.0,2.2,235,8,27
5.233333,2.7333333,28.09837,16.303679,-12.143759,11.311439,14.365073,128.44003,70.801956,21.9962,-8.021956,12.159042,10.695299,-8.022037,10.4,2.0604362,1.02,1.653692,16.73333,0.0,3783849.0,1.223803,5.9422126,3.0,13.0,2017.0,3.0,7.233333,5.3,28.369081,-1.2331022,-0.31529063,17.164864,18.613401,36.2494,28.061193,-8.8273325,-18.786531,20.70819,20.04646,-18.786669,9.0,2.5376828,1.3,1.4493873,16.66667,0.0,5287939.0,1.7100953,8.21869,3.0,13.0,2017.0,4.0,0.9,2.6666667,23.328901,-134.32344,-46.07473,19.0148,19.866104,49.434082,80.80617,142.62218,-19.101809,19.81991,19.574448,-19.101713,2.4,3.374275,1.4533334,0.9541093,16.26667,0.0,4998316.5,1.6164412,8.344407,2.6,13.0,2018.0,1.0,6.9333334,1.5666667,0.78960425,42.278107,-16.096188,14.991134,18.172697,23.192741,43.43193,259.07272,-2.4682148,8.742868,6.5473766,-2.4682055,10.433333,2.6566133,0.24,1.8018277,15.4,0.0,2121577.2,0.11138023,1.7702202,2.2,13.0,2018.0,2.0,5.133333,0.9,-7.6248927,5.7670875,-31.338663,3.6259513,7.124995,47.484444,33.576015,11.276547,2.0198247,5.048949,2.608341,2.0199046,7.5666666,1.888638,-0.49333334,2.231433,14.8,0.0,3271801.8,1.0581127,5.0699215,2.1,13.0,2018.0,3.0,2.8666666,-2.2333333,-16.656654,-21.485395,-36.908092,0.3131474,2.9053566,180.59436,164.28346,51.695778,8.502894,0.78103393,-2.3830194,8.502848,5.366667,1.2270813,1.39,1.7107056,14.6,0.0,4839057.5,1.5649406,6.944732,2.2,13.0,2018.0,4.0,2.2,-0.4,-15.04904,162.21477,-199.44319,-4.402373,-3.2569752,59.615746,11.761014,-45.355927,14.175586,-1.0445282,-5.5132103,14.175551,2.9666667,-0.05733288,1.68,1.1358527,14.23333,0.0,5047338.5,1.6323841,7.757212,2.4,13.0,2019.0,1.0,1.2333333,0.8333333,-11.391328,76.96564,14.059397,-3.830143,-5.130076,15.619659,9.002567,-14.81637,8.915793,6.5175447,1.3238903,8.915845,-0.8333333,0.20471425,2.0166667,0.9198537,14.2,0.0,2573137.0,0.8322091,4.7002864,2.2,13.0,2019.0,2.0,1.9,236,8,27
7.233333,5.3,28.369081,-1.2331022,-0.31529063,17.164864,18.613401,36.2494,28.061193,-8.8273325,-18.786531,20.70819,20.04646,-18.786669,9.0,2.5376828,1.3,1.4493873,16.66667,0.0,5287939.0,1.7100953,8.21869,3.0,13.0,2017.0,4.0,0.9,2.6666667,23.328901,-134.32344,-46.07473,19.0148,19.866104,49.434082,80.80617,142.62218,-19.101809,19.81991,19.574448,-19.101713,2.4,3.374275,1.4533334,0.9541093,16.26667,0.0,4998316.5,1.6164412,8.344407,2.6,13.0,2018.0,1.0,6.9333334,1.5666667,0.78960425,42.278107,-16.096188,14.991134,18.172697,23.192741,43.43193,259.07272,-2.4682148,8.742868,6.5473766,-2.4682055,10.433333,2.6566133,0.24,1.8018277,15.4,0.0,2121577.2,0.11138023,1.7702202,2.2,13.0,2018.0,2.0,5.133333,0.9,-7.6248927,5.7670875,-31.338663,3.6259513,7.124995,47.484444,33.576015,11.276547,2.0198247,5.048949,2.608341,2.0199046,7.5666666,1.888638,-0.49333334,2.231433,14.8,0.0,3271801.8,1.0581127,5.0699215,2.1,13.0,2018.0,3.0,2.8666666,-2.2333333,-16.656654,-21.485395,-36.908092,0.3131474,2.9053566,180.59436,164.28346,51.695778,8.502894,0.78103393,-2.3830194,8.502848,5.366667,1.2270813,1.39,1.7107056,14.6,0.0,4839057.5,1.5649406,6.944732,2.2,13.0,2018.0,4.0,2.2,-0.4,-15.04904,162.21477,-199.44319,-4.402373,-3.2569752,59.615746,11.761014,-45.355927,14.175586,-1.0445282,-5.5132103,14.175551,2.9666667,-0.05733288,1.68,1.1358527,14.23333,0.0,5047338.5,1.6323841,7.757212,2.4,13.0,2019.0,1.0,1.2333333,0.8333333,-11.391328,76.96564,14.059397,-3.830143,-5.130076,15.619659,9.002567,-14.81637,8.915793,6.5175447,1.3238903,8.915845,-0.8333333,0.20471425,2.0166667,0.9198537,14.2,0.0,2573137.0,0.8322091,4.7002864,2.2,13.0,2019.0,2.0,1.2,0.46666667,-11.15463,-84.95011,6.72702,-1.0761908,-1.5765698,-39.894146,-10.981579,50.45763,10.905543,3.305808,-1.3797104,10.90567,1.6666666,-0.8189984,3.2333333,0.31269768,14.1,0.0,3671695.2,1.1880709,6.1036234,1.9,13.0,2019.0,3.0,1.5,237,8,27
1.15,1.3962976,4.1003404,223.66196,1005.96747,1.9844085,-5.307395,85.9375,224.0,-21.900826,37.32933,11.043159,5.145635,37.327484,-2.8666666,6.164973,0.8432616,1.5566666,3.133333,2.75,2326638.5,4.081224,11.952299,2.43,12.0,2013.0,1.0,0.73333335,1.5830989,7.7761664,392.91104,96.273415,1.9958594,-3.8250124,-310.44775,70.0,207.6923,72.44787,10.633701,2.2263908,72.43298,-2.8,4.674006,0.6117749,1.2166667,3.033333,2.5833333,1285798.5,2.2684689,6.358571,3.15,12.0,2013.0,2.0,2.8333333,1.7806096,5.406118,26.460089,28.667662,1.5190781,-1.1454483,242.22223,896.2963,20.512821,49.40575,11.039203,4.552775,49.40588,0.36666667,4.6876593,1.1803429,1.37,3.133333,2.5,1336947.1,2.3459709,7.527525,3.72,12.0,2013.0,3.0,4.766667,1.8355919,8.847727,9.668862,0.94773763,2.5139635,2.7202976,-41.17647,-7.5,14.864865,58.659866,12.380069,5.1016054,58.6598,2.5,5.7078824,1.5442193,1.0666667,3.133333,2.5,1984494.2,3.4810684,10.238488,3.86,12.0,2013.0,4.0,1.6333333,2.2328758,4.0738673,26.767225,9.635971,2.1075032,1.5864305,22.222221,41.975307,32.804234,71.32381,13.00591,6.8771887,71.326805,2.1333334,4.0455337,2.6681917,1.1266667,3.4,2.5,1835509.6,3.2219608,9.590681,3.83,12.0,2014.0,1.0,3.2666667,1.7423997,15.818605,23.981201,10.802919,3.7985945,2.916032,84.36364,-25.882353,-70.55556,2.4094763,19.120691,18.531668,2.4605677,3.3,10.802485,2.3564672,1.61,3.5,2.5,1284744.8,2.2595365,6.496498,3.64,12.0,2014.0,2.0,3.7,1.7464159,15.829988,-3.4956849,-3.7270772,0.2678861,0.77822465,-71.875,-27.88104,12.056738,125.25468,13.777168,6.558026,125.24282,5.4,9.41645,2.0635185,1.3833333,3.5,2.3333333,1719986.6,3.0379593,8.666984,2.88,12.0,2014.0,3.0,0.9,0.81027967,-1.5380999,3.9468102,13.607496,-4.3458066,-6.670156,36.458332,-32.432434,-34.705883,300.2761,11.537889,-1.0281287,300.27707,-2.8,2.5560758,1.2321033,0.98333335,3.6,2.0,2047069.9,3.7488155,10.99674,2.53,12.0,2014.0,4.0,2.63,238,8,27
0.73333335,1.5830989,7.7761664,392.91104,96.273415,1.9958594,-3.8250124,-310.44775,70.0,207.6923,72.44787,10.633701,2.2263908,72.43298,-2.8,4.674006,0.6117749,1.2166667,3.033333,2.5833333,1285798.5,2.2684689,6.358571,3.15,12.0,2013.0,2.0,2.8333333,1.7806096,5.406118,26.460089,28.667662,1.5190781,-1.1454483,242.22223,896.2963,20.512821,49.40575,11.039203,4.552775,49.40588,0.36666667,4.6876593,1.1803429,1.37,3.133333,2.5,1336947.1,2.3459709,7.527525,3.72,12.0,2013.0,3.0,4.766667,1.8355919,8.847727,9.668862,0.94773763,2.5139635,2.7202976,-41.17647,-7.5,14.864865,58.659866,12.380069,5.1016054,58.6598,2.5,5.7078824,1.5442193,1.0666667,3.133333,2.5,1984494.2,3.4810684,10.238488,3.86,12.0,2013.0,4.0,1.6333333,2.2328758,4.0738673,26.767225,9.635971,2.1075032,1.5864305,22.222221,41.975307,32.804234,71.32381,13.00591,6.8771887,71.326805,2.1333334,4.0455337,2.6681917,1.1266667,3.4,2.5,1835509.6,3.2219608,9.590681,3.83,12.0,2014.0,1.0,3.2666667,1.7423997,15.818605,23.981201,10.802919,3.7985945,2.916032,84.36364,-25.882353,-70.55556,2.4094763,19.120691,18.531668,2.4605677,3.3,10.802485,2.3564672,1.61,3.5,2.5,1284744.8,2.2595365,6.496498,3.64,12.0,2014.0,2.0,3.7,1.7464159,15.829988,-3.4956849,-3.7270772,0.2678861,0.77822465,-71.875,-27.88104,12.056738,125.25468,13.777168,6.558026,125.24282,5.4,9.41645,2.0635185,1.3833333,3.5,2.3333333,1719986.6,3.0379593,8.666984,2.88,12.0,2014.0,3.0,0.9,0.81027967,-1.5380999,3.9468102,13.607496,-4.3458066,-6.670156,36.458332,-32.432434,-34.705883,300.2761,11.537889,-1.0281287,300.27707,-2.8,2.5560758,1.2321033,0.98333335,3.6,2.0,2047069.9,3.7488155,10.99674,2.53,12.0,2014.0,4.0,-3.0,0.4746945,5.366242,53.616444,79.02205,-9.881472,-16.522388,-947.619,-81.304344,4.7808766,501.0762,11.296419,1.3060762,501.11124,-15.633333,4.896608,1.0242646,0.69666666,3.533333,1.9166666,2035994.5,3.5714314,10.408687,2.63,12.0,2015.0,1.0,2.1,239,8,27
2.8333333,1.7806096,5.406118,26.460089,28.667662,1.5190781,-1.1454483,242.22223,896.2963,20.512821,49.40575,11.039203,4.552775,49.40588,0.36666667,4.6876593,1.1803429,1.37,3.133333,2.5,1336947.1,2.3459709,7.527525,3.72,12.0,2013.0,3.0,4.766667,1.8355919,8.847727,9.668862,0.94773763,2.5139635,2.7202976,-41.17647,-7.5,14.864865,58.659866,12.380069,5.1016054,58.6598,2.5,5.7078824,1.5442193,1.0666667,3.133333,2.5,1984494.2,3.4810684,10.238488,3.86,12.0,2013.0,4.0,1.6333333,2.2328758,4.0738673,26.767225,9.635971,2.1075032,1.5864305,22.222221,41.975307,32.804234,71.32381,13.00591,6.8771887,71.326805,2.1333334,4.0455337,2.6681917,1.1266667,3.4,2.5,1835509.6,3.2219608,9.590681,3.83,12.0,2014.0,1.0,3.2666667,1.7423997,15.818605,23.981201,10.802919,3.7985945,2.916032,84.36364,-25.882353,-70.55556,2.4094763,19.120691,18.531668,2.4605677,3.3,10.802485,2.3564672,1.61,3.5,2.5,1284744.8,2.2595365,6.496498,3.64,12.0,2014.0,2.0,3.7,1.7464159,15.829988,-3.4956849,-3.7270772,0.2678861,0.77822465,-71.875,-27.88104,12.056738,125.25468,13.777168,6.558026,125.24282,5.4,9.41645,2.0635185,1.3833333,3.5,2.3333333,1719986.6,3.0379593,8.666984,2.88,12.0,2014.0,3.0,0.9,0.81027967,-1.5380999,3.9468102,13.607496,-4.3458066,-6.670156,36.458332,-32.432434,-34.705883,300.2761,11.537889,-1.0281287,300.27707,-2.8,2.5560758,1.2321033,0.98333335,3.6,2.0,2047069.9,3.7488155,10.99674,2.53,12.0,2014.0,4.0,-3.0,0.4746945,5.366242,53.616444,79.02205,-9.881472,-16.522388,-947.619,-81.304344,4.7808766,501.0762,11.296419,1.3060762,501.11124,-15.633333,4.896608,1.0242646,0.69666666,3.533333,1.9166666,2035994.5,3.5714314,10.408687,2.63,12.0,2015.0,1.0,-7.233333,0.7663723,6.324698,6.189851,12.331565,-11.638354,-14.8900795,-495.34885,58.73016,235.84906,648.5732,8.96082,-5.8087873,648.64685,-15.566667,1.3585048,1.9679742,0.56333333,3.666667,1.6666666,972295.7,1.7241849,5.244622,2.1,12.0,2015.0,2.0,3.35,240,8,27
4.766667,1.8355919,8.847727,9.668862,0.94773763,2.5139635,2.7202976,-41.17647,-7.5,14.864865,58.659866,12.380069,5.1016054,58.6598,2.5,5.7078824,1.5442193,1.0666667,3.133333,2.5,1984494.2,3.4810684,10.238488,3.86,12.0,2013.0,4.0,1.6333333,2.2328758,4.0738673,26.767225,9.635971,2.1075032,1.5864305,22.222221,41.975307,32.804234,71.32381,13.00591,6.8771887,71.326805,2.1333334,4.0455337,2.6681917,1.1266667,3.4,2.5,1835509.6,3.2219608,9.590681,3.83,12.0,2014.0,1.0,3.2666667,1.7423997,15.818605,23.981201,10.802919,3.7985945,2.916032,84.36364,-25.882353,-70.55556,2.4094763,19.120691,18.531668,2.4605677,3.3,10.802485,2.3564672,1.61,3.5,2.5,1284744.8,2.2595365,6.496498,3.64,12.0,2014.0,2.0,3.7,1.7464159,15.829988,-3.4956849,-3.7270772,0.2678861,0.77822465,-71.875,-27.88104,12.056738,125.25468,13.777168,6.558026,125.24282,5.4,9.41645,2.0635185,1.3833333,3.5,2.3333333,1719986.6,3.0379593,8.666984,2.88,12.0,2014.0,3.0,0.9,0.81027967,-1.5380999,3.9468102,13.607496,-4.3458066,-6.670156,36.458332,-32.432434,-34.705883,300.2761,11.537889,-1.0281287,300.27707,-2.8,2.5560758,1.2321033,0.98333335,3.6,2.0,2047069.9,3.7488155,10.99674,2.53,12.0,2014.0,4.0,-3.0,0.4746945,5.366242,53.616444,79.02205,-9.881472,-16.522388,-947.619,-81.304344,4.7808766,501.0762,11.296419,1.3060762,501.11124,-15.633333,4.896608,1.0242646,0.69666666,3.533333,1.9166666,2035994.5,3.5714314,10.408687,2.63,12.0,2015.0,1.0,-7.233333,0.7663723,6.324698,6.189851,12.331565,-11.638354,-14.8900795,-495.34885,58.73016,235.84906,648.5732,8.96082,-5.8087873,648.64685,-15.566667,1.3585048,1.9679742,0.56333333,3.666667,1.6666666,972295.7,1.7241849,5.244622,2.1,12.0,2015.0,2.0,-9.633333,2.5702763,-6.8856735,36.100815,37.603985,-12.327404,-18.420761,-827.7778,39.17526,236.70886,1333.3276,7.3644886,-8.955873,1334.055,-18.733334,-3.821808,1.8289558,0.64666665,3.633333,1.5,1413832.2,2.4849234,7.5661635,3.35,12.0,2015.0,3.0,3.6,241,8,27
1.6333333,2.2328758,4.0738673,26.767225,9.635971,2.1075032,1.5864305,22.222221,41.975307,32.804234,71.32381,13.00591,6.8771887,71.326805,2.1333334,4.0455337,2.6681917,1.1266667,3.4,2.5,1835509.6,3.2219608,9.590681,3.83,12.0,2014.0,1.0,3.2666667,1.7423997,15.818605,23.981201,10.802919,3.7985945,2.916032,84.36364,-25.882353,-70.55556,2.4094763,19.120691,18.531668,2.4605677,3.3,10.802485,2.3564672,1.61,3.5,2.5,1284744.8,2.2595365,6.496498,3.64,12.0,2014.0,2.0,3.7,1.7464159,15.829988,-3.4956849,-3.7270772,0.2678861,0.77822465,-71.875,-27.88104,12.056738,125.25468,13.777168,6.558026,125.24282,5.4,9.41645,2.0635185,1.3833333,3.5,2.3333333,1719986.6,3.0379593,8.666984,2.88,12.0,2014.0,3.0,0.9,0.81027967,-1.5380999,3.9468102,13.607496,-4.3458066,-6.670156,36.458332,-32.432434,-34.705883,300.2761,11.537889,-1.0281287,300.27707,-2.8,2.5560758,1.2321033,0.98333335,3.6,2.0,2047069.9,3.7488155,10.99674,2.53,12.0,2014.0,4.0,-3.0,0.4746945,5.366242,53.616444,79.02205,-9.881472,-16.522388,-947.619,-81.304344,4.7808766,501.0762,11.296419,1.3060762,501.11124,-15.633333,4.896608,1.0242646,0.69666666,3.533333,1.9166666,2035994.5,3.5714314,10.408687,2.63,12.0,2015.0,1.0,-7.233333,0.7663723,6.324698,6.189851,12.331565,-11.638354,-14.8900795,-495.34885,58.73016,235.84906,648.5732,8.96082,-5.8087873,648.64685,-15.566667,1.3585048,1.9679742,0.56333333,3.666667,1.6666666,972295.7,1.7241849,5.244622,2.1,12.0,2015.0,2.0,-9.633333,2.5702763,-6.8856735,36.100815,37.603985,-12.327404,-18.420761,-827.7778,39.17526,236.70886,1333.3276,7.3644886,-8.955873,1334.055,-18.733334,-3.821808,1.8289558,0.64666665,3.633333,1.5,1413832.2,2.4849234,7.5661635,3.35,12.0,2015.0,3.0,-11.766666,3.1727095,3.3223279,-0.9079747,5.149927,-12.213271,-14.949631,322.9508,842.0,201.8018,152.79303,6.649699,-5.2679634,152.79031,-17.8,0.95871437,4.8474555,0.92,3.533333,1.5,1863411.6,3.2688043,9.282299,3.6,12.0,2015.0,4.0,3.1,242,8,27
3.2666667,1.7423997,15.818605,23.981201,10.802919,3.7985945,2.916032,84.36364,-25.882353,-70.55556,2.4094763,19.120691,18.531668,2.4605677,3.3,10.802485,2.3564672,1.61,3.5,2.5,1284744.8,2.2595365,6.496498,3.64,12.0,2014.0,2.0,3.7,1.7464159,15.829988,-3.4956849,-3.7270772,0.2678861,0.77822465,-71.875,-27.88104,12.056738,125.25468,13.777168,6.558026,125.24282,5.4,9.41645,2.0635185,1.3833333,3.5,2.3333333,1719986.6,3.0379593,8.666984,2.88,12.0,2014.0,3.0,0.9,0.81027967,-1.5380999,3.9468102,13.607496,-4.3458066,-6.670156,36.458332,-32.432434,-34.705883,300.2761,11.537889,-1.0281287,300.27707,-2.8,2.5560758,1.2321033,0.98333335,3.6,2.0,2047069.9,3.7488155,10.99674,2.53,12.0,2014.0,4.0,-3.0,0.4746945,5.366242,53.616444,79.02205,-9.881472,-16.522388,-947.619,-81.304344,4.7808766,501.0762,11.296419,1.3060762,501.11124,-15.633333,4.896608,1.0242646,0.69666666,3.533333,1.9166666,2035994.5,3.5714314,10.408687,2.63,12.0,2015.0,1.0,-7.233333,0.7663723,6.324698,6.189851,12.331565,-11.638354,-14.8900795,-495.34885,58.73016,235.84906,648.5732,8.96082,-5.8087873,648.64685,-15.566667,1.3585048,1.9679742,0.56333333,3.666667,1.6666666,972295.7,1.7241849,5.244622,2.1,12.0,2015.0,2.0,-9.633333,2.5702763,-6.8856735,36.100815,37.603985,-12.327404,-18.420761,-827.7778,39.17526,236.70886,1333.3276,7.3644886,-8.955873,1334.055,-18.733334,-3.821808,1.8289558,0.64666665,3.633333,1.5,1413832.2,2.4849234,7.5661635,3.35,12.0,2015.0,3.0,-11.766666,3.1727095,3.3223279,-0.9079747,5.149927,-12.213271,-14.949631,322.9508,842.0,201.8018,152.79303,6.649699,-5.2679634,152.79031,-17.8,0.95871437,4.8474555,0.92,3.533333,1.5,1863411.6,3.2688043,9.282299,3.6,12.0,2015.0,4.0,-13.733334,2.4598854,-5.0257273,28.455576,14.772416,-9.37164,-13.2393675,63.18182,118.60465,-33.460075,185.68214,7.7216587,-6.017312,185.6971,-15.966666,-4.4579854,3.7733333,0.8566667,3.7,1.5,2020741.2,3.547353,10.693868,3.1,12.0,2016.0,1.0,3.95,243,8,27
3.7,1.7464159,15.829988,-3.4956849,-3.7270772,0.2678861,0.77822465,-71.875,-27.88104,12.056738,125.25468,13.777168,6.558026,125.24282,5.4,9.41645,2.0635185,1.3833333,3.5,2.3333333,1719986.6,3.0379593,8.666984,2.88,12.0,2014.0,3.0,0.9,0.81027967,-1.5380999,3.9468102,13.607496,-4.3458066,-6.670156,36.458332,-32.432434,-34.705883,300.2761,11.537889,-1.0281287,300.27707,-2.8,2.5560758,1.2321033,0.98333335,3.6,2.0,2047069.9,3.7488155,10.99674,2.53,12.0,2014.0,4.0,-3.0,0.4746945,5.366242,53.616444,79.02205,-9.881472,-16.522388,-947.619,-81.304344,4.7808766,501.0762,11.296419,1.3060762,501.11124,-15.633333,4.896608,1.0242646,0.69666666,3.533333,1.9166666,2035994.5,3.5714314,10.408687,2.63,12.0,2015.0,1.0,-7.233333,0.7663723,6.324698,6.189851,12.331565,-11.638354,-14.8900795,-495.34885,58.73016,235.84906,648.5732,8.96082,-5.8087873,648.64685,-15.566667,1.3585048,1.9679742,0.56333333,3.666667,1.6666666,972295.7,1.7241849,5.244622,2.1,12.0,2015.0,2.0,-9.633333,2.5702763,-6.8856735,36.100815,37.603985,-12.327404,-18.420761,-827.7778,39.17526,236.70886,1333.3276,7.3644886,-8.955873,1334.055,-18.733334,-3.821808,1.8289558,0.64666665,3.633333,1.5,1413832.2,2.4849234,7.5661635,3.35,12.0,2015.0,3.0,-11.766666,3.1727095,3.3223279,-0.9079747,5.149927,-12.213271,-14.949631,322.9508,842.0,201.8018,152.79303,6.649699,-5.2679634,152.79031,-17.8,0.95871437,4.8474555,0.92,3.533333,1.5,1863411.6,3.2688043,9.282299,3.6,12.0,2015.0,4.0,-13.733334,2.4598854,-5.0257273,28.455576,14.772416,-9.37164,-13.2393675,63.18182,118.60465,-33.460075,185.68214,7.7216587,-6.017312,185.6971,-15.966666,-4.4579854,3.7733333,0.8566667,3.7,1.5,2020741.2,3.547353,10.693868,3.1,12.0,2016.0,1.0,-6.7,3.8736103,-7.7056894,-11.290184,1.3409861,-7.8310246,-9.473252,72.65625,101.0,-23.876404,90.458664,6.7262816,-4.2273655,90.45495,-10.066667,-3.7980866,5.1566668,0.84,3.533333,1.4166666,1297139.9,2.2913885,8.252059,3.95,12.0,2016.0,2.0,2.83,244,8,27
0.9,0.81027967,-1.5380999,3.9468102,13.607496,-4.3458066,-6.670156,36.458332,-32.432434,-34.705883,300.2761,11.537889,-1.0281287,300.27707,-2.8,2.5560758,1.2321033,0.98333335,3.6,2.0,2047069.9,3.7488155,10.99674,2.53,12.0,2014.0,4.0,-3.0,0.4746945,5.366242,53.616444,79.02205,-9.881472,-16.522388,-947.619,-81.304344,4.7808766,501.0762,11.296419,1.3060762,501.11124,-15.633333,4.896608,1.0242646,0.69666666,3.533333,1.9166666,2035994.5,3.5714314,10.408687,2.63,12.0,2015.0,1.0,-7.233333,0.7663723,6.324698,6.189851,12.331565,-11.638354,-14.8900795,-495.34885,58.73016,235.84906,648.5732,8.96082,-5.8087873,648.64685,-15.566667,1.3585048,1.9679742,0.56333333,3.666667,1.6666666,972295.7,1.7241849,5.244622,2.1,12.0,2015.0,2.0,-9.633333,2.5702763,-6.8856735,36.100815,37.603985,-12.327404,-18.420761,-827.7778,39.17526,236.70886,1333.3276,7.3644886,-8.955873,1334.055,-18.733334,-3.821808,1.8289558,0.64666665,3.633333,1.5,1413832.2,2.4849234,7.5661635,3.35,12.0,2015.0,3.0,-11.766666,3.1727095,3.3223279,-0.9079747,5.149927,-12.213271,-14.949631,322.9508,842.0,201.8018,152.79303,6.649699,-5.2679634,152.79031,-17.8,0.95871437,4.8474555,0.92,3.533333,1.5,1863411.6,3.2688043,9.282299,3.6,12.0,2015.0,4.0,-13.733334,2.4598854,-5.0257273,28.455576,14.772416,-9.37164,-13.2393675,63.18182,118.60465,-33.460075,185.68214,7.7216587,-6.017312,185.6971,-15.966666,-4.4579854,3.7733333,0.8566667,3.7,1.5,2020741.2,3.547353,10.693868,3.1,12.0,2016.0,1.0,-6.7,3.8736103,-7.7056894,-11.290184,1.3409861,-7.8310246,-9.473252,72.65625,101.0,-23.876404,90.458664,6.7262816,-4.2273655,90.45495,-10.066667,-3.7980866,5.1566668,0.84,3.533333,1.4166666,1297139.9,2.2913885,8.252059,3.95,12.0,2016.0,2.0,-4.633333,2.6068609,10.577027,-13.235222,-22.528296,-2.456672,1.6749152,153.05344,28.88889,-60.714287,27.141811,11.695687,8.702822,27.141588,-4.733333,4.727374,3.3933334,0.7366667,3.833333,1.25,1530101.0,2.7060428,7.2819405,2.83,12.0,2016.0,3.0,2.83,245,8,27
-3.0,0.4746945,5.366242,53.616444,79.02205,-9.881472,-16.522388,-947.619,-81.304344,4.7808766,501.0762,11.296419,1.3060762,501.11124,-15.633333,4.896608,1.0242646,0.69666666,3.533333,1.9166666,2035994.5,3.5714314,10.408687,2.63,12.0,2015.0,1.0,-7.233333,0.7663723,6.324698,6.189851,12.331565,-11.638354,-14.8900795,-495.34885,58.73016,235.84906,648.5732,8.96082,-5.8087873,648.64685,-15.566667,1.3585048,1.9679742,0.56333333,3.666667,1.6666666,972295.7,1.7241849,5.244622,2.1,12.0,2015.0,2.0,-9.633333,2.5702763,-6.8856735,36.100815,37.603985,-12.327404,-18.420761,-827.7778,39.17526,236.70886,1333.3276,7.3644886,-8.955873,1334.055,-18.733334,-3.821808,1.8289558,0.64666665,3.633333,1.5,1413832.2,2.4849234,7.5661635,3.35,12.0,2015.0,3.0,-11.766666,3.1727095,3.3223279,-0.9079747,5.149927,-12.213271,-14.949631,322.9508,842.0,201.8018,152.79303,6.649699,-5.2679634,152.79031,-17.8,0.95871437,4.8474555,0.92,3.533333,1.5,1863411.6,3.2688043,9.282299,3.6,12.0,2015.0,4.0,-13.733334,2.4598854,-5.0257273,28.455576,14.772416,-9.37164,-13.2393675,63.18182,118.60465,-33.460075,185.68214,7.7216587,-6.017312,185.6971,-15.966666,-4.4579854,3.7733333,0.8566667,3.7,1.5,2020741.2,3.547353,10.693868,3.1,12.0,2016.0,1.0,-6.7,3.8736103,-7.7056894,-11.290184,1.3409861,-7.8310246,-9.473252,72.65625,101.0,-23.876404,90.458664,6.7262816,-4.2273655,90.45495,-10.066667,-3.7980866,5.1566668,0.84,3.533333,1.4166666,1297139.9,2.2913885,8.252059,3.95,12.0,2016.0,2.0,-4.633333,2.6068609,10.577027,-13.235222,-22.528296,-2.456672,1.6749152,153.05344,28.88889,-60.714287,27.141811,11.695687,8.702822,27.141588,-4.733333,4.727374,3.3933334,0.7366667,3.833333,1.25,1530101.0,2.7060428,7.2819405,2.83,12.0,2016.0,3.0,1.8,2.6166863,0.947871,-9.785431,-16.902294,0.50200796,3.8930478,-430.88235,-64.33121,84.477615,37.504005,8.841814,2.6039338,37.5069,4.233333,1.7335701,3.4833333,1.4533334,3.666667,1.25,2049480.0,3.612198,10.577581,2.83,12.0,2016.0,4.0,3.58,246,8,27
-7.233333,0.7663723,6.324698,6.189851,12.331565,-11.638354,-14.8900795,-495.34885,58.73016,235.84906,648.5732,8.96082,-5.8087873,648.64685,-15.566667,1.3585048,1.9679742,0.56333333,3.666667,1.6666666,972295.7,1.7241849,5.244622,2.1,12.0,2015.0,2.0,-9.633333,2.5702763,-6.8856735,36.100815,37.603985,-12.327404,-18.420761,-827.7778,39.17526,236.70886,1333.3276,7.3644886,-8.955873,1334.055,-18.733334,-3.821808,1.8289558,0.64666665,3.633333,1.5,1413832.2,2.4849234,7.5661635,3.35,12.0,2015.0,3.0,-11.766666,3.1727095,3.3223279,-0.9079747,5.149927,-12.213271,-14.949631,322.9508,842.0,201.8018,152.79303,6.649699,-5.2679634,152.79031,-17.8,0.95871437,4.8474555,0.92,3.533333,1.5,1863411.6,3.2688043,9.282299,3.6,12.0,2015.0,4.0,-13.733334,2.4598854,-5.0257273,28.455576,14.772416,-9.37164,-13.2393675,63.18182,118.60465,-33.460075,185.68214,7.7216587,-6.017312,185.6971,-15.966666,-4.4579854,3.7733333,0.8566667,3.7,1.5,2020741.2,3.547353,10.693868,3.1,12.0,2016.0,1.0,-6.7,3.8736103,-7.7056894,-11.290184,1.3409861,-7.8310246,-9.473252,72.65625,101.0,-23.876404,90.458664,6.7262816,-4.2273655,90.45495,-10.066667,-3.7980866,5.1566668,0.84,3.533333,1.4166666,1297139.9,2.2913885,8.252059,3.95,12.0,2016.0,2.0,-4.633333,2.6068609,10.577027,-13.235222,-22.528296,-2.456672,1.6749152,153.05344,28.88889,-60.714287,27.141811,11.695687,8.702822,27.141588,-4.733333,4.727374,3.3933334,0.7366667,3.833333,1.25,1530101.0,2.7060428,7.2819405,2.83,12.0,2016.0,3.0,1.8,2.6166863,0.947871,-9.785431,-16.902294,0.50200796,3.8930478,-430.88235,-64.33121,84.477615,37.504005,8.841814,2.6039338,37.5069,4.233333,1.7335701,3.4833333,1.4533334,3.666667,1.25,2049480.0,3.612198,10.577581,2.83,12.0,2016.0,4.0,14.766666,4.0255237,13.900309,-32.311943,-39.393272,12.874924,23.951305,583.9506,496.8085,-3.4285715,9.636503,11.392168,11.804642,9.63447,24.0,6.264568,4.08,2.2,3.666667,1.25,2291857.8,4.0201964,11.350943,3.58,12.0,2017.0,1.0,3.05,247,8,27
-9.633333,2.5702763,-6.8856735,36.100815,37.603985,-12.327404,-18.420761,-827.7778,39.17526,236.70886,1333.3276,7.3644886,-8.955873,1334.055,-18.733334,-3.821808,1.8289558,0.64666665,3.633333,1.5,1413832.2,2.4849234,7.5661635,3.35,12.0,2015.0,3.0,-11.766666,3.1727095,3.3223279,-0.9079747,5.149927,-12.213271,-14.949631,322.9508,842.0,201.8018,152.79303,6.649699,-5.2679634,152.79031,-17.8,0.95871437,4.8474555,0.92,3.533333,1.5,1863411.6,3.2688043,9.282299,3.6,12.0,2015.0,4.0,-13.733334,2.4598854,-5.0257273,28.455576,14.772416,-9.37164,-13.2393675,63.18182,118.60465,-33.460075,185.68214,7.7216587,-6.017312,185.6971,-15.966666,-4.4579854,3.7733333,0.8566667,3.7,1.5,2020741.2,3.547353,10.693868,3.1,12.0,2016.0,1.0,-6.7,3.8736103,-7.7056894,-11.290184,1.3409861,-7.8310246,-9.473252,72.65625,101.0,-23.876404,90.458664,6.7262816,-4.2273655,90.45495,-10.066667,-3.7980866,5.1566668,0.84,3.533333,1.4166666,1297139.9,2.2913885,8.252059,3.95,12.0,2016.0,2.0,-4.633333,2.6068609,10.577027,-13.235222,-22.528296,-2.456672,1.6749152,153.05344,28.88889,-60.714287,27.141811,11.695687,8.702822,27.141588,-4.733333,4.727374,3.3933334,0.7366667,3.833333,1.25,1530101.0,2.7060428,7.2819405,2.83,12.0,2016.0,3.0,1.8,2.6166863,0.947871,-9.785431,-16.902294,0.50200796,3.8930478,-430.88235,-64.33121,84.477615,37.504005,8.841814,2.6039338,37.5069,4.233333,1.7335701,3.4833333,1.4533334,3.666667,1.25,2049480.0,3.612198,10.577581,2.83,12.0,2016.0,4.0,14.766666,4.0255237,13.900309,-32.311943,-39.393272,12.874924,23.951305,583.9506,496.8085,-3.4285715,9.636503,11.392168,11.804642,9.63447,24.0,6.264568,4.08,2.2,3.666667,1.25,2291857.8,4.0201964,11.350943,3.58,12.0,2017.0,1.0,16.766666,2.6140957,19.868473,-45.18627,-46.630978,7.998644,18.94842,-762.8571,486.56717,557.9336,-5.8815856,11.570833,16.111315,-5.8820252,18.633333,5.380663,2.65,1.9233333,3.633333,1.25,1493548.6,2.6198657,7.165176,3.05,12.0,2017.0,2.0,4.07,248,8,27
-11.766666,3.1727095,3.3223279,-0.9079747,5.149927,-12.213271,-14.949631,322.9508,842.0,201.8018,152.79303,6.649699,-5.2679634,152.79031,-17.8,0.95871437,4.8474555,0.92,3.533333,1.5,1863411.6,3.2688043,9.282299,3.6,12.0,2015.0,4.0,-13.733334,2.4598854,-5.0257273,28.455576,14.772416,-9.37164,-13.2393675,63.18182,118.60465,-33.460075,185.68214,7.7216587,-6.017312,185.6971,-15.966666,-4.4579854,3.7733333,0.8566667,3.7,1.5,2020741.2,3.547353,10.693868,3.1,12.0,2016.0,1.0,-6.7,3.8736103,-7.7056894,-11.290184,1.3409861,-7.8310246,-9.473252,72.65625,101.0,-23.876404,90.458664,6.7262816,-4.2273655,90.45495,-10.066667,-3.7980866,5.1566668,0.84,3.533333,1.4166666,1297139.9,2.2913885,8.252059,3.95,12.0,2016.0,2.0,-4.633333,2.6068609,10.577027,-13.235222,-22.528296,-2.456672,1.6749152,153.05344,28.88889,-60.714287,27.141811,11.695687,8.702822,27.141588,-4.733333,4.727374,3.3933334,0.7366667,3.833333,1.25,1530101.0,2.7060428,7.2819405,2.83,12.0,2016.0,3.0,1.8,2.6166863,0.947871,-9.785431,-16.902294,0.50200796,3.8930478,-430.88235,-64.33121,84.477615,37.504005,8.841814,2.6039338,37.5069,4.233333,1.7335701,3.4833333,1.4533334,3.666667,1.25,2049480.0,3.612198,10.577581,2.83,12.0,2016.0,4.0,14.766666,4.0255237,13.900309,-32.311943,-39.393272,12.874924,23.951305,583.9506,496.8085,-3.4285715,9.636503,11.392168,11.804642,9.63447,24.0,6.264568,4.08,2.2,3.666667,1.25,2291857.8,4.0201964,11.350943,3.58,12.0,2017.0,1.0,16.766666,2.6140957,19.868473,-45.18627,-46.630978,7.998644,18.94842,-762.8571,486.56717,557.9336,-5.8815856,11.570833,16.111315,-5.8820252,18.633333,5.380663,2.65,1.9233333,3.633333,1.25,1493548.6,2.6198657,7.165176,3.05,12.0,2017.0,2.0,23.9,2.9470992,15.544858,21.204739,19.233526,13.606221,12.72362,-142.44604,14.367816,118.660286,17.253233,11.174838,9.796894,17.254938,17.966667,-1.2707709,4.9066668,2.22,3.766667,1.25,1773505.2,3.1113188,8.297326,4.07,12.0,2017.0,3.0,3.04,249,8,27
-13.733334,2.4598854,-5.0257273,28.455576,14.772416,-9.37164,-13.2393675,63.18182,118.60465,-33.460075,185.68214,7.7216587,-6.017312,185.6971,-15.966666,-4.4579854,3.7733333,0.8566667,3.7,1.5,2020741.2,3.547353,10.693868,3.1,12.0,2016.0,1.0,-6.7,3.8736103,-7.7056894,-11.290184,1.3409861,-7.8310246,-9.473252,72.65625,101.0,-23.876404,90.458664,6.7262816,-4.2273655,90.45495,-10.066667,-3.7980866,5.1566668,0.84,3.533333,1.4166666,1297139.9,2.2913885,8.252059,3.95,12.0,2016.0,2.0,-4.633333,2.6068609,10.577027,-13.235222,-22.528296,-2.456672,1.6749152,153.05344,28.88889,-60.714287,27.141811,11.695687,8.702822,27.141588,-4.733333,4.727374,3.3933334,0.7366667,3.833333,1.25,1530101.0,2.7060428,7.2819405,2.83,12.0,2016.0,3.0,1.8,2.6166863,0.947871,-9.785431,-16.902294,0.50200796,3.8930478,-430.88235,-64.33121,84.477615,37.504005,8.841814,2.6039338,37.5069,4.233333,1.7335701,3.4833333,1.4533334,3.666667,1.25,2049480.0,3.612198,10.577581,2.83,12.0,2016.0,4.0,14.766666,4.0255237,13.900309,-32.311943,-39.393272,12.874924,23.951305,583.9506,496.8085,-3.4285715,9.636503,11.392168,11.804642,9.63447,24.0,6.264568,4.08,2.2,3.666667,1.25,2291857.8,4.0201964,11.350943,3.58,12.0,2017.0,1.0,16.766666,2.6140957,19.868473,-45.18627,-46.630978,7.998644,18.94842,-762.8571,486.56717,557.9336,-5.8815856,11.570833,16.111315,-5.8820252,18.633333,5.380663,2.65,1.9233333,3.633333,1.25,1493548.6,2.6198657,7.165176,3.05,12.0,2017.0,2.0,23.9,2.9470992,15.544858,21.204739,19.233526,13.606221,12.72362,-142.44604,14.367816,118.660286,17.253233,11.174838,9.796894,17.254938,17.966667,-1.2707709,4.9066668,2.22,3.766667,1.25,1773505.2,3.1113188,8.297326,4.07,12.0,2017.0,3.0,8.4,2.3482912,35.615326,-5.060324,-16.999243,7.725219,11.578278,100.666664,112.5,-42.718445,-6.9101357,17.387474,24.47362,-6.9102597,11.466666,1.7757833,3.4133334,1.44,3.7,1.4166666,2348709.8,4.1199217,11.498714,3.04,12.0,2017.0,4.0,3.38,250,8,27
-6.7,3.8736103,-7.7056894,-11.290184,1.3409861,-7.8310246,-9.473252,72.65625,101.0,-23.876404,90.458664,6.7262816,-4.2273655,90.45495,-10.066667,-3.7980866,5.1566668,0.84,3.533333,1.4166666,1297139.9,2.2913885,8.252059,3.95,12.0,2016.0,2.0,-4.633333,2.6068609,10.577027,-13.235222,-22.528296,-2.456672,1.6749152,153.05344,28.88889,-60.714287,27.141811,11.695687,8.702822,27.141588,-4.733333,4.727374,3.3933334,0.7366667,3.833333,1.25,1530101.0,2.7060428,7.2819405,2.83,12.0,2016.0,3.0,1.8,2.6166863,0.947871,-9.785431,-16.902294,0.50200796,3.8930478,-430.88235,-64.33121,84.477615,37.504005,8.841814,2.6039338,37.5069,4.233333,1.7335701,3.4833333,1.4533334,3.666667,1.25,2049480.0,3.612198,10.577581,2.83,12.0,2016.0,4.0,14.766666,4.0255237,13.900309,-32.311943,-39.393272,12.874924,23.951305,583.9506,496.8085,-3.4285715,9.636503,11.392168,11.804642,9.63447,24.0,6.264568,4.08,2.2,3.666667,1.25,2291857.8,4.0201964,11.350943,3.58,12.0,2017.0,1.0,16.766666,2.6140957,19.868473,-45.18627,-46.630978,7.998644,18.94842,-762.8571,486.56717,557.9336,-5.8815856,11.570833,16.111315,-5.8820252,18.633333,5.380663,2.65,1.9233333,3.633333,1.25,1493548.6,2.6198657,7.165176,3.05,12.0,2017.0,2.0,23.9,2.9470992,15.544858,21.204739,19.233526,13.606221,12.72362,-142.44604,14.367816,118.660286,17.253233,11.174838,9.796894,17.254938,17.966667,-1.2707709,4.9066668,2.22,3.766667,1.25,1773505.2,3.1113188,8.297326,4.07,12.0,2017.0,3.0,8.4,2.3482912,35.615326,-5.060324,-16.999243,7.725219,11.578278,100.666664,112.5,-42.718445,-6.9101357,17.387474,24.47362,-6.9102597,11.466666,1.7757833,3.4133334,1.44,3.7,1.4166666,2348709.8,4.1199217,11.498714,3.04,12.0,2017.0,4.0,10.3,1.3959823,31.092098,-28.768414,-31.204084,8.76149,12.902595,-145.15306,-75.04456,87.57397,18.217802,14.624065,13.796747,18.219345,14.1,0.44808525,5.97,1.0766667,3.733333,1.5,2428319.5,4.25958,14.422457,3.38,12.0,2018.0,1.0,3.42,251,8,27
-4.633333,2.6068609,10.577027,-13.235222,-22.528296,-2.456672,1.6749152,153.05344,28.88889,-60.714287,27.141811,11.695687,8.702822,27.141588,-4.733333,4.727374,3.3933334,0.7366667,3.833333,1.25,1530101.0,2.7060428,7.2819405,2.83,12.0,2016.0,3.0,1.8,2.6166863,0.947871,-9.785431,-16.902294,0.50200796,3.8930478,-430.88235,-64.33121,84.477615,37.504005,8.841814,2.6039338,37.5069,4.233333,1.7335701,3.4833333,1.4533334,3.666667,1.25,2049480.0,3.612198,10.577581,2.83,12.0,2016.0,4.0,14.766666,4.0255237,13.900309,-32.311943,-39.393272,12.874924,23.951305,583.9506,496.8085,-3.4285715,9.636503,11.392168,11.804642,9.63447,24.0,6.264568,4.08,2.2,3.666667,1.25,2291857.8,4.0201964,11.350943,3.58,12.0,2017.0,1.0,16.766666,2.6140957,19.868473,-45.18627,-46.630978,7.998644,18.94842,-762.8571,486.56717,557.9336,-5.8815856,11.570833,16.111315,-5.8820252,18.633333,5.380663,2.65,1.9233333,3.633333,1.25,1493548.6,2.6198657,7.165176,3.05,12.0,2017.0,2.0,23.9,2.9470992,15.544858,21.204739,19.233526,13.606221,12.72362,-142.44604,14.367816,118.660286,17.253233,11.174838,9.796894,17.254938,17.966667,-1.2707709,4.9066668,2.22,3.766667,1.25,1773505.2,3.1113188,8.297326,4.07,12.0,2017.0,3.0,8.4,2.3482912,35.615326,-5.060324,-16.999243,7.725219,11.578278,100.666664,112.5,-42.718445,-6.9101357,17.387474,24.47362,-6.9102597,11.466666,1.7757833,3.4133334,1.44,3.7,1.4166666,2348709.8,4.1199217,11.498714,3.04,12.0,2017.0,4.0,10.3,1.3959823,31.092098,-28.768414,-31.204084,8.76149,12.902595,-145.15306,-75.04456,87.57397,18.217802,14.624065,13.796747,18.219345,14.1,0.44808525,5.97,1.0766667,3.733333,1.5,2428319.5,4.25958,14.422457,3.38,12.0,2018.0,1.0,3.4666667,2.3738694,16.002516,8.001701,26.342442,11.831554,10.526581,187.41722,-38.337574,-88.839035,42.58669,11.464255,4.9011054,42.58707,13.1,0.65263397,6.12,1.4933333,3.7,1.5,1420601.6,0.6445114,3.9019492,3.42,12.0,2018.0,2.0,2.55,252,8,27
1.8,2.6166863,0.947871,-9.785431,-16.902294,0.50200796,3.8930478,-430.88235,-64.33121,84.477615,37.504005,8.841814,2.6039338,37.5069,4.233333,1.7335701,3.4833333,1.4533334,3.666667,1.25,2049480.0,3.612198,10.577581,2.83,12.0,2016.0,4.0,14.766666,4.0255237,13.900309,-32.311943,-39.393272,12.874924,23.951305,583.9506,496.8085,-3.4285715,9.636503,11.392168,11.804642,9.63447,24.0,6.264568,4.08,2.2,3.666667,1.25,2291857.8,4.0201964,11.350943,3.58,12.0,2017.0,1.0,16.766666,2.6140957,19.868473,-45.18627,-46.630978,7.998644,18.94842,-762.8571,486.56717,557.9336,-5.8815856,11.570833,16.111315,-5.8820252,18.633333,5.380663,2.65,1.9233333,3.633333,1.25,1493548.6,2.6198657,7.165176,3.05,12.0,2017.0,2.0,23.9,2.9470992,15.544858,21.204739,19.233526,13.606221,12.72362,-142.44604,14.367816,118.660286,17.253233,11.174838,9.796894,17.254938,17.966667,-1.2707709,4.9066668,2.22,3.766667,1.25,1773505.2,3.1113188,8.297326,4.07,12.0,2017.0,3.0,8.4,2.3482912,35.615326,-5.060324,-16.999243,7.725219,11.578278,100.666664,112.5,-42.718445,-6.9101357,17.387474,24.47362,-6.9102597,11.466666,1.7757833,3.4133334,1.44,3.7,1.4166666,2348709.8,4.1199217,11.498714,3.04,12.0,2017.0,4.0,10.3,1.3959823,31.092098,-28.768414,-31.204084,8.76149,12.902595,-145.15306,-75.04456,87.57397,18.217802,14.624065,13.796747,18.219345,14.1,0.44808525,5.97,1.0766667,3.733333,1.5,2428319.5,4.25958,14.422457,3.38,12.0,2018.0,1.0,3.4666667,2.3738694,16.002516,8.001701,26.342442,11.831554,10.526581,187.41722,-38.337574,-88.839035,42.58669,11.464255,4.9011054,42.58707,13.1,0.65263397,6.12,1.4933333,3.7,1.5,1420601.6,0.6445114,3.9019492,3.42,12.0,2018.0,2.0,2.2333333,1.8254745,4.3015943,-3.1683865,10.586444,6.989611,6.3928957,1162.7119,113.81909,-50.984684,31.485308,9.913031,4.6930346,31.48095,8.033334,3.303633,5.903333,1.5466666,4.133333,1.5,1792464.0,3.1454127,9.052633,2.55,12.0,2018.0,3.0,3.37,253,8,27
14.766666,4.0255237,13.900309,-32.311943,-39.393272,12.874924,23.951305,583.9506,496.8085,-3.4285715,9.636503,11.392168,11.804642,9.63447,24.0,6.264568,4.08,2.2,3.666667,1.25,2291857.8,4.0201964,11.350943,3.58,12.0,2017.0,1.0,16.766666,2.6140957,19.868473,-45.18627,-46.630978,7.998644,18.94842,-762.8571,486.56717,557.9336,-5.8815856,11.570833,16.111315,-5.8820252,18.633333,5.380663,2.65,1.9233333,3.633333,1.25,1493548.6,2.6198657,7.165176,3.05,12.0,2017.0,2.0,23.9,2.9470992,15.544858,21.204739,19.233526,13.606221,12.72362,-142.44604,14.367816,118.660286,17.253233,11.174838,9.796894,17.254938,17.966667,-1.2707709,4.9066668,2.22,3.766667,1.25,1773505.2,3.1113188,8.297326,4.07,12.0,2017.0,3.0,8.4,2.3482912,35.615326,-5.060324,-16.999243,7.725219,11.578278,100.666664,112.5,-42.718445,-6.9101357,17.387474,24.47362,-6.9102597,11.466666,1.7757833,3.4133334,1.44,3.7,1.4166666,2348709.8,4.1199217,11.498714,3.04,12.0,2017.0,4.0,10.3,1.3959823,31.092098,-28.768414,-31.204084,8.76149,12.902595,-145.15306,-75.04456,87.57397,18.217802,14.624065,13.796747,18.219345,14.1,0.44808525,5.97,1.0766667,3.733333,1.5,2428319.5,4.25958,14.422457,3.38,12.0,2018.0,1.0,3.4666667,2.3738694,16.002516,8.001701,26.342442,11.831554,10.526581,187.41722,-38.337574,-88.839035,42.58669,11.464255,4.9011054,42.58707,13.1,0.65263397,6.12,1.4933333,3.7,1.5,1420601.6,0.6445114,3.9019492,3.42,12.0,2018.0,2.0,2.2333333,1.8254745,4.3015943,-3.1683865,10.586444,6.989611,6.3928957,1162.7119,113.81909,-50.984684,31.485308,9.913031,4.6930346,31.48095,8.033334,3.303633,5.903333,1.5466666,4.133333,1.5,1792464.0,3.1454127,9.052633,2.55,12.0,2018.0,3.0,8.133333,1.0773777,-17.791279,-11.239605,3.5425553,9.185374,9.839524,72866.664,609.2437,-3.1073446,66.67124,5.7954025,-7.481496,66.66885,13.533334,1.5736125,4.69,1.7866666,3.9,1.6666666,2344748.0,4.1129723,11.414364,3.37,12.0,2018.0,4.0,1.94,254,8,27
16.766666,2.6140957,19.868473,-45.18627,-46.630978,7.998644,18.94842,-762.8571,486.56717,557.9336,-5.8815856,11.570833,16.111315,-5.8820252,18.633333,5.380663,2.65,1.9233333,3.633333,1.25,1493548.6,2.6198657,7.165176,3.05,12.0,2017.0,2.0,23.9,2.9470992,15.544858,21.204739,19.233526,13.606221,12.72362,-142.44604,14.367816,118.660286,17.253233,11.174838,9.796894,17.254938,17.966667,-1.2707709,4.9066668,2.22,3.766667,1.25,1773505.2,3.1113188,8.297326,4.07,12.0,2017.0,3.0,8.4,2.3482912,35.615326,-5.060324,-16.999243,7.725219,11.578278,100.666664,112.5,-42.718445,-6.9101357,17.387474,24.47362,-6.9102597,11.466666,1.7757833,3.4133334,1.44,3.7,1.4166666,2348709.8,4.1199217,11.498714,3.04,12.0,2017.0,4.0,10.3,1.3959823,31.092098,-28.768414,-31.204084,8.76149,12.902595,-145.15306,-75.04456,87.57397,18.217802,14.624065,13.796747,18.219345,14.1,0.44808525,5.97,1.0766667,3.733333,1.5,2428319.5,4.25958,14.422457,3.38,12.0,2018.0,1.0,3.4666667,2.3738694,16.002516,8.001701,26.342442,11.831554,10.526581,187.41722,-38.337574,-88.839035,42.58669,11.464255,4.9011054,42.58707,13.1,0.65263397,6.12,1.4933333,3.7,1.5,1420601.6,0.6445114,3.9019492,3.42,12.0,2018.0,2.0,2.2333333,1.8254745,4.3015943,-3.1683865,10.586444,6.989611,6.3928957,1162.7119,113.81909,-50.984684,31.485308,9.913031,4.6930346,31.48095,8.033334,3.303633,5.903333,1.5466666,4.133333,1.5,1792464.0,3.1454127,9.052633,2.55,12.0,2018.0,3.0,8.133333,1.0773777,-17.791279,-11.239605,3.5425553,9.185374,9.839524,72866.664,609.2437,-3.1073446,66.67124,5.7954025,-7.481496,66.66885,13.533334,1.5736125,4.69,1.7866666,3.9,1.6666666,2344748.0,4.1129723,11.414364,3.37,12.0,2018.0,4.0,-8.633333,-0.26119268,-16.644194,-22.960667,-4.039476,-7.3677096,-7.577847,-118.644066,49.285713,88.01262,57.4154,6.132782,-6.1266074,57.415466,-6.7,0.29485476,0.93666667,0.54,3.9,1.75,2348675.2,4.1198807,11.87121,1.94,12.0,2019.0,1.0,2.49,255,8,27
23.9,2.9470992,15.544858,21.204739,19.233526,13.606221,12.72362,-142.44604,14.367816,118.660286,17.253233,11.174838,9.796894,17.254938,17.966667,-1.2707709,4.9066668,2.22,3.766667,1.25,1773505.2,3.1113188,8.297326,4.07,12.0,2017.0,3.0,8.4,2.3482912,35.615326,-5.060324,-16.999243,7.725219,11.578278,100.666664,112.5,-42.718445,-6.9101357,17.387474,24.47362,-6.9102597,11.466666,1.7757833,3.4133334,1.44,3.7,1.4166666,2348709.8,4.1199217,11.498714,3.04,12.0,2017.0,4.0,10.3,1.3959823,31.092098,-28.768414,-31.204084,8.76149,12.902595,-145.15306,-75.04456,87.57397,18.217802,14.624065,13.796747,18.219345,14.1,0.44808525,5.97,1.0766667,3.733333,1.5,2428319.5,4.25958,14.422457,3.38,12.0,2018.0,1.0,3.4666667,2.3738694,16.002516,8.001701,26.342442,11.831554,10.526581,187.41722,-38.337574,-88.839035,42.58669,11.464255,4.9011054,42.58707,13.1,0.65263397,6.12,1.4933333,3.7,1.5,1420601.6,0.6445114,3.9019492,3.42,12.0,2018.0,2.0,2.2333333,1.8254745,4.3015943,-3.1683865,10.586444,6.989611,6.3928957,1162.7119,113.81909,-50.984684,31.485308,9.913031,4.6930346,31.48095,8.033334,3.303633,5.903333,1.5466666,4.133333,1.5,1792464.0,3.1454127,9.052633,2.55,12.0,2018.0,3.0,8.133333,1.0773777,-17.791279,-11.239605,3.5425553,9.185374,9.839524,72866.664,609.2437,-3.1073446,66.67124,5.7954025,-7.481496,66.66885,13.533334,1.5736125,4.69,1.7866666,3.9,1.6666666,2344748.0,4.1129723,11.414364,3.37,12.0,2018.0,4.0,-8.633333,-0.26119268,-16.644194,-22.960667,-4.039476,-7.3677096,-7.577847,-118.644066,49.285713,88.01262,57.4154,6.132782,-6.1266074,57.415466,-6.7,0.29485476,0.93666667,0.54,3.9,1.75,2348675.2,4.1198807,11.87121,1.94,12.0,2019.0,1.0,-8.566667,-0.033760756,-18.835861,-18.136232,-41.8386,-7.788985,-4.288708,-165.5303,-27.372765,339.19598,44.644,9.383908,-0.72272533,44.64315,-3.2333333,-3.2008944,2.1033332,0.6533333,3.866667,1.75,1542005.4,2.7048645,7.383052,2.49,12.0,2019.0,2.0,2.18,256,8,27
8.4,2.3482912,35.615326,-5.060324,-16.999243,7.725219,11.578278,100.666664,112.5,-42.718445,-6.9101357,17.387474,24.47362,-6.9102597,11.466666,1.7757833,3.4133334,1.44,3.7,1.4166666,2348709.8,4.1199217,11.498714,3.04,12.0,2017.0,4.0,10.3,1.3959823,31.092098,-28.768414,-31.204084,8.76149,12.902595,-145.15306,-75.04456,87.57397,18.217802,14.624065,13.796747,18.219345,14.1,0.44808525,5.97,1.0766667,3.733333,1.5,2428319.5,4.25958,14.422457,3.38,12.0,2018.0,1.0,3.4666667,2.3738694,16.002516,8.001701,26.342442,11.831554,10.526581,187.41722,-38.337574,-88.839035,42.58669,11.464255,4.9011054,42.58707,13.1,0.65263397,6.12,1.4933333,3.7,1.5,1420601.6,0.6445114,3.9019492,3.42,12.0,2018.0,2.0,2.2333333,1.8254745,4.3015943,-3.1683865,10.586444,6.989611,6.3928957,1162.7119,113.81909,-50.984684,31.485308,9.913031,4.6930346,31.48095,8.033334,3.303633,5.903333,1.5466666,4.133333,1.5,1792464.0,3.1454127,9.052633,2.55,12.0,2018.0,3.0,8.133333,1.0773777,-17.791279,-11.239605,3.5425553,9.185374,9.839524,72866.664,609.2437,-3.1073446,66.67124,5.7954025,-7.481496,66.66885,13.533334,1.5736125,4.69,1.7866666,3.9,1.6666666,2344748.0,4.1129723,11.414364,3.37,12.0,2018.0,4.0,-8.633333,-0.26119268,-16.644194,-22.960667,-4.039476,-7.3677096,-7.577847,-118.644066,49.285713,88.01262,57.4154,6.132782,-6.1266074,57.415466,-6.7,0.29485476,0.93666667,0.54,3.9,1.75,2348675.2,4.1198807,11.87121,1.94,12.0,2019.0,1.0,-8.566667,-0.033760756,-18.835861,-18.136232,-41.8386,-7.788985,-4.288708,-165.5303,-27.372765,339.19598,44.644,9.383908,-0.72272533,44.64315,-3.2333333,-3.2008944,2.1033332,0.6533333,3.866667,1.75,1542005.4,2.7048645,7.383052,2.49,12.0,2019.0,2.0,-12.333333,0.82891065,-20.69227,-45.505028,-30.448814,-8.250886,-4.4230895,-203.18979,-92.0094,219.19643,44.000854,7.731739,-3.2933843,44.004154,-4.1666665,-4.538019,1.07,0.046666667,3.7,1.5,1910504.6,3.3558667,9.174037,2.18,12.0,2019.0,3.0,2.63,257,8,27
