feature_0,feature_1,feature_2,feature_3,feature_4,feature_5,feature_6,feature_7,feature_8,feature_9,feature_10,feature_11,feature_12,feature_13,feature_14,feature_15,feature_16,feature_17,feature_18,feature_19,feature_20,feature_21,feature_22,feature_23,feature_24,feature_25,target_GDP,target_country_code,target_year,target_quarter,sample_id
0.79790324,0.68483776,0.2734859,0.3833218,0.6880738,0.74097455,0.7580155,0.4860938,0.0011432222,0.0064313305,0.43538532,0.6952169,0.71717757,0.43503872,0.7014185,0.59056044,0.5117711,0.1545626,0.074792236,0.25311205,0.15963206,0.05204891,0.022591967,0.0,2013.0,1.0,7.9,0.0,2013.0,1.0,0
0.5861181,0.66831857,0.23560293,0.38130388,0.68474114,0.6227095,0.72101426,0.48602262,0.001237038,0.030461702,0.43648726,0.7184445,0.71919906,0.43614072,0.63930094,0.6210097,0.5161383,0.15219899,0.074792236,0.25311205,0.12669414,0.03989348,0.020710284,0.0,2013.0,2.0,7.6,0.0,2013.0,2.0,1
0.58310765,0.7025369,0.28000614,0.3767911,0.6833565,0.6047758,0.7770694,0.4857781,0.0010528712,0.029973308,0.434627,0.7787701,0.8220965,0.43428037,0.6872798,0.64520824,0.518493,0.16830498,0.07229916,0.25311205,0.13003676,0.04159,0.028905038,0.0,2013.0,3.0,7.9,0.0,2013.0,3.0,2
0.63395137,0.698997,0.2873172,0.3736141,0.68425405,0.66530603,0.77210367,0.48543897,0.00084951054,0.12938307,0.4355205,0.8500167,0.87938946,0.43517393,0.66669756,0.6335324,0.52045906,0.17437863,0.07271467,0.25311205,0.2051882,0.06469709,0.02745411,0.0,2013.0,4.0,7.7,0.0,2013.0,4.0,3
0.45891327,0.6529794,0.20134167,0.37846735,0.68197876,0.50129414,0.63607377,0.4854209,0.00042732232,0.06433503,0.43695834,0.8586362,0.85729694,0.43661183,0.60685146,0.6203588,0.50846404,0.14752825,0.073961206,0.25311205,0.1643809,0.05283078,0.027830847,0.0,2014.0,1.0,7.5,0.0,2014.0,1.0,4
0.59892464,0.660059,0.23036495,0.3896305,0.6896414,0.6510846,0.6169271,0.4848529,0.00063315954,0.04361938,0.43549177,0.9023329,0.9321745,0.43514517,0.58914334,0.52588093,0.5103562,0.1446009,0.073961206,0.25311205,0.11246788,0.03990869,0.020268388,0.0,2014.0,2.0,7.6,0.0,2014.0,2.0,5
0.71341854,0.62702066,0.31355506,0.3829937,0.6926408,0.6823962,0.6208511,0.48550478,0.0004415212,0.005006261,0.4329352,0.7791122,0.8510594,0.43258846,0.5817727,0.54067683,0.50739014,0.13455302,0.073545694,0.25311205,0.15125805,0.047234293,0.019889127,0.0,2014.0,3.0,7.2,0.0,2014.0,3.0,6
0.6509152,0.61404127,0.4304122,0.3979132,0.6925781,0.6245654,0.5656845,0.48693505,0.0004151145,0.00021328902,0.42708418,0.65825605,0.83850616,0.4267371,0.5454756,0.62099534,0.5059119,0.11537276,0.074376725,0.24204703,0.182575,0.0673234,0.029353622,0.0,2014.0,4.0,7.3,0.0,2014.0,4.0,7
0.6679268,0.5668436,0.66405445,0.37629452,0.7456672,0.55925506,0.41883487,0.4861523,0.00040593997,0.0008798889,0.42239136,0.4981457,0.7648145,0.42204392,0.32370666,0.6574565,0.4961642,0.10159366,0.07271467,0.23305671,0.19346365,0.06065426,0.02157813,0.0,2015.0,1.0,7.1,0.0,2015.0,1.0,8
0.48562533,0.5668436,1.0,0.38009006,0.6855489,0.45481426,0.50518787,0.4868864,0.00020580461,1.6279297e-06,0.42163053,0.4482616,0.7126609,0.42128304,0.38248655,0.7247422,0.49438646,0.109506786,0.07229916,0.21576764,0.10888222,0.03714376,0.020794509,0.0,2015.0,2.0,7.1,0.0,2015.0,2.0,9
0.43568954,0.55504423,0.5643036,0.37279326,0.6853376,0.38496318,0.4342069,0.48524708,0.00018674247,0.0023965242,0.42639902,0.3772882,0.5503939,0.42605183,0.37057295,0.70082575,0.49818772,0.1245885,0.07271467,0.19847856,0.12062725,0.04053711,0.020316437,0.0,2015.0,3.0,7.0,0.0,2015.0,3.0,10
0.45035964,0.5538643,0.42566395,0.38059378,0.6864606,0.45958105,0.47489437,0.4854585,0.00033354576,0.016729822,0.43430182,0.3505153,0.39855143,0.43395507,0.40320787,0.6152803,0.5010677,0.11264604,0.07271467,0.1846473,0.17963539,0.05833767,0.028163666,0.0,2015.0,4.0,6.9,0.0,2015.0,4.0,11
0.35641345,0.5523618,0.1674253,0.3770374,0.68418926,0.3433368,0.4411875,0.4849072,0.0008315363,0.040739533,0.44159326,0.4228071,0.3735938,0.44124708,0.37460598,0.539004,0.49513984,0.14158584,0.07229916,0.1846473,0.14853776,0.05763353,0.025665998,0.0,2016.0,1.0,6.9,0.0,2016.0,1.0,12
0.4361196,0.559764,0.067617886,0.37670928,0.68544894,0.42818362,0.47826287,0.48514792,0.00041052987,0.06093001,0.4484834,0.4474642,0.32076797,0.44813767,0.47223252,0.48690638,0.49421594,0.13939565,0.07271467,0.1846473,0.11065704,0.041874778,0.019850034,0.0,2016.0,2.0,6.8,0.0,2016.0,2.0,13
0.42804384,0.5621239,0.21019913,0.38342732,0.6864063,0.51793826,0.5436373,0.47813433,0.00048683144,0.022910716,0.44432744,0.5909169,0.48328352,0.44398183,0.51070833,0.43899557,0.49632773,0.12214169,0.07229916,0.1846473,0.12789944,0.045946933,0.028715096,0.0,2016.0,3.0,6.8,0.0,2016.0,3.0,14
0.45131537,0.56094396,0.21128076,0.36806265,0.6821787,0.43537375,0.63516945,0.4852373,0.0007558699,0.011290316,0.43913144,0.60621613,0.5640352,0.43878508,0.6030966,0.44749588,0.4968557,0.14191586,0.07146814,0.1846473,0.18485565,0.060994823,0.025777206,0.0,2016.0,4.0,6.9,0.0,2016.0,4.0,15
0.6207626,0.59114844,0.35899502,0.35926732,0.68350613,0.7178511,0.8556501,0.48596278,0.00046970745,0.005501384,0.43413156,0.598454,0.6402538,0.43378487,0.92031336,0.4674995,0.49395195,0.111177504,0.06939057,0.1846473,0.2296332,0.0712764,0.024732059,0.0,2017.0,1.0,7.0,0.0,2017.0,1.0,16
0.64412963,0.5880826,0.33400565,0.3765248,0.6856183,0.7027091,0.77860564,0.48705348,0.0011928015,0.00365871,0.43107238,0.6098083,0.711902,0.4307255,0.764695,0.4810759,0.4987035,0.11048445,0.06855955,0.1846473,0.17460804,0.05417755,0.019687263,0.0,2017.0,2.0,7.0,0.0,2017.0,2.0,17
0.61832553,0.56920356,0.3681054,0.399446,0.68416035,0.635807,0.7664913,0.48681948,0.0029376496,0.0019534351,0.42932945,0.5909535,0.72588676,0.42898214,0.7745689,0.52968687,0.49447992,0.11896129,0.06855955,0.1846473,0.21482396,0.06661489,0.020617843,0.0,2017.0,3.0,6.9,0.0,2017.0,3.0,18
0.6631005,0.5633038,0.3608228,0.38267574,0.7038935,0.7830585,0.69681656,0.48739764,0.00049871864,0.0025025131,0.43368322,0.7007074,0.7550484,0.4333365,0.7544038,0.5399639,0.4913122,0.12743813,0.066481985,0.1846473,0.25958917,0.08045897,0.023527967,0.0,2017.0,4.0,6.8,0.0,2017.0,4.0,19
0.7714301,0.57291585,0.36698386,0.36573264,0.6724425,0.6700834,0.8784024,0.48601973,0.000660573,0.0069512445,0.43080568,0.72679764,0.8303244,0.43045878,0.84220284,0.56490296,0.4915762,0.142979,0.06606647,0.1846473,0.24593641,0.07629832,0.024551338,0.0,2018.0,1.0,6.9,0.0,2018.0,1.0,20
0.69181955,0.5786431,0.30065605,0.34756902,0.68112236,0.6665694,0.8586783,0.48254338,0.0006952942,0.018382812,0.4341839,0.66239977,0.70365584,0.43383723,0.85689783,0.61416775,0.48418486,0.12885094,0.0635734,0.1846473,0.1761323,0.029397137,0.014765964,0.0,2018.0,2.0,6.9,0.0,2018.0,2.0,21
0.6942566,0.55622417,0.19385591,0.3670283,0.6832609,0.69299215,0.80555546,0.47783858,0.00056292384,0.029505664,0.43691054,0.629705,0.625061,0.43656403,0.855878,0.5441809,0.48444885,0.14863023,0.063157886,0.1846473,0.1918834,0.05955672,0.023237446,0.0,2018.0,3.0,6.7,0.0,2018.0,3.0,22
0.59190017,0.5456047,0.13506013,0.38063315,0.68459326,0.5415505,0.6322369,0.46297446,0.006418159,0.12795761,0.4328308,0.54420555,0.60854447,0.43248406,0.64059895,0.52162653,0.4788019,0.1443918,0.06232686,0.1846473,0.25565043,0.079343095,0.026865479,0.0,2018.0,4.0,6.5,0.0,2018.0,4.0,23
0.5394795,0.5651737,0.18094738,0.38283542,0.69335103,0.5528048,0.45499715,0.4866218,0.0022045178,0.005207983,0.43366617,0.5391143,0.589386,0.43331942,0.5115891,0.52824146,0.48009324,0.12885094,0.0569252,0.1846473,0.2429651,0.07569912,0.02579681,0.0,2019.0,1.0,6.3,0.0,2019.0,1.0,24
0.51243293,0.5420649,0.2506474,0.3845142,0.72586155,0.49805853,0.49213555,0.4859457,0.0010879543,0.008640151,0.432096,0.56674194,0.64281356,0.4317492,0.5199796,0.4999238,0.48075318,0.16275829,0.054432124,0.1846473,0.19082344,0.059325077,0.023586094,0.0,2019.0,2.0,6.0,0.0,2019.0,2.0,25
0.52351916,0.5220059,0.28092077,0.38582373,0.68952036,0.49275512,0.5057761,0.48577237,0.0010919644,0.01050474,0.43294394,0.55055034,0.61276895,0.43259716,0.48229185,0.52128786,0.47362584,0.17264794,0.054432124,0.18118949,0.2125545,0.066050656,0.027632635,0.0,2019.0,3.0,5.9,0.0,2019.0,3.0,26
0.5553443,0.55504423,0.36226484,0.37829408,0.6842388,0.54068315,0.6224498,0.4867537,0.0003490648,0.0011537971,0.4358418,0.6022918,0.61387736,0.43549523,0.62210274,0.5226866,0.47441778,0.23198582,0.05484764,0.17704011,0.28870377,0.08968625,0.028617218,0.0,2019.0,4.0,5.8,0.0,2019.0,4.0,27
0.56987107,0.41178814,0.32478195,0.383421,0.6871487,0.55629325,0.5534958,0.48618522,0.0013699703,0.0064323386,0.42743114,0.51008123,0.6018119,0.42708403,0.5482106,0.55333316,0.44349536,0.12319971,0.22576173,0.0093361,0.48755404,0.12958927,0.05055607,1.0,2013.0,1.0,1.7009,1.0,2013.0,1.0,28
0.5566345,0.405805,0.3541743,0.38144594,0.68699884,0.5745183,0.56887245,0.48602107,0.001826627,0.008283282,0.42979327,0.50939244,0.58474606,0.4294463,0.5513165,0.5426343,0.4442209,0.11189725,0.21745148,0.0093361,0.23567651,0.064508356,0.043109536,1.0,2013.0,2.0,1.5202,1.0,2013.0,2.0,29
0.56332445,0.42064983,0.35632977,0.3226237,0.6865864,0.5813919,0.5921287,0.48608482,0.0010959762,0.007563475,0.43200883,0.5350863,0.5810603,0.431662,0.57222325,0.5585271,0.44488895,0.11754848,0.20498611,0.0093361,0.25769237,0.06950365,0.045562353,1.0,2013.0,3.0,2.237,1.0,2013.0,3.0,30
0.5860703,0.42708716,0.3961922,0.37843573,0.6870118,0.59318113,0.5968605,0.4851774,4.2867387e-07,0.008892364,0.42380965,0.63803077,0.705579,0.4234623,0.57690525,0.5715771,0.4398517,0.103420414,0.19252074,0.0093361,0.5595742,0.14794727,0.05302415,1.0,2013.0,4.0,3.0086,1.0,2013.0,4.0,31
0.5716391,0.4241733,0.36551473,0.37181503,0.6861247,0.58411133,0.6180006,0.4857644,0.001972757,0.011180587,0.4285348,0.625742,0.6630508,0.42818776,0.6155201,0.58293843,0.43215266,0.11048445,0.18144043,0.0093361,0.5794131,0.15356383,0.059610132,1.0,2014.0,1.0,1.651,1.0,2014.0,1.0,32
0.5960575,0.45743564,0.35981816,0.37156826,0.686055,0.61693764,0.64868253,0.48627454,0.00087678095,0.005421697,0.43224576,0.8289372,0.7477434,0.43189895,0.6397645,0.56091464,0.45252427,0.13874058,0.16204984,0.0093361,0.22544654,0.061152942,0.040836394,1.0,2014.0,2.0,2.6889,1.0,2014.0,2.0,33
0.5901321,0.4631633,0.34041557,0.3825409,0.68588346,0.60078806,0.6395816,0.4861724,0.0028182245,0.006635676,0.42161474,0.6488008,0.73172975,0.42126724,0.62928796,0.5587027,0.45171812,0.12743813,0.15650968,0.0093361,0.2862151,0.075788274,0.04610601,1.0,2014.0,3.0,3.0593,1.0,2014.0,3.0,34
0.5477464,0.45975423,0.3128005,0.38238576,0.68408954,0.554682,0.6420695,0.48600495,0.0065758573,0.008532525,0.419612,0.5365626,0.6838732,0.41926438,0.62539405,0.63322127,0.44913098,0.10483322,0.14127421,0.0093361,0.5450914,0.14611962,0.057812992,1.0,2014.0,4.0,2.6859,1.0,2014.0,4.0,35
0.49804953,0.39458016,0.29997516,0.37844676,0.68520355,0.49197277,0.55750424,0.4858651,0.0019484021,0.010043719,0.42067927,0.61052173,0.71922535,0.42033172,0.54700536,0.700432,0.4384281,0.048320957,0.134349,0.0093361,0.5947315,0.1573081,0.05531636,1.0,2015.0,1.0,3.969,1.0,2015.0,1.0,36
0.4685659,0.29662445,0.27950728,0.37573794,0.68550086,0.47339684,0.5359467,0.48607305,0.0041099107,0.0077571142,0.4212135,0.41725978,0.5978715,0.42086598,0.51872796,0.7183633,0.43288463,0.04973376,0.13019387,0.0093361,0.1922728,0.053770285,0.040448416,1.0,2015.0,2.0,3.2789,1.0,2015.0,2.0,37
0.44500768,0.27923226,0.24983788,0.37897545,0.6853488,0.4607388,0.53357846,0.48549834,0.0010959762,0.014073149,0.42358446,0.3266453,0.53501946,0.4232371,0.51872796,0.7567956,0.43383938,0.056797795,0.116343476,0.0093361,0.25663128,0.07448957,0.045154262,1.0,2015.0,3.0,2.4475,1.0,2015.0,3.0,38
0.428904,0.2122398,0.23507148,0.37979406,0.686076,0.4365688,0.48444155,0.48612598,0.0010350887,0.0071015456,0.4285045,0.29673192,0.4788668,0.42815745,0.48706657,0.7113028,0.42901784,0.07092586,0.11357338,0.012793914,0.50571215,0.13632973,0.06893484,1.0,2015.0,4.0,2.12,1.0,2015.0,4.0,39
0.4466802,0.22741027,0.19983721,0.3813861,0.6856487,0.47970966,0.5369162,0.4862351,0.0017124629,0.005895328,0.42629108,0.29895627,0.49951032,0.42594388,0.50282776,0.6547605,0.4350741,0.097769186,0.108033225,0.019709544,0.50916886,0.14490259,0.05955332,1.0,2016.0,1.0,1.7952,1.0,2016.0,1.0,40
0.47625938,0.2632301,0.22424902,0.3841374,0.68609256,0.49317774,0.53535306,0.4861604,0.0010959762,0.0067190323,0.42287242,0.43562007,0.6114803,0.422525,0.5239199,0.6067773,0.4304818,0.094943576,0.10941825,0.019709544,0.2196017,0.06469269,0.040157333,1.0,2016.0,2.0,1.4934,1.0,2016.0,2.0,41
0.5294924,0.27020726,0.26609161,0.36690214,0.6864068,0.5388656,0.5622708,0.48632437,0.001278639,0.0048935623,0.42807248,0.60319823,0.6573315,0.4277254,0.55229,0.57209927,0.43037444,0.099181995,0.108033225,0.019709544,0.27034143,0.073855,0.23249812,1.0,2016.0,3.0,1.8057,1.0,2016.0,3.0,42
0.55744684,0.3161877,0.26580194,0.37813935,0.686443,0.60402375,0.6228325,0.48584265,0.001031507,0.010246095,0.42820996,0.52381086,0.61283267,0.42786288,0.595077,0.5994406,0.44035092,0.12743813,0.10249308,0.023167359,0.5229535,0.13876599,0.058842197,1.0,2016.0,4.0,2.1819,1.0,2016.0,4.0,43
0.63743967,0.34232518,0.34021246,0.37978333,0.68709844,0.6771497,0.6658976,0.48609352,0.00043839047,0.007414113,0.43085083,0.5520267,0.59925556,0.43050393,0.6657705,0.5805542,0.45330957,0.15851988,0.09418283,0.033540804,0.57797724,0.15271276,0.05289803,1.0,2017.0,1.0,2.0872,1.0,2017.0,1.0,44
0.6131169,0.4054291,0.32015032,0.0,0.6857875,0.6449399,0.6827526,0.48545307,0.0016804968,0.014646849,0.4339076,0.6067451,0.59401584,0.43356088,0.66229373,0.5807931,0.44471958,0.13167655,0.085872576,0.043914247,0.2510006,0.066377416,0.050010655,1.0,2017.0,2.0,2.3302,1.0,2017.0,2.0,45
0.5981123,0.3835361,0.31861466,0.3814464,0.6866067,0.67646194,0.67769223,0.4962625,1.0,0.0054254695,0.43385532,0.6839775,0.6381714,0.43350863,0.6456054,0.5156251,0.44448233,0.13308935,0.08448751,0.050829876,0.32432154,0.08567653,0.0537982,1.0,2017.0,3.0,2.4112,1.0,2017.0,3.0,46
0.6524443,0.43607196,0.34896228,0.3802334,0.68601084,0.69986975,0.7265924,0.48614183,0.00041099108,0.0068817977,0.43416503,0.86044437,0.7269923,0.43381834,0.6913128,0.4791283,0.45583105,0.1401534,0.07756233,0.05428769,0.60003865,0.15844779,0.06334485,1.0,2017.0,4.0,2.9941,1.0,2017.0,4.0,47
0.63132316,0.45386147,0.34549594,0.3810813,0.6855264,0.6580967,0.7028899,0.486312,0.00065758574,0.0049959333,0.43273482,0.729704,0.675741,0.43238804,0.6812535,0.42800683,0.44593984,0.14580461,0.07202214,0.06466114,0.57614815,0.1521514,0.059890136,1.0,2018.0,1.0,3.3292,1.0,2018.0,1.0,48
0.65268326,0.44460937,0.3354647,0.38307267,0.6864984,0.69126433,0.6988678,0.48572472,0.00033355798,0.011503115,0.4268429,0.5606897,0.6463307,0.42649573,0.67137957,0.49258348,0.4553093,0.16699672,0.06786701,0.07503458,0.25635222,0.014749635,0.03173334,1.0,2018.0,2.0,3.2993,1.0,2018.0,2.0,49
0.6192334,0.48746967,0.35173658,0.38428113,0.6844484,0.61581856,0.7005608,0.48533297,3.054388e-05,0.008170293,0.42137095,0.47024387,0.6482652,0.42102343,0.68639904,0.58962744,0.453136,0.16275829,0.060941834,0.085408024,0.28627458,0.07561149,0.05287849,1.0,2018.0,3.0,3.1301,1.0,2018.0,3.0,50
0.5621298,0.44130215,0.26397404,0.3709333,0.6838793,0.5731423,0.6717582,0.48695648,0.4993998,0.010456673,0.42126763,0.22040622,0.5073862,0.4209201,0.6377248,0.60395783,0.43614146,0.1443918,0.06371189,0.09578147,0.5484735,0.14487012,0.07370876,1.0,2018.0,4.0,2.125,1.0,2018.0,4.0,51
0.54139096,0.38685125,0.19390203,0.3764555,0.6850825,0.5685063,0.63122386,0.48532993,0.0076718335,0.016237201,0.41905877,0.37743005,0.61960214,0.4187111,0.5895142,0.6293997,0.43102914,0.1217869,0.06509696,0.1026971,0.59605736,0.15748233,0.06897837,1.0,2019.0,1.0,1.8514,1.0,2019.0,1.0,52
0.519553,0.3252305,0.20183256,0.34005597,0.6849529,0.5430265,0.61493194,0.486553,0.0009394082,0.002289697,0.42324495,0.51733613,0.66476303,0.42289758,0.5925737,0.60796744,0.43520793,0.12743813,0.054016612,0.1026971,0.2621752,0.06936532,0.08084883,1.0,2019.0,2.0,2.1538,1.0,2019.0,2.0,53
0.52514386,0.2964783,0.18236281,0.24844743,0.6861743,0.54902124,0.58174676,0.48534876,3.078585e-05,0.007343101,0.42379725,0.52718353,0.66853064,0.4234499,0.5528926,0.57631505,0.4413739,0.12461252,0.055401642,0.09232365,0.32083935,0.08485587,0.064035006,1.0,2019.0,3.0,2.6701,1.0,2019.0,3.0,54
0.5305914,0.27344278,0.25717846,0.38192284,0.6872145,0.5325111,0.5267444,0.48242596,3.2069531e-06,0.0068418924,0.42382324,0.84719133,0.8402639,0.4234759,0.5133043,0.5500886,0.44368127,0.13874058,0.054016612,0.07157677,0.56400746,0.14894892,0.065763205,1.0,2019.0,4.0,3.1825,1.0,2019.0,4.0,55
0.5114295,0.27642116,0.31185946,0.38452062,0.68546724,0.5169425,0.58207643,0.4881583,0.0013145562,0.008004979,0.4398925,0.41196606,0.47317848,0.43954748,0.53759503,0.5549311,0.41317546,0.11613567,0.11495845,0.03526971,0.028699212,0.18419641,0.03314515,2.0,2013.0,1.0,-0.4,2.0,2013.0,1.0,56
0.55391073,0.32786107,0.37943056,0.3848435,0.68602204,0.5596282,0.6053044,0.48637453,0.0012861743,0.008772118,0.43821633,0.45925567,0.51400155,0.43786976,0.5928982,0.564185,0.42505434,0.11613567,0.11080332,0.02835408,0.0025338284,0.016408512,0.0064721955,2.0,2013.0,2.0,0.5,2.0,2013.0,2.0,57
0.5932859,0.33590403,0.3950703,0.38145897,0.6855493,0.62378347,0.70239174,0.48535648,0.0009764579,0.0112594515,0.4421334,0.43377706,0.47881588,0.44178733,0.6402281,0.60200006,0.4342935,0.1203741,0.108033225,0.024896266,0.006595676,0.04250394,0.015126652,2.0,2013.0,3.0,0.7,2.0,2013.0,3.0,58
0.62319964,0.4590634,0.41242346,0.3805647,0.6865373,0.6475377,0.6817804,0.48614272,0.0014328687,0.009308457,0.44079772,0.4449853,0.48955497,0.44045112,0.6399036,0.59874135,0.42399845,0.10907164,0.10526313,0.017980637,0.020741388,0.13438407,0.033152964,2.0,2013.0,4.0,1.5,2.0,2013.0,4.0,59
0.61388147,0.45310292,0.38588527,0.38286552,0.68707633,0.6290413,0.64132416,0.48917592,0.0015066734,0.0072203507,0.44436458,0.5788242,0.5798367,0.44401804,0.6718431,0.5917909,0.42716616,0.103420414,0.1038781,0.014522822,0.023620509,0.1519922,0.043379344,2.0,2014.0,1.0,2.9,2.0,2014.0,1.0,60
0.617322,0.384892,0.38180304,0.3804549,0.6863249,0.65122753,0.6968555,0.48587304,0.001144126,0.008929628,0.44741383,0.6504384,0.62244284,0.44706833,0.646857,0.5875111,0.43033385,0.097769186,0.10110801,0.013139696,0.0026286102,0.016936429,0.0060118893,2.0,2014.0,2.0,1.8,2.0,2014.0,2.0,61
0.5961053,0.3642487,0.28961924,0.37828073,0.68750787,0.5959863,0.58791083,0.5340683,0.0011876593,0.006557076,0.4410987,0.45027024,0.48603094,0.44075269,0.6005934,0.5489696,0.4221506,0.08929235,0.09972298,0.0089903185,0.0070926845,0.045525394,0.01048941,2.0,2014.0,3.0,1.8,2.0,2014.0,3.0,62
0.47363117,0.37274307,0.20898995,0.37861505,0.68614036,0.47276527,0.49670127,0.48669726,0.00089675986,0.0051582307,0.43459198,0.37673295,0.4573334,0.43424624,0.48581496,0.51788676,0.4224146,0.07375147,0.09695288,0.0062240665,0.0229083,0.15229988,0.036529012,2.0,2014.0,4.0,2.3,2.0,2014.0,4.0,63
0.34145662,0.3461581,0.22168225,0.37627676,0.6861461,0.33610362,0.34178537,0.4854482,0.0011205927,0.012769178,0.4265485,0.23868228,0.38738608,0.42620113,0.35059336,0.45633337,0.4342935,0.052559376,0.09141273,0.0062240665,0.027135182,0.17419185,0.034081314,2.0,2015.0,1.0,0.8,2.0,2015.0,1.0,64
0.34981906,0.40738168,0.20771402,0.37883037,0.68645734,0.3409966,0.3386823,0.4866183,0.0011595847,0.0072314274,0.4318464,0.16912265,0.30157757,0.43149963,0.35346746,0.44183356,0.43376553,0.094943576,0.08725761,0.0062240665,0.0,0.0,0.0,2.0,2015.0,2.0,1.6,2.0,2015.0,2.0,65
0.36166987,0.40309495,0.21967076,0.3818136,0.68624806,0.36285836,0.3651664,0.48596212,0.0012351325,0.009525419,0.43424124,0.29247525,0.3866765,0.43389454,0.40585017,0.48375258,0.44802022,0.08081551,0.08310248,0.0062240665,0.006600806,0.043134633,0.011580104,2.0,2015.0,3.0,1.5,2.0,2015.0,3.0,66
0.40792617,0.34180182,0.2419265,0.37959224,0.6859594,0.40949225,0.4307449,0.47929275,0.0010918065,0.01017985,0.4362909,0.25570682,0.3469465,0.43594414,0.44979602,0.49955648,0.45409167,0.07092586,0.08033238,0.0062240665,0.02110395,0.13559169,0.04033113,2.0,2015.0,4.0,1.1,2.0,2015.0,4.0,67
0.50182456,0.40258348,0.17687045,0.38131678,0.68653256,0.511784,0.5213905,0.48416114,0.0012181579,0.010050754,0.44737688,0.5364422,0.5221331,0.44703126,0.5458001,0.5693677,0.43930903,0.062449023,0.07617726,0.0055325036,0.023636455,0.1522779,0.032277215,2.0,2016.0,1.0,2.5,2.0,2016.0,1.0,68
0.5893675,0.34503546,0.19212066,0.38003448,0.68706036,0.60481536,0.6047268,0.48610476,0.0015897083,0.012588734,0.44035628,0.5754372,0.57992685,0.44001052,0.6015205,0.5919326,0.44010097,0.056797795,0.07063711,0.004149378,0.002684479,0.017426496,0.0060424968,2.0,2016.0,2.0,2.2,2.0,2016.0,2.0,69
0.5296357,0.36391962,0.24788849,0.37908995,0.6857313,0.5466475,0.6095261,0.4853684,0.0011423513,0.009998632,0.43650517,0.5811272,0.60796595,0.4361586,0.5618394,0.56494737,0.4255823,0.07092586,0.06509696,0.004149378,0.0070266486,0.046652026,0.011716427,2.0,2016.0,3.0,2.0,2.0,2016.0,3.0,70
0.5359434,0.38504815,0.2325289,0.38041356,0.68571085,0.5372757,0.6019084,0.487378,0.0015329028,0.0065262816,0.43772224,0.49793428,0.52997077,0.43737587,0.59187835,0.5602335,0.44036493,0.09070516,0.059556764,0.004149378,0.021664442,0.1390532,0.03131219,2.0,2016.0,4.0,1.9,2.0,2016.0,4.0,71
0.5996414,0.36429155,0.3222752,0.38535458,0.68590325,0.5903822,0.6524716,0.48700422,0.00096157147,0.006170978,0.4417868,0.46107948,0.4713565,0.4414405,0.65260524,0.5333547,0.44854817,0.11896129,0.058171738,0.004149378,0.028376687,0.18214528,0.035563115,2.0,2017.0,1.0,2.3,2.0,2017.0,1.0,72
0.54726857,0.44853756,0.3666839,0.37931198,0.6846581,0.54628396,0.6768571,0.48520628,0.00072589715,0.0069249584,0.4411995,0.59250915,0.581089,0.44085276,0.643334,0.5398607,0.4517159,0.11189725,0.054016612,0.004149378,0.0041780868,0.026816465,0.008253021,2.0,2017.0,2.0,2.7,2.0,2017.0,2.0,73
0.6984617,0.4953221,0.38156307,0.37902308,0.686418,0.6983067,0.74855584,0.5027489,0.0013577887,0.00895579,0.44402665,0.6741128,0.6301365,0.44368055,0.74953645,0.5760462,0.45409167,0.11896129,0.04986149,0.004149378,0.008615956,0.055306252,0.020813704,2.0,2017.0,3.0,3.2,2.0,2017.0,3.0,74
0.75422734,0.5185456,0.42822698,0.37915927,0.686701,0.7515074,0.79582703,0.4840477,0.0010341675,0.013300675,0.44635704,0.91072583,0.8086713,0.44601095,0.7981643,0.5846418,0.43561336,0.11331006,0.04709139,0.004149378,0.024102557,0.15468979,0.030356439,2.0,2017.0,4.0,3.8,2.0,2017.0,4.0,75
0.79818994,0.48002693,0.39412057,0.38120687,0.68743503,0.8489177,0.86848235,0.49749413,0.0025418827,0.014396236,0.4430037,0.84471697,0.77453125,0.4426577,0.8369646,0.60149837,0.4385171,0.10907164,0.04155124,0.004149378,0.02763826,0.1773821,0.03634466,2.0,2018.0,1.0,1.9,2.0,2018.0,1.0,76
0.73114693,0.4353939,0.31233656,0.3793312,0.68824875,0.7511056,0.7309792,0.48541102,0.0020791558,0.015021882,0.44025874,0.5919089,0.5790483,0.43991244,0.78319114,0.5858298,0.44036493,0.12743813,0.038781144,0.004149378,0.0029040887,0.0119801555,0.0055225627,2.0,2018.0,2.0,1.8,2.0,2018.0,2.0,77
0.5562522,0.3440625,0.26183215,0.3786064,0.6854879,0.57859224,0.6575836,0.48304555,0.0013852227,0.013465081,0.4399124,0.49590564,0.49824014,0.43956608,0.66757834,0.5652153,0.42848602,0.13450216,0.037396118,0.004149378,0.008416205,0.054143686,0.012293948,2.0,2018.0,3.0,0.2,2.0,2018.0,3.0,78
0.50096446,0.26861674,0.15165415,0.37842122,0.68537533,0.5407146,0.62437344,0.48667395,0.0022421898,0.01175933,0.43850708,0.40768212,0.43239588,0.43816063,0.5906267,0.5548284,0.4440606,0.13732778,0.033240993,0.004149378,0.025905501,0.16626106,0.036728688,2.0,2018.0,4.0,0.1,2.0,2018.0,4.0,79
0.45040745,0.28014812,0.149214,0.377437,0.6857426,0.49295542,0.54509,0.48537594,0.00087185885,0.008174295,0.43745002,0.40559426,0.4364439,0.43710354,0.5319859,0.5324811,0.44010097,0.10765883,0.030470897,0.004149378,0.027118465,0.17404646,0.03382176,2.0,2019.0,1.0,1.4,2.0,2019.0,1.0,80
0.42876065,0.21831216,0.17875326,0.378885,0.68546736,0.47450233,0.5367203,0.48477417,0.0008928712,0.0073452927,0.4379102,0.6099174,0.6103406,0.43756384,0.5037085,0.53706706,0.4437966,0.1203741,0.026315773,0.004149378,0.0045974236,0.029506579,0.009837058,2.0,2019.0,2.0,0.6,2.0,2019.0,2.0,81
0.48423955,0.2105629,0.17933607,0.37700513,0.68682575,0.5225324,0.52678657,0.48649088,0.0010950018,0.0069686794,0.43643814,0.58313996,0.60054624,0.43609178,0.4987484,0.5236518,0.45382768,0.11048445,0.024930745,0.004149378,0.0077796797,0.049933065,0.010060362,2.0,2019.0,3.0,1.5,2.0,2019.0,3.0,82
0.49307984,0.20434587,0.30840787,0.38094077,0.6864184,0.5051194,0.52239704,0.48353013,0.0010644381,0.008347796,0.4375799,0.65889865,0.6554451,0.4372332,0.52674764,0.5253282,0.4377252,0.102007605,0.033240993,0.004149378,0.025208635,0.16178848,0.034009345,2.0,2019.0,4.0,0.9,2.0,2019.0,4.0,83
0.5482243,0.1601767,0.27326795,0.3739242,0.684392,0.38593647,0.46349406,0.4830428,0.0001668435,0.01361206,0.43178162,0.4160434,0.48922896,0.43143475,0.68148524,0.32765713,0.40367234,0.02430324,0.07894736,0.0062240665,0.028164161,0.21824117,0.04917202,3.0,2013.0,1.0,0.0,3.0,2013.0,1.0,84
0.6285516,0.33773115,0.35735142,0.372665,0.68852705,0.43504065,0.42903844,0.4763493,0.0002915656,0.021000503,0.42703006,0.32343602,0.5446385,0.4266817,0.7123586,0.2515339,0.41898292,0.039844114,0.07202214,0.0062240665,0.014542214,0.11289092,0.03086689,3.0,2013.0,2.0,1.8,3.0,2013.0,2.0,85
0.3809752,0.3556555,0.2815928,0.38555914,0.688242,0.6480393,0.57884014,0.4856455,0.00028998093,0.010709132,0.43481496,0.85205954,0.91312695,0.43446845,0.30117744,0.85592777,0.40235245,0.031367276,0.030470897,0.0,0.018335043,0.1472383,0.040815677,3.0,2016.0,3.0,0.5,3.0,2016.0,3.0,86
0.50182456,0.40092507,0.26742426,0.37642923,0.68807477,0.6576942,0.6358368,0.48511386,0.0052164607,0.019652544,0.4345332,0.67757046,0.71938264,0.434186,0.44094196,0.7500408,0.41898292,0.063861825,0.029085869,0.0,0.023352237,0.18365481,0.043896884,3.0,2016.0,4.0,1.0,3.0,2016.0,4.0,87
0.6443208,0.42988563,0.32901976,0.37781832,0.6863397,0.6737312,0.7277642,0.48667547,0.0011232957,0.0010003948,0.43036258,0.5019658,0.62696296,0.43001506,0.6890414,0.5888186,0.42188665,0.063861825,0.024930745,0.0,0.029415192,0.22720674,0.050580945,3.0,2017.0,1.0,1.0,3.0,2017.0,1.0,88
0.68015987,0.50225896,0.32003772,0.3780482,0.6858252,0.6323294,0.7090417,0.46005282,0.0014232442,0.050890006,0.43046957,0.41914016,0.5290748,0.4301214,0.7944094,0.5267446,0.43297362,0.06810025,0.023545718,0.0,0.016798278,0.12988028,0.03484455,3.0,2017.0,2.0,1.4,3.0,2017.0,2.0,89
0.744718,0.4334219,0.3181217,0.37700996,0.68645287,0.60520905,0.6307631,0.48660782,0.005684008,0.0029883136,0.43151772,0.45443058,0.5430594,0.43116975,0.7741517,0.41273034,0.42875,0.07657709,0.02077562,0.0,0.021717846,0.16780442,0.03862727,3.0,2017.0,3.0,2.0,3.0,2017.0,3.0,90
0.7159034,0.45509672,0.3596067,0.38582698,0.6859755,0.64681506,0.7114091,0.4863653,0.00047744202,0.0042822696,0.4325125,0.6214516,0.7035806,0.4321654,0.8062767,0.44439638,0.4276941,0.07657709,0.016620496,0.0,0.02837224,0.21913178,0.049416434,3.0,2017.0,4.0,2.2,3.0,2017.0,4.0,91
0.60441995,0.773247,0.372591,0.3815026,0.6859794,0.6797865,0.7635753,0.4857393,0.00073384127,0.010800813,0.43241096,0.697646,0.78980917,0.43206325,0.68199515,0.5113805,0.42426243,0.10765883,0.0069252206,0.0,0.03206266,0.24762203,0.053182136,3.0,2018.0,1.0,1.4,3.0,2018.0,1.0,92
0.6350982,0.74066263,0.32627672,0.37996775,0.6863465,0.68581414,0.7381317,0.486414,0.000383758,0.0035885335,0.4316717,0.59818393,0.6969428,0.43132332,0.67249215,0.5085652,0.4232065,0.0794027,0.0027700965,0.0,0.015980389,0.012341324,0.01065866,3.0,2018.0,2.0,1.3,3.0,2018.0,2.0,93
0.57010996,0.7003771,0.29041204,0.37893003,0.68509233,0.58952266,0.7354715,0.48597297,0.0009269612,0.007839674,0.43077558,0.5562694,0.67067486,0.4304265,0.74045056,0.5647109,0.4300699,0.099181995,0.0055401516,0.0,0.020877229,0.16135785,0.039323505,3.0,2018.0,3.0,0.0,3.0,2018.0,3.0,94
0.548272,0.7520444,0.19699308,0.3790855,0.6842311,0.5818105,0.71809286,0.48639423,0.00672341,0.008164729,0.43435547,0.51743644,0.5491543,0.43400383,0.72798073,0.59381664,0.4298059,0.08646674,0.0069252206,0.0,0.025742972,0.1988258,0.04512382,3.0,2018.0,4.0,-0.1,3.0,2018.0,4.0,95
0.4693305,0.28956062,0.18412034,0.38035375,0.68586314,0.50424504,0.55151325,0.48641,0.0061122496,0.0059659164,0.43588895,0.53787655,0.54041475,0.43553498,0.54121083,0.5923298,0.41898292,0.063861825,0.0069252206,0.0,0.029553074,0.22836041,0.051094186,3.0,2019.0,1.0,-0.2,3.0,2019.0,1.0,96
0.44711024,0.2820286,0.19463775,0.3802164,0.6854149,0.51081616,0.5826639,0.48574644,0.0005074383,0.010007611,0.43738785,0.6493701,0.62674934,0.4370343,0.5678194,0.5989912,0.41898292,0.08364112,0.0013850275,0.0,0.016130742,0.12495901,0.03427231,3.0,2019.0,2.0,0.0,3.0,2019.0,2.0,97
0.45552048,0.32306722,0.20997557,0.38286158,0.68594456,0.5647258,0.61928856,0.4803867,0.00064399204,0.04587549,0.43722308,0.65441054,0.6365429,0.4368682,0.50176156,0.630773,0.43693325,0.06527463,0.0013850275,0.0,0.022035481,0.17033464,0.040506106,3.0,2019.0,3.0,0.6,3.0,2019.0,3.0,98
0.4147595,0.114612065,0.30065432,0.3787809,0.68773866,0.5130517,0.5061489,0.48496914,0.010460618,0.05039162,0.434599,0.68699455,0.727011,0.434241,0.40524754,0.60901654,0.3822903,0.07233867,0.0,0.0,0.026614305,0.205546,0.04552921,3.0,2019.0,4.0,-2.0,3.0,2019.0,4.0,99
0.6190901,0.3681416,0.28709686,0.37849084,0.6804348,0.43799326,0.5686774,0.29543614,0.00071271596,0.008508945,0.439148,0.31318176,0.4257123,0.43881184,0.48868904,0.5246587,0.41185558,0.16840953,0.22853182,0.024896266,0.030242847,0.26838362,0.069262065,4.0,2013.0,1.0,0.99,4.0,2013.0,1.0,100
0.90752304,0.40884957,0.31684887,0.31416926,0.68616235,0.54066586,0.57718325,0.48714224,0.0013728202,0.0057316693,0.44729933,0.3413104,0.43296164,0.44693276,0.5088541,0.4915514,0.42056677,0.1641711,0.2243767,0.024896266,0.0034098488,0.029979069,0.013842307,4.0,2013.0,2.0,1.86,4.0,2013.0,2.0,101
0.7214465,0.4337463,0.3348135,0.37636808,0.6834632,0.526174,0.63494825,0.4843298,0.00084030983,0.0090367915,0.43949127,0.25947034,0.38601223,0.43915144,0.45072317,0.48977914,0.4245264,0.16699672,0.22022158,0.024896266,0.0065696025,0.058715783,0.02000446,4.0,2013.0,3.0,1.74,4.0,2013.0,3.0,102
0.67858297,0.45227137,0.3721783,0.37863845,0.68293095,0.5954696,0.70402205,0.48569617,0.0014134505,0.011252099,0.44730833,0.3760066,0.4518404,0.4469547,0.5050992,0.54001915,0.42743012,0.1401534,0.20360108,0.024896266,0.026617773,0.24115083,0.055284653,4.0,2013.0,4.0,2.57,4.0,2013.0,4.0,103
0.54554826,0.45050147,0.33896214,0.3683766,0.68609095,0.58505356,0.6184886,0.4862022,0.00052358006,0.0047296304,0.43069327,0.397328,0.49448466,0.43033987,0.6148248,0.6389678,0.4361413,0.12461252,0.18698059,0.024896266,0.02742638,0.24278884,0.054941684,4.0,2014.0,1.0,3.12,4.0,2014.0,1.0,104
0.30628654,0.39445427,0.36054358,0.3743449,0.68514365,0.58894515,0.64783204,0.4852325,0.0017706691,0.015844528,0.41678998,0.4387934,0.5367479,0.41648003,0.67837936,0.65989405,0.4448525,0.12461252,0.16620496,0.024896266,8.6280066e-05,0.00075841346,0.0015405404,4.0,2014.0,2.0,3.27,4.0,2014.0,2.0,105
0.39717445,0.39504424,0.30670157,0.38209963,0.68476397,0.5452194,0.6339763,0.4848735,0.00054281787,0.0076161358,0.430377,0.47720334,0.5516799,0.43002865,0.6928426,0.66420597,0.4353494,0.11189725,0.15373959,0.024896266,0.009305996,0.081841975,0.018633464,4.0,2014.0,3.0,3.19,4.0,2014.0,3.0,106
0.49967423,0.42772862,0.22087002,0.37478554,0.6847913,0.5202218,0.6058319,0.4858468,0.0013439542,0.010042,0.4204052,0.46564734,0.5552393,0.4200496,0.5605878,0.6060133,0.44749227,0.09070516,0.14127421,0.024896266,0.027263958,0.26390022,0.064221025,4.0,2014.0,4.0,3.2,4.0,2014.0,4.0,107
0.3148879,0.47469026,0.21172854,0.38238016,0.68454105,0.39910883,0.5000866,0.48665315,0.0020586264,0.00769466,0.43506,0.46255147,0.5360133,0.43471482,0.4920267,0.60384065,0.44802022,0.05538499,0.13296397,0.024896266,0.030590875,0.26935896,0.05887895,4.0,2015.0,1.0,2.66,4.0,2015.0,1.0,108
0.45236665,0.55480826,0.21314561,0.35645562,0.6875073,0.40224966,0.4109193,0.45890862,0.00036206553,0.008187604,0.4485631,0.30326906,0.406156,0.44821295,0.42513442,0.6116539,0.44538048,0.051146567,0.1371191,0.024896266,0.0,0.0,0.0,4.0,2015.0,2.0,2.36,4.0,2015.0,2.0,109
0.4522233,0.53073746,0.20218927,0.37450287,0.6866429,0.39101717,0.4214653,0.48606306,0.0011611374,0.008025314,0.44237176,0.292668,0.40594164,0.4420173,0.39217505,0.6274011,0.44643638,0.051146567,0.12465372,0.024896266,0.00701031,0.062105414,0.016085636,4.0,2015.0,3.0,2.0,4.0,2015.0,3.0,110
0.39000663,0.48542774,0.230456,0.38057694,0.6864062,0.39608023,0.4370168,0.48649105,0.0006496965,0.0035503749,0.44001976,0.19096363,0.33726263,0.43966147,0.45392177,0.62913465,0.43878108,0.05397218,0.116343476,0.024896266,0.025828505,0.2273145,0.05176298,4.0,2015.0,4.0,1.87,4.0,2015.0,4.0,111
0.38986328,0.40483776,0.17611124,0.37713796,0.6861518,0.42125478,0.47046068,0.4925464,0.0017562457,0.0062892064,0.4590556,0.3120835,0.40609857,0.45866737,0.50565547,0.5127062,0.4440606,0.06668744,0.116343476,0.024896266,0.026211321,0.24352333,0.060661767,4.0,2016.0,1.0,1.94,4.0,2016.0,1.0,112
0.34212562,0.37109146,0.17108002,0.38232103,0.68202186,0.46216837,0.5934618,0.48653436,0.0009452952,0.0038359861,0.4661945,0.4881893,0.5290607,0.46576956,0.6712869,0.45836204,0.4448525,0.06668744,0.108033225,0.024896266,0.00021123847,0.0018620479,0.0019301593,4.0,2016.0,2.0,1.91,4.0,2016.0,2.0,113
0.28449637,0.31044248,0.19306152,0.37826893,0.6849402,0.4275753,0.53215426,0.48541695,0.0007660956,0.011069009,0.47231147,0.37545502,0.4334702,0.47188386,0.6562674,0.32273993,0.45409167,0.08222832,0.1038781,0.017980637,0.0078703845,0.07305685,0.04816141,4.0,2016.0,3.0,1.89,4.0,2016.0,3.0,114
0.41423386,0.2961652,0.16792254,0.38038078,0.6886549,0.47126704,0.40332124,0.48615935,0.0015074521,0.008567063,0.4937826,0.33573195,0.3666899,0.49336985,0.5021787,0.29790473,0.45884323,0.103420414,0.09972298,0.014522822,0.025763206,0.22641371,0.066247456,4.0,2016.0,4.0,1.95,4.0,2016.0,4.0,115
0.59314257,0.32011798,0.26971683,0.37945092,0.6885795,0.5957738,0.5080408,0.48501453,0.00060977164,0.011259369,0.50796163,0.20854172,0.3278591,0.507296,0.5571111,0.375575,0.4311258,0.1415662,0.09556785,0.014522822,0.025463818,0.22384568,0.0512588,4.0,2017.0,1.0,2.43,4.0,2017.0,1.0,116
0.54812866,0.2778761,0.29867727,0.37922373,0.68731403,0.58415866,0.5679887,0.48535788,0.0010518028,0.011250367,0.5174472,0.2471613,0.37010866,0.5159663,0.45642498,0.41148466,0.43165374,0.16699672,0.08725761,0.014522822,0.002860218,0.025158178,0.011386458,4.0,2017.0,2.0,2.52,4.0,2017.0,2.0,117
0.74710727,0.37498525,0.33582118,0.3818854,0.687869,0.8011198,0.6885603,0.48094174,0.0018355041,0.054588825,0.33478177,0.4394427,0.52859914,0.33950052,0.57073987,0.4978679,0.42479038,0.17123513,0.08310248,0.014522822,0.008252383,0.07254302,0.0150383115,4.0,2017.0,3.0,2.79,4.0,2017.0,3.0,118
0.6486215,0.46737462,0.40240994,0.3821463,0.6864518,0.77779996,0.7950937,0.48605582,0.00061958504,0.005934689,0.37218693,0.680282,0.7393808,0.37178937,0.74318564,0.56010145,0.4213587,0.17971197,0.08725761,0.021438451,0.026226562,0.23047823,0.06620884,4.0,2017.0,4.0,2.87,4.0,2017.0,4.0,119
0.7405129,0.5229499,0.35580578,0.38262928,0.6837146,0.843923,0.91801196,0.48569486,0.0012359625,0.00975746,0.37719044,0.81086075,0.81196725,0.37673947,0.7671055,0.56961566,0.42426243,0.16699672,0.07894736,0.024896266,0.02775844,0.24394208,0.05200761,4.0,2018.0,1.0,2.07,4.0,2018.0,1.0,120
0.7466772,0.520472,0.3062995,0.37224707,0.68629664,0.7514221,0.7670486,0.48568526,0.0012127551,0.010825945,0.32965502,0.5669698,0.6337149,0.3283226,0.66308177,0.56088156,0.43059784,0.15286864,0.07063711,0.024896266,0.0,0.0,0.0,4.0,2018.0,2.0,1.59,4.0,2018.0,2.0,121
0.71470875,0.46147493,0.25538868,0.38152844,0.68603766,0.6554326,0.6844258,0.48673725,0.0016127666,0.0007871371,0.46668738,0.4502883,0.5235552,0.46633622,0.53819764,0.57398957,0.4377252,0.15851988,0.074792236,0.031811897,0.0049896287,0.04387789,0.012443631,4.0,2018.0,3.0,1.28,4.0,2018.0,3.0,122
0.5117162,0.32082596,0.17566913,0.3699029,0.6828702,0.6172998,0.70914334,0.48513314,0.0022619038,0.017458579,0.43920758,0.35536638,0.46048066,0.43890095,0.59299093,0.5532332,0.43561336,0.14721742,0.07063711,0.03526971,0.025638636,0.22531155,0.053930514,4.0,2018.0,4.0,0.69,4.0,2018.0,4.0,123
0.48032114,0.31280237,0.18414637,0.3664545,0.68464833,0.51100355,0.5907633,0.4864686,0.0012465412,0.0070021055,0.24184002,0.31997618,0.45252588,0.24159296,0.633321,0.546132,0.4517159,0.13026375,0.06232686,0.03526971,0.026300995,0.23113392,0.052142072,4.0,2019.0,1.0,1.36,4.0,2019.0,1.0,124
0.43559396,0.32731563,0.18483408,0.3808081,0.6873215,0.4620159,0.47584224,0.48674312,0.001586521,0.0035223484,0.4137577,0.48926032,0.5630299,0.41337904,0.5069071,0.5367681,0.44036493,0.13732778,0.066481985,0.03526971,0.0028065406,0.024759993,0.010770835,4.0,2019.0,2.0,1.52,4.0,2019.0,2.0,125
0.32692984,0.40495574,0.18718985,0.3791904,0.68707335,0.48678768,0.49905664,0.4861339,0.0013061264,0.008689736,0.0,0.58641136,0.6452451,0.0,0.73303354,0.50404227,0.4377252,0.12885094,0.06232686,0.03526971,0.0074716886,0.065715596,0.015855145,4.0,2019.0,3.0,1.92,4.0,2019.0,3.0,126
0.5611741,0.5844248,0.28799915,0.38388592,0.6911805,0.5769078,0.4765303,0.48627412,0.00080582406,0.0055654477,0.27367634,0.5892331,0.6639728,0.27307674,0.5984146,0.57074624,0.42584628,0.11189725,0.06232686,0.03526971,0.02384815,0.20957686,0.054719035,4.0,2019.0,4.0,1.77,4.0,2019.0,4.0,127
0.4834272,0.28803235,0.30517474,0.38455543,0.68641835,0.50918347,0.54477173,0.48577303,0.000922237,0.010479999,0.4297197,0.40520203,0.5031252,0.429374,0.5102911,0.5518363,0.4221506,0.096356384,0.33656505,0.03526971,0.04407471,0.1873998,0.05790474,5.0,2013.0,1.0,-0.1,5.0,2013.0,1.0,128
0.5382849,0.37441024,0.36783785,0.382528,0.68792754,0.5823522,0.5968833,0.49103078,0.0052775024,0.009633739,0.410853,0.4896193,0.59171706,0.41050607,0.5393566,0.55932194,0.43402952,0.08505393,0.33794996,0.02835408,0.013460015,0.058727533,0.016989015,5.0,2013.0,2.0,1.2,5.0,2013.0,2.0,129
0.48983043,0.29885477,0.3831515,0.37201655,0.6842786,0.6228257,0.6724065,0.48711795,0.0006243845,0.00074076524,0.40662867,0.47843423,0.5931718,0.40628156,0.5440386,0.58843935,0.43191773,0.092117965,0.3282548,0.024896266,0.014759691,0.061069436,0.02810098,5.0,2013.0,3.0,0.9,5.0,2013.0,3.0,130
0.51778495,0.38728127,0.397121,0.38623172,0.6898604,0.63770765,0.6501178,0.48609188,0.0012577855,0.013961879,0.41627347,0.4588275,0.56601006,0.41592655,0.55660117,0.58519673,0.42690217,0.0794027,0.3268699,0.017980637,0.03907742,0.17029692,0.06190087,5.0,2013.0,4.0,1.6,5.0,2013.0,4.0,131
0.51778495,0.32257804,0.37166104,0.31697702,0.68360895,0.6284368,0.69946307,0.49326956,0.0063404576,0.007554213,0.40657747,0.5827685,0.6688083,0.4062282,0.5509457,0.5787763,0.42716616,0.08081551,0.3282548,0.014522822,0.03969467,0.1675445,0.07289434,5.0,2014.0,1.0,1.5,5.0,2014.0,1.0,132
0.4968549,0.26623064,0.39510882,0.3555253,0.67684656,0.59510815,0.7044772,0.4853324,0.00025897182,0.017059883,0.42076653,0.6560326,0.6978204,0.4204191,0.5459392,0.5764733,0.42663822,0.07798989,0.3282548,0.013139696,0.012552013,0.053544555,0.021168532,5.0,2014.0,2.0,0.8,5.0,2014.0,2.0,133
0.5290623,0.35349894,0.3104504,0.3854203,0.6885947,0.5828166,0.6046824,0.48922196,0.004408422,0.0063948133,0.4354884,0.45245814,0.52304643,0.4351417,0.56392545,0.54464126,0.4224146,0.06810025,0.3296397,0.0089903185,0.020209007,0.08414198,0.028345475,5.0,2014.0,3.0,1.4,5.0,2014.0,3.0,134
0.5653792,0.2931528,0.22641075,0.38781914,0.69771785,0.49295908,0.5188692,0.48576182,0.001072291,0.020018714,0.4386386,0.40912914,0.4858613,0.4382926,0.5552105,0.5177489,0.42743012,0.063861825,0.33933526,0.0062240665,0.03987438,0.17883581,0.068338215,5.0,2014.0,4.0,0.4,5.0,2014.0,4.0,135
0.5761309,0.38461778,0.21843792,0.37889948,0.68787146,0.33677667,0.35120276,0.48587438,0.00091322535,0.0139015345,0.44075567,0.2831294,0.39335614,0.4404096,0.5668459,0.46692428,0.4342935,0.039844114,0.33518013,0.0062240665,0.044036973,0.18231486,0.07151104,5.0,2015.0,1.0,1.0,5.0,2015.0,1.0,136
0.62926835,0.3912295,0.2037385,0.38698244,0.6910219,0.374529,0.32042727,0.46285936,0.0007099047,0.027944716,0.44558793,0.17624985,0.307817,0.44524202,0.60458,0.45675865,0.4461724,0.061036214,0.33794996,0.0062240665,0.006401922,0.034015533,0.014886108,5.0,2015.0,2.0,1.0,5.0,2015.0,2.0,137
0.5792848,0.3864107,0.21197827,0.37017962,0.6907544,0.3682862,0.3939099,0.48545823,0.00026305002,0.012077143,0.4380987,0.26904264,0.3918783,0.43775228,0.55947524,0.4908779,0.44590843,0.05397218,0.33240992,0.0062240665,0.016646478,0.07085599,0.029548189,5.0,2015.0,3.0,0.7,5.0,2015.0,3.0,138
0.5706356,0.41677532,0.24360435,0.37729454,0.68096,0.42722395,0.47578603,0.48418117,0.0010338814,0.025975352,0.4422206,0.17670156,0.32005495,0.44187436,0.6029112,0.50514865,0.44247675,0.05538499,0.33240992,0.0062240665,0.037935197,0.16276044,0.08962591,5.0,2015.0,4.0,1.2,5.0,2015.0,4.0,139
0.5150134,0.36700737,0.2186097,0.37755534,0.6825691,0.4814469,0.57130545,0.48543152,0.0013188497,0.046920244,0.44083962,0.4146126,0.48568994,0.44049326,0.5673095,0.56320024,0.44854817,0.04973376,0.33240992,0.0055325036,0.037867498,0.16940483,0.08411761,5.0,2016.0,1.0,1.0,5.0,2016.0,1.0,140
0.52136886,0.35919788,0.22907308,0.37455752,0.6793312,0.54538786,0.59668905,0.48709273,0.0033323239,0.0008850496,0.4380331,0.4853153,0.54233426,0.4376866,0.54566103,0.5808467,0.43350157,0.051146567,0.32132944,0.004149378,0.012011947,0.05301181,0.020098224,5.0,2016.0,2.0,0.6,5.0,2016.0,2.0,141
0.5061253,0.33903983,0.2620132,0.376445,0.0,0.51950496,0.5757093,0.48669553,0.0013750182,0.0022315711,0.4369376,0.52643275,0.5719906,0.436591,0.5681902,0.5617109,0.42531833,0.062449023,0.3144044,0.004149378,0.018629638,0.08012229,0.028992439,5.0,2016.0,3.0,0.5,5.0,2016.0,3.0,142
0.5346054,0.37658033,0.25364742,0.38492078,1.0,0.5679578,0.555645,0.48698625,0.0004891688,0.00072145264,0.43238837,0.44945362,0.52935636,0.4320408,0.58214355,0.5585099,0.44089288,0.07233867,0.32271478,0.004149378,0.03908774,0.17182818,0.07798068,5.0,2016.0,4.0,0.8,5.0,2016.0,4.0,143
0.5877428,0.36266968,0.30457598,0.38077536,0.6845276,0.5296596,0.606323,0.4846637,0.0005175207,0.004658099,0.42326087,0.3454364,0.47445974,0.4229126,0.7034118,0.5384125,0.4361413,0.102007605,0.30470908,0.004149378,0.04233799,0.17516176,0.08628233,5.0,2017.0,1.0,1.1,5.0,2017.0,1.0,144
0.5769433,0.41635218,0.3458122,0.37654462,0.65546036,0.57342863,0.63463247,0.48531267,0.00018536758,0.007094559,0.4080455,0.46843702,0.58568573,0.4076959,0.6516781,0.5441172,0.44010097,0.08929235,0.300554,0.004149378,0.015205266,0.07373086,0.02770075,5.0,2017.0,2.0,2.2,5.0,2017.0,2.0,145
0.59758663,0.4445831,0.37298638,0.38342896,0.69998705,0.7092368,0.70344406,0.4854184,0.0003115702,0.01679982,0.40542346,0.53174233,0.63851845,0.40507385,0.64926755,0.57469267,0.44854817,0.08787954,0.29778385,0.004149378,0.021299403,0.09197276,0.03598377,5.0,2017.0,3.0,2.9,5.0,2017.0,3.0,146
0.6181821,0.48633093,0.40271512,0.37285385,0.68399626,0.7109332,0.7827826,0.48639563,0.0018508042,0.01577796,0.39747742,0.7616265,0.8105861,0.39712805,0.65478396,0.58188605,0.4437966,0.1005948,0.2797784,0.004149378,0.040724393,0.16797209,0.07890146,5.0,2017.0,4.0,2.9,5.0,2017.0,4.0,147
0.5929037,0.4250956,0.38807607,0.37582666,0.6862753,0.8630835,0.8679333,0.49558726,0.0023216594,0.0007177563,0.41047966,0.8259937,0.83878416,0.41013125,0.59855366,0.596428,0.43930903,0.10907164,0.28947362,0.004149378,0.041151334,0.16996904,0.07375132,5.0,2018.0,1.0,2.2,5.0,2018.0,1.0,148
0.56499696,0.38120744,0.30822802,0.33850384,0.68029696,0.74377394,0.81087345,0.49445006,0.004432354,0.0089161,0.42441636,0.6132092,0.661924,0.4240685,0.653486,0.58022565,0.44247675,0.13026375,0.28531852,0.004149378,0.009690767,0.01352934,0.0025550954,5.0,2018.0,2.0,1.5,5.0,2018.0,2.0,149
0.5983034,0.36674568,0.26751474,0.41832694,0.6821577,0.62459797,0.69138396,0.49312449,0.0045536677,0.008671377,0.43036783,0.5306732,0.5898778,0.4300202,0.64815503,0.56111354,0.43402952,0.14721742,0.27285317,0.004149378,0.017002437,0.075675465,0.02609835,5.0,2018.0,3.0,1.3,5.0,2018.0,3.0,150
0.5848279,0.3130059,0.18667151,0.39165,0.6872909,0.5792829,0.6142206,0.48674634,0.0013867236,0.0037811815,0.4344768,0.46660712,0.5345046,0.43412927,0.62655294,0.55164635,0.42716616,0.13167655,0.27008307,0.004149378,0.04004933,0.16504636,0.07447317,5.0,2018.0,4.0,1.4,5.0,2018.0,4.0,151
0.6026041,0.39305523,0.20948984,0.3828166,0.6892159,0.5437788,0.50522625,0.4861408,0.0012188631,0.0075945966,0.43611282,0.47748312,0.5365568,0.43576545,0.62048024,0.53125817,0.43138975,0.102007605,0.267313,0.004149378,0.040119305,0.16705382,0.0705623,5.0,2019.0,1.0,2.4,5.0,2019.0,1.0,152
0.60695255,0.40254834,0.23316057,0.38205203,0.6920385,0.5399835,0.5250886,0.48620468,0.0012832517,0.008645578,0.43012524,0.67800015,0.6901252,0.42977795,0.60954016,0.53654855,0.43033385,0.099181995,0.25900277,0.004149378,0.013875751,0.06665758,0.017137764,5.0,2019.0,2.0,2.7,5.0,2019.0,2.0,153
0.5673384,0.35439247,0.23779465,0.37181702,0.6972197,0.49602422,0.5253801,0.48698848,0.0021008702,0.0007841887,0.43066916,0.68120754,0.6905958,0.4303225,0.6005934,0.5252689,0.43059784,0.09353077,0.24515232,0.004149378,0.020275524,0.08805127,0.023143955,5.0,2019.0,3.0,2.2,5.0,2019.0,3.0,154
0.5217511,0.3068001,0.34494564,0.38293868,0.6932449,0.48597234,0.4755219,0.48521772,0.0005071089,0.02679234,0.41948387,0.65281874,0.7027127,0.4191371,0.56332284,0.5270977,0.43402952,0.097769186,0.24515232,0.004149378,0.037625432,0.15532658,0.05562862,5.0,2019.0,4.0,1.0,5.0,2019.0,4.0,155
0.40110353,0.43646017,0.17708316,0.37879077,0.6854927,0.45700216,0.5636127,0.4877659,0.0023398604,0.009203291,0.4351207,0.61603934,0.5058323,0.43477422,0.65644175,0.39462122,0.44010097,0.32037124,0.13125625,0.30497926,0.0787171,0.037728477,0.025488969,6.0,2013.0,1.0,2.7211,6.0,2013.0,1.0,156
0.5266111,0.49628317,0.22522184,0.38006163,0.68662465,0.5788655,0.5657667,0.48593318,0.0010499568,0.011455044,0.43237078,0.60202533,0.57654285,0.432024,0.66552997,0.48637882,0.43350157,0.32937858,0.1377154,0.32918397,0.07460919,0.044815067,0.035409205,6.0,2013.0,2.0,4.0218,6.0,2013.0,2.0,157
0.51440215,0.4060177,0.1807632,0.37952626,0.6850002,0.53462845,0.6425792,0.48628122,0.0012929761,0.0055985884,0.43249434,0.6424515,0.586543,0.43214756,0.7472888,0.39711523,0.4567314,0.308561,0.1276558,0.37067774,0.07799994,0.0648092,0.040507663,6.0,2013.0,3.0,2.759,6.0,2013.0,3.0,158
0.49178696,0.3457227,0.20056036,0.38068876,0.68752545,0.6163291,0.5036325,0.48647934,0.001203533,0.0049058967,0.43575975,0.52966684,0.47254315,0.43541315,0.61610585,0.43752226,0.45646745,0.29870668,0.116812795,0.4121715,0.07989649,0.041996524,0.036334965,6.0,2013.0,4.0,2.5288,6.0,2013.0,4.0,159
0.5139173,0.34619468,0.12805764,0.3792444,0.6853906,0.4642123,0.5867516,0.48595738,0.00090798753,0.0059581487,0.43450916,0.5467471,0.50536704,0.43416238,0.56392777,0.374679,0.450132,0.2972218,0.107958846,0.44674966,0.08543637,0.038530156,0.024988953,6.0,2014.0,1.0,3.4694,6.0,2014.0,1.0,160
0.5033172,0.18997051,0.2190375,0.3797296,0.68528414,0.44842196,0.55230343,0.48567823,0.0011403104,0.01793829,0.4248283,0.63805383,0.7594948,0.424481,0.47765663,0.49018934,0.44538048,0.32209027,0.09783701,0.46058092,0.07301695,0.08302946,0.061294723,6.0,2014.0,2.0,-0.4353,6.0,2014.0,2.0,161
0.48712286,0.20991151,0.29391506,0.37852517,0.68538713,0.537868,0.62645847,0.48564592,0.0007958193,0.020805452,0.4289734,0.54640985,0.63426656,0.4286264,0.5629987,0.61332464,0.4094798,0.33034086,0.10637139,0.46058092,0.08562101,0.054230236,0.04274149,6.0,2014.0,3.0,-0.6388,6.0,2014.0,3.0,162
0.32863078,0.22053097,0.1745782,0.37629917,0.6830256,0.23303625,0.51589525,0.486384,0.001362534,0.005559898,0.43301812,0.67383885,0.592405,0.4326714,0.44487548,0.4904472,0.4234705,0.3273503,0.112532936,0.47787,0.07487422,0.06377933,0.05487717,6.0,2014.0,4.0,-0.2285,6.0,2014.0,4.0,163
0.3234354,0.1520944,0.14665489,0.3798782,0.6866083,0.30343115,0.355203,0.48600677,0.0010765267,0.008772656,0.44296727,0.6291991,0.34828418,0.44262117,0.38890183,0.41154125,0.40657607,0.3756376,0.14013231,0.51936376,0.10223133,0.043930974,0.041462824,6.0,2015.0,1.0,-1.6194,6.0,2015.0,1.0,164
0.28747404,0.119764015,0.09977349,0.38047546,0.687613,0.27513957,0.25329965,0.4881328,0.0015446107,0.0023402784,0.44266757,0.6002353,0.3358794,0.44232145,0.24353488,0.24662381,0.38545802,0.4119613,0.17035273,0.56085753,0.06662043,0.07527331,0.05450177,6.0,2015.0,2.0,-2.7404,6.0,2015.0,2.0,165
0.2554047,0.0,0.0,0.38182297,0.6885058,0.1938757,0.109460324,0.48716193,0.0015204265,0.0016951953,0.45403704,0.56973565,0.0709481,0.45369163,0.13409327,0.12750135,0.36803564,0.45487952,0.2130448,0.5954357,0.07482429,0.062127564,0.053606015,6.0,2015.0,3.0,-4.2628,6.0,2015.0,3.0,166
0.5282022,0.18536365,0.30517474,0.363495,0.689006,0.5328215,0.48858738,0.48233598,0.0021687737,0.03540977,0.43219283,0.39166456,0.49301562,0.4318755,0.47251067,0.5532121,0.38511485,0.13591497,0.40858707,0.03526971,0.03994457,0.35498083,0.06155003,7.0,2013.0,1.0,-2.9,7.0,2013.0,1.0,167
0.52676857,0.2071345,0.36783785,0.39110592,0.70783424,0.55121654,0.54068345,0.48578689,0.0019641484,0.013284087,0.41973346,0.5048916,0.6342282,0.41938546,0.47886148,0.56014436,0.39469716,0.103420414,0.41828263,0.02835408,0.015229817,0.1354141,0.03520427,7.0,2013.0,2.0,-2.2,7.0,2013.0,2.0,168
0.5230413,0.21375242,0.3831515,0.43516684,0.6987147,0.64275956,0.626672,0.52307546,0.0020728349,0.013185605,0.4210514,0.5186198,0.6359061,0.42070395,0.51756907,0.59226847,0.40435866,0.102007605,0.41828263,0.024896266,0.026589438,0.23647436,0.050979227,7.0,2013.0,3.0,-1.5,7.0,2013.0,3.0,169
0.53704244,0.3339582,0.397121,0.39472938,0.69119775,0.6088553,0.58418924,0.48575798,0.00095588906,0.012030594,0.42939296,0.52887994,0.59685844,0.42901343,0.5260523,0.58985204,0.40264282,0.08222832,0.4265929,0.017980637,0.03972589,0.35302344,0.06434049,7.0,2013.0,4.0,-0.9,7.0,2013.0,4.0,170
0.5508525,0.3524511,0.37166104,0.39111897,0.6905283,0.6218008,0.6107153,0.48657605,0.00062224985,0.0024731872,0.42147264,0.6445037,0.7185474,0.42108798,0.5273966,0.5874977,0.3987096,0.07375147,0.44044316,0.014522822,0.03972089,0.35307807,0.071609385,7.0,2014.0,1.0,0.2,7.0,2014.0,1.0,171
0.54454476,0.34533158,0.39510882,0.37604326,0.6868869,0.64043117,0.67526776,0.48644722,0.0015224179,0.009244994,0.42745233,0.6963231,0.71281594,0.42710525,0.5726405,0.58238405,0.41198757,0.07092586,0.42936268,0.013139696,0.0154316025,0.13721344,0.03012696,7.0,2014.0,2.0,0.1,7.0,2014.0,2.0,172
0.5547231,0.30137807,0.3104504,0.37638137,0.6883535,0.5683483,0.57256377,0.48851013,0.0012354221,0.0051796613,0.432827,0.43196043,0.5140842,0.4324802,0.54468757,0.5474628,0.39897358,0.048320957,0.4335178,0.0089903185,0.02815707,0.250234,0.06306582,7.0,2014.0,3.0,0.1,7.0,2014.0,3.0,173
0.5802883,0.2929534,0.22641075,0.39478266,0.68744886,0.47647485,0.47251803,0.48643836,0.0010732606,0.0039708507,0.44068557,0.3894447,0.4343093,0.44034582,0.56030965,0.522105,0.40554655,0.05538499,0.43767294,0.0062240665,0.041246075,0.36733282,0.06399524,7.0,2014.0,4.0,-0.1,7.0,2014.0,4.0,174
0.56437576,0.33043742,0.21843792,0.37342176,0.6396093,0.27497873,0.3340417,0.48650518,0.001943452,0.0065522366,0.4457826,0.24948204,0.3096029,0.4454368,0.6062025,0.4696474,0.42463198,0.039844114,0.42520756,0.0062240665,0.041603815,0.36973614,0.06291535,7.0,2015.0,1.0,0.1,7.0,2015.0,1.0,175
0.6108232,0.3815751,0.2037385,0.40307155,0.684375,0.28688988,0.3387407,0.48404583,0.0007925985,0.007855348,0.44974628,0.27695116,0.30187014,0.44940072,0.6676247,0.45957997,0.41534007,0.05397218,0.4141275,0.0062240665,0.014002208,0.1320079,0.029253582,7.0,2015.0,2.0,0.5,7.0,2015.0,2.0,176
0.5593105,0.419655,0.21197827,0.3817484,0.68578625,0.2939716,0.3203305,0.48550346,0.00077466894,0.009257448,0.44149143,0.36094925,0.41259095,0.44114524,0.6019377,0.4972498,0.42956832,0.05962341,0.38781145,0.0062240665,0.024775507,0.22108707,0.047030054,7.0,2015.0,3.0,0.5,7.0,2015.0,3.0,177
0.5595494,0.41097644,0.24360435,0.37702063,0.6841122,0.33956197,0.4303564,0.48669654,0.0018235978,0.0081983525,0.43851635,0.29882422,0.39802867,0.4381632,0.60930836,0.50956136,0.41399378,0.0582106,0.38919675,0.0062240665,0.039074954,0.34750873,0.06853735,7.0,2015.0,4.0,1.4,7.0,2015.0,4.0,178
0.5276287,0.414022,0.2186097,0.37584388,0.6955725,0.5203978,0.5060076,0.48599294,0.0010492703,0.007851175,0.43263635,0.55941087,0.596517,0.4322895,0.5498795,0.5687719,0.42407763,0.048320957,0.38919675,0.0055325036,0.03936364,0.35070726,0.06301054,7.0,2016.0,1.0,1.4,7.0,2016.0,1.0,179
0.5366124,0.36245403,0.22907308,0.38051283,0.69268465,0.584396,0.5516849,0.4856911,0.00035451716,0.005698396,0.43678877,0.46477354,0.5181541,0.43644232,0.52340996,0.5863786,0.413545,0.03419289,0.39058167,0.004149378,0.014839576,0.1326155,0.028573908,7.0,2016.0,2.0,1.2,7.0,2016.0,2.0,180
0.5693932,0.4148988,0.2620132,0.38126102,0.68815273,0.5869345,0.57352173,0.48103285,0.0008604617,0.015783448,0.4462619,0.5544599,0.5179507,0.44591615,0.5642036,0.56112784,0.41415218,0.04973376,0.38781145,0.004149378,0.028007824,0.25132778,0.05370648,7.0,2016.0,3.0,1.6,7.0,2016.0,3.0,181
0.56686056,0.48198655,0.25364742,0.3782706,0.68799657,0.5881745,0.5846918,0.48524576,0.000108057175,0.009904793,0.4482635,0.47521386,0.46182975,0.44791794,0.6170035,0.5562716,0.41613197,0.056797795,0.39612168,0.004149378,0.04058613,0.36066383,0.064805314,7.0,2016.0,4.0,1.5,7.0,2016.0,4.0,182
0.67241865,0.41647676,0.30457598,0.383671,0.6888948,0.63559085,0.66152024,0.48967123,0.0031786116,0.0051870546,0.45264387,0.44570762,0.41903737,0.4522987,0.7417486,0.5337023,0.41502327,0.10765883,0.38919675,0.004149378,0.04420806,0.39284545,0.06559316,7.0,2017.0,1.0,1.6,7.0,2017.0,1.0,183
0.6206192,0.48248407,0.3458122,0.37940946,0.6852637,0.59457165,0.6630791,0.48628533,0.0021030111,0.00822257,0.44572318,0.6397636,0.59873104,0.4453775,0.6907102,0.5406748,0.4265854,0.11472287,0.37257627,0.004149378,0.017968804,0.15969771,0.03453407,7.0,2017.0,2.0,1.8,7.0,2017.0,2.0,184
0.62081033,0.5140912,0.37298638,0.3840965,0.68628436,0.730134,0.788055,0.48655286,0.0009871088,0.0045160265,0.443052,0.7231407,0.6708171,0.44270614,0.6741146,0.57421255,0.4244736,0.099181995,0.37396118,0.004149378,0.030483367,0.27089143,0.0484572,7.0,2017.0,3.0,1.7,7.0,2017.0,3.0,185
0.63677067,0.49404278,0.40271512,0.37927702,0.6869162,0.78336155,0.82326573,0.48723152,0.003614423,0.008710488,0.44399947,0.9940241,0.85448027,0.44365388,0.6785185,0.5840461,0.41549844,0.09070516,0.3614958,0.004149378,0.045205288,0.4017071,0.0661974,7.0,2017.0,4.0,1.9,7.0,2017.0,4.0,186
0.5860703,0.47263,0.38807607,0.39713898,0.68746936,0.822984,0.861631,0.48521766,0.00039288038,0.011438278,0.43094465,0.9574181,0.87703794,0.4305979,0.61737436,0.6004882,0.41879812,0.08222832,0.35872558,0.004149378,0.04360268,0.38746628,0.06344512,7.0,2018.0,1.0,1.3,7.0,2018.0,1.0,187
0.58927196,0.41624552,0.30822802,0.37825868,0.68696934,0.7449263,0.7819049,0.48672602,0.003238403,0.012892403,0.45012194,0.63532156,0.6076447,0.4497767,0.6476451,0.5871153,0.40633848,0.09070516,0.35318553,0.004149378,0.015499786,0.03305738,0.014225087,7.0,2018.0,2.0,0.9,7.0,2018.0,2.0,188
0.572786,0.34787527,0.26751474,0.37761426,0.6860577,0.58325136,0.6299617,0.48755705,0.0022218751,0.009108289,0.45888692,0.52509975,0.5128867,0.45854262,0.6778231,0.5685636,0.41072047,0.11472287,0.33102503,0.004149378,0.021541247,0.19142523,0.03732838,7.0,2018.0,3.0,0.6,7.0,2018.0,3.0,189
0.5747452,0.27326322,0.18667151,0.37615776,0.6853683,0.55503684,0.62289715,0.4857784,0.000857699,0.0066245236,0.44575137,0.36440003,0.4430629,0.4454059,0.67810124,0.5570931,0.4190621,0.11189725,0.34072018,0.004149378,0.041333742,0.36730424,0.061315734,7.0,2018.0,4.0,0.3,7.0,2018.0,4.0,190
0.5663827,0.32898355,0.20948984,0.37730244,0.68693036,0.4458453,0.47364402,0.48646992,0.0015052619,0.008877003,0.45457312,0.3042862,0.37437308,0.45422816,0.5910903,0.53572744,0.41000775,0.092117965,0.33379483,0.004149378,0.045819387,0.40716425,0.0679998,7.0,2019.0,1.0,0.5,7.0,2019.0,1.0,191
0.5822953,0.31126672,0.23316057,0.37913024,0.68629056,0.47808632,0.5086835,0.48253703,0.0006939191,0.0055686147,0.44601032,0.48879907,0.5367002,0.44566542,0.5864547,0.5389894,0.42265218,0.08787954,0.3185595,0.004149378,0.017722521,0.1575216,0.032623377,7.0,2019.0,2.0,0.8,7.0,2019.0,2.0,192
0.57880694,0.3033857,0.23779465,0.3791763,0.686358,0.5013013,0.52689767,0.4850368,0.00087117543,0.008912868,0.4149619,0.4401597,0.53967625,0.41461188,0.56851476,0.524727,0.42399845,0.06668744,0.30332404,0.004149378,0.028720155,0.25523564,0.046039462,7.0,2019.0,3.0,0.8,7.0,2019.0,3.0,193
0.56303775,0.27021644,0.34494564,0.41314468,0.6884144,0.49575964,0.46215892,0.4839981,0.00086717086,0.011418246,0.45814273,0.64071417,0.6257092,0.45779392,0.50709254,0.5279769,0.42030278,0.063861825,0.30609414,0.004149378,0.04275781,0.37995824,0.06430611,7.0,2019.0,4.0,-0.2,7.0,2019.0,4.0,194
0.5375203,0.35069612,0.25500017,0.38062334,0.68588746,0.51078576,0.5569942,0.48626974,0.0011419975,0.006414221,0.43046084,0.6818421,0.6882933,0.4301116,0.59549415,0.5350499,0.41923615,0.08971619,0.20221606,0.045643155,0.3783606,0.073140316,0.02223276,8.0,2013.0,1.0,1.57,8.0,2013.0,1.0,195
0.56275105,0.34240928,0.26885104,0.3784965,0.6863409,0.5760391,0.60149014,0.48603037,0.001135969,0.008175151,0.45352066,0.7760488,0.6285822,0.45317394,0.6098183,0.52096456,0.44221517,0.08364112,0.20083098,0.045643155,0.0139534045,0.0027217155,0.0032753292,8.0,2013.0,2.0,1.82,8.0,2013.0,2.0,196
0.5621776,0.4344385,0.23658916,0.3812478,0.6869481,0.55650365,0.567543,0.4860416,0.0011023576,0.007937748,0.4613712,0.7282767,0.54144627,0.46102417,0.5884016,0.48074052,0.45117125,0.10002968,0.19944596,0.045643155,0.019656809,0.0038442248,0.005583076,8.0,2013.0,3.0,2.52,8.0,2013.0,3.0,197
0.5864048,0.49922332,0.27011055,0.37941116,0.6868753,0.5294294,0.5467306,0.48675063,0.0010865785,0.002814431,0.4715711,0.8207232,0.5383382,0.47122717,0.5959114,0.465797,0.45029303,0.09056387,0.20083098,0.045643155,0.430067,0.083178625,0.020860776,8.0,2013.0,4.0,3.38,8.0,2013.0,4.0,198
0.55816364,0.4733365,0.2532194,0.37941602,0.6875693,0.5482014,0.5419204,0.48957464,0.008602517,0.009464014,0.46705565,0.7663095,0.5839891,0.46671072,0.57115704,0.4240231,0.44541806,0.11006061,0.19806093,0.045643155,0.35265306,0.06817797,0.02758233,8.0,2014.0,1.0,2.64,8.0,2014.0,1.0,199
0.6188034,0.57609683,0.32163087,0.37995544,0.6876083,0.60379803,0.58777374,0.48597,0.0010798943,0.0077929925,0.44488916,0.90366477,0.8097538,0.44454566,0.6034211,0.45321,0.456982,0.14552206,0.19944596,0.045643155,0.014097516,0.002863609,0.0057666725,8.0,2014.0,2.0,2.98,8.0,2014.0,2.0,200
0.65263546,0.52340084,0.33307597,0.3810802,0.6874717,0.5995523,0.60095716,0.48608267,0.0010971223,0.007876111,0.4491268,0.6687085,0.6528381,0.44878763,0.6155201,0.47849423,0.46139142,0.13944699,0.19529083,0.045643155,0.04956676,0.009607893,0.007960634,8.0,2014.0,3.0,3.12,8.0,2014.0,3.0,201
0.63959,0.5111643,0.24487546,0.38207594,0.68655777,0.5310195,0.5594272,0.48213142,0.0010637648,0.008815865,0.52043253,0.5995454,0.6022051,0.520097,0.6244205,0.46200883,0.45103058,0.1328068,0.18282546,0.045643155,0.50126183,0.09716185,0.024717547,8.0,2014.0,4.0,2.76,8.0,2014.0,4.0,202
0.629125,0.43108252,0.21473601,0.37808642,0.68337095,0.37724227,0.4796963,0.48519963,0.00012513879,0.0057169604,0.5806575,0.57037675,0.5045138,0.58032316,0.62622845,0.43623438,0.42629054,0.09663894,0.18698059,0.03526971,0.56163996,0.10851562,0.025601124,8.0,2015.0,1.0,2.01,8.0,2015.0,1.0,203
0.5611741,0.27329028,0.20907328,0.37947994,0.68471926,0.35108277,0.42881185,0.4861843,0.0010207887,0.0073170736,0.53512734,0.5153209,0.42406765,0.53478557,0.5822826,0.43670824,0.43312782,0.08929235,0.1911357,0.03526971,0.006414372,0.0012495251,0.0028240336,8.0,2015.0,2.0,0.81,8.0,2015.0,2.0,204
0.56819856,0.34742764,0.11492625,0.37670666,0.68389183,0.29259413,0.3778662,0.48651257,0.00095736794,0.006656997,0.6085824,0.4493551,0.3576663,0.60823905,0.55975336,0.36118189,0.43567842,0.101583764,0.19529083,0.024896266,0.036507145,0.0073757255,0.0075366125,8.0,2015.0,3.0,0.21,8.0,2015.0,3.0,205
0.5489888,0.2653411,0.13302493,0.37958997,0.6862585,0.3231649,0.3701017,0.48668146,0.0009788144,0.0060814773,0.89273417,0.4844864,0.36352327,0.8924144,0.54946226,0.376415,0.43812245,0.10765883,0.19806093,0.024896266,0.5525175,0.10710765,0.021037212,8.0,2015.0,4.0,-0.41,8.0,2015.0,4.0,206
0.5951496,0.30733812,0.1587326,0.3807711,0.68660814,0.40734455,0.44000348,0.4864373,0.00083847984,0.0046818573,0.46587864,0.50222224,0.5051819,0.46552342,0.5593362,0.435178,0.47251186,0.1167008,0.20360108,0.024896266,0.45803335,0.089190446,0.025377097,8.0,2016.0,1.0,0.74,8.0,2016.0,1.0,207
0.51443994,0.28354323,0.19564757,0.37970376,0.6858815,0.43763727,0.4901299,0.486761,0.00088617497,0.006219813,0.44761866,0.55438745,0.57454115,0.44729525,0.55975336,0.49793383,0.4544188,0.116842076,0.19667585,0.024896266,0.012541733,0.0025613466,0.004288199,8.0,2016.0,2.0,0.52,8.0,2016.0,2.0,208
0.5270553,0.3488552,0.30859357,0.38005105,0.685945,0.5375006,0.57994616,0.47186056,0.0009318153,0.010312317,0.43768477,0.77651083,0.76485044,0.43734652,0.5925737,0.56172645,0.4420412,0.103420414,0.19529083,0.024896266,0.13582169,0.026432857,0.008990145,8.0,2016.0,3.0,1.2,8.0,2016.0,3.0,209
0.5525727,0.42204157,0.34734297,0.37982824,0.68885046,0.6176972,0.5893546,0.486761,0.0009297071,0.0065283673,0.42943272,0.73056823,0.77119774,0.42908043,0.5654552,0.56999785,0.45310313,0.11006061,0.1939058,0.024896266,0.53457755,0.1032912,0.02429618,8.0,2016.0,4.0,1.7,8.0,2016.0,4.0,210
0.59988034,0.45551562,0.39202055,0.37986207,0.6871052,0.72001034,0.7089414,0.486028,0.0011389751,0.008197061,0.46539533,0.9217815,0.7821136,0.46506196,0.75931764,0.62218,0.4615798,0.13224167,0.18282546,0.024896266,0.650267,0.12564187,0.029231897,8.0,2017.0,1.0,2.37,8.0,2017.0,1.0,211
0.58597475,0.44878602,0.34023508,0.37737957,0.6858685,0.6439009,0.6805205,0.48630863,0.0011420914,0.0070626047,0.4733205,0.93430877,0.7657331,0.47298586,0.77225107,0.59011203,0.47192797,0.10921292,0.16343486,0.038727526,0.08299316,0.016032334,0.007924991,8.0,2017.0,3.0,2.93,8.0,2017.0,3.0,212
0.5441147,0.44333595,0.2955401,0.3793666,0.684946,0.6807313,0.73715913,0.48566905,0.001146319,0.009936235,0.4614525,0.79281133,0.64700943,0.4611008,0.6530688,0.5536961,0.44652286,0.13831674,0.15096949,0.056016598,0.43158874,0.08337296,0.032755807,8.0,2018.0,1.0,2.78,8.0,2018.0,1.0,213
0.6159362,0.49734217,0.25101963,0.38305873,0.6881936,0.6896161,0.6609013,0.486761,0.0010502619,0.0055745044,0.4537373,0.72338533,0.6232488,0.4533845,0.6088448,0.49912983,0.44044483,0.1648775,0.14958447,0.066390045,0.021895833,0.0042505856,0.0055310177,8.0,2018.0,3.0,2.99,8.0,2018.0,3.0,214
0.5593105,0.37477046,0.23349181,0.37793383,0.6860206,0.5494434,0.58902633,0.48597163,0.0010429759,0.008192886,0.419079,0.5605512,0.737775,0.4187313,0.5768589,0.50663006,0.42521745,0.11938513,0.14819944,0.07676349,0.5546729,0.107128374,0.03343124,8.0,2019.0,1.0,1.77,8.0,2019.0,1.0,215
0.28016168,0.4241888,0.039698068,0.35937905,0.68966675,0.2874896,0.25707215,0.30728453,0.0015535881,1.0,0.46129772,0.10630371,0.05676349,0.46095997,0.2910254,0.15215813,0.4361413,0.4580349,0.11599016,0.4813278,0.94561046,0.09959084,0.096711054,9.0,2014.0,4.0,0.9276832,9.0,2014.0,4.0,216
0.31109354,0.37345132,0.05965831,0.38042688,0.6867983,0.122108944,0.027603617,0.486759,0.00071773655,0.0023620373,0.44325006,0.0294885,0.07836093,0.4429041,0.032449473,0.0,0.35853252,0.7377706,0.12511453,0.6403873,0.73274326,0.07588334,0.09061667,9.0,2015.0,1.0,-1.5260212,9.0,2015.0,1.0,217
0.08467973,0.34076697,0.121879406,0.37956688,0.68781334,0.061925016,0.01698535,0.4851845,0.00074793556,0.010829138,0.4578213,0.0,0.0,0.4574766,0.0,0.18530689,0.3371505,0.7222297,0.13531752,0.52973723,0.002501999,0.0002615904,0.002507894,9.0,2015.0,2.0,-3.088915,9.0,2015.0,2.0,218
0.0,0.3779351,0.0971206,0.9813808,0.68713653,0.0,0.0,0.48676035,0.0007582553,1.2375319e-05,0.44969288,0.082780205,0.05071922,0.44934726,0.041674394,0.031037997,0.3350387,0.7165785,0.13505355,0.46749654,0.0182853,0.0019282917,0.0137483245,9.0,2015.0,3.0,-1.6999714,9.0,2015.0,3.0,219
0.11090051,0.4644248,0.20117003,0.38835883,0.6861063,0.12183634,0.112113446,0.48675784,0.0006309694,0.0,0.4354842,0.2500957,0.2861979,0.43513763,0.13257927,0.24076316,0.31392065,0.6657175,0.14278622,0.46058092,0.7613272,0.07957776,0.08608464,9.0,2015.0,4.0,-1.5971363,9.0,2015.0,4.0,220
0.38942415,0.3617699,0.21626692,0.3766384,0.683323,0.103665195,0.3039468,0.4580403,0.00089500734,0.007993564,0.43859777,0.44651496,0.43612957,0.4382514,0.35652697,0.36270788,0.3738431,0.40717384,0.14066142,0.46058092,0.63255256,0.06631352,0.10539187,9.0,2016.0,1.0,-0.20645504,9.0,2016.0,1.0,221
0.16588242,0.38442478,0.22129904,0.37557822,0.68186355,0.21629225,0.4271433,0.4808641,0.001934331,0.051841978,0.43412945,0.41043937,0.4616588,0.43378276,0.5055164,0.2645277,0.37463504,0.36337686,0.1397035,0.4536653,0.004912023,0.0005219497,0.0038452249,9.0,2016.0,2.0,0.3213251,9.0,2016.0,2.0,222
0.3928899,0.42560473,0.33400363,0.37547985,0.6814333,0.41846132,0.56538737,0.49150956,0.0025835023,0.011524004,0.4273151,0.50761706,0.6656372,0.42696795,0.6457908,0.52450687,0.3825543,0.34077194,0.1360125,0.4329184,0.033245135,0.0035066416,0.02124142,9.0,2016.0,3.0,0.058542266,9.0,2016.0,3.0,223
0.5555245,0.5132743,0.42731336,0.3766899,0.68466306,0.5884125,0.7080759,0.4893216,0.008322761,0.009155913,0.41694796,0.5968792,0.94868875,0.4166001,0.6908029,0.6585381,0.3770108,0.29556212,0.12874797,0.41908714,0.90536404,0.09372714,0.11907425,9.0,2016.0,4.0,0.53795344,9.0,2016.0,4.0,224
0.9272317,0.44837758,0.5228685,0.38554737,0.68924904,1.0,0.9411188,0.48825997,0.0018859314,0.00755166,0.42049506,0.6083802,0.87422544,0.4201474,0.9507232,1.0,0.40050462,0.24752669,0.13526188,0.41562933,1.0,0.103454955,0.13542096,9.0,2017.0,1.0,1.3100138,9.0,2017.0,1.0,225
0.86831504,0.50442475,0.3399051,0.38696253,0.68541825,0.8602281,0.91487336,0.48666567,0.0006210737,0.0012697022,0.4292465,0.6159173,0.7302091,0.4288993,0.97241795,0.81474996,0.42056677,0.2291602,0.12125151,0.39142463,0.010762483,0.0011138113,0.008442469,9.0,2017.0,2.0,2.3412426,9.0,2017.0,2.0,226
0.80636036,0.43457228,0.3237404,0.35884613,0.5591677,0.8043247,0.90340483,0.48469397,0.00048531368,0.008444385,0.42874914,0.661637,0.7766964,0.42840195,0.87094384,0.65320843,0.42927796,0.19525285,0.11261903,0.37067774,0.054576162,0.0056474553,0.018476205,9.0,2017.0,3.0,2.6379209,9.0,2017.0,3.0,227
0.86107147,0.3100885,0.29590026,0.384169,0.6873641,0.8468743,0.879445,0.48535165,0.00042302255,0.008482561,0.44371784,0.6797295,0.61859053,0.44337162,0.8791489,0.57864183,0.43904504,0.15993269,0.11602502,0.3395574,0.82738346,0.08559713,0.107920334,9.0,2017.0,4.0,1.0403416,9.0,2017.0,4.0,228
0.5978812,0.72247785,0.30381086,0.38159302,0.6880494,0.8738601,0.8417072,0.48145974,0.00041503462,0.023557203,0.44153735,0.6814342,0.63741463,0.44119108,0.84855366,0.44990692,0.43455747,0.14721742,0.113885015,0.3153527,0.6675566,0.06906856,0.14507446,9.0,2018.0,1.0,2.5630643,9.0,2018.0,1.0,229
0.96150434,0.61545724,0.2896205,0.3925859,0.7372482,0.9145232,0.7290772,0.4859599,0.0008812669,0.008296268,0.43569303,0.55408317,0.57829475,0.4353464,0.683664,0.36084843,0.43825313,0.15145583,0.10330428,0.30497926,0.007276573,0.00017624523,0.006554574,9.0,2018.0,2.0,2.728981,9.0,2018.0,2.0,230
0.97267973,0.61522126,0.27953377,0.41663325,0.7299745,0.95314616,0.5757197,0.4866574,0.001150576,0.0054306285,0.43845978,0.47027162,0.4717801,0.43811324,0.5445485,0.43336618,0.43455747,0.17829917,0.09537323,0.30843708,0.027022611,0.0027972518,0.020083496,9.0,2018.0,3.0,2.6339061,9.0,2018.0,3.0,231
0.823495,0.580531,0.23055686,0.38870493,0.6955552,0.7736188,0.5115847,0.0,0.00041565392,0.019837018,0.44626257,0.44998467,0.36142898,0.44591653,0.51895976,0.41957635,0.43482146,0.21503215,0.10430874,0.31881052,0.6969936,0.07211658,0.17196247,9.0,2018.0,4.0,3.239026,9.0,2018.0,4.0,232
0.4391672,0.46926254,0.20932147,0.37942785,0.68657184,0.52605355,0.51368016,0.4868058,0.0021087783,0.0023320618,0.44366738,0.47005025,0.40871507,0.44332108,0.51951605,0.43429762,0.43138975,0.2701316,0.105770096,0.32572615,0.92473125,0.09569821,0.18439469,9.0,2019.0,1.0,1.388533,9.0,2019.0,1.0,233
0.4199669,0.45274335,0.29550406,0.37749338,0.68401057,0.47234142,0.60443884,0.48674452,0.0015143908,0.002216557,0.44053212,0.6691078,0.6194484,0.44018558,0.53476727,0.5707011,0.42822206,0.26306757,0.095783755,0.32226834,0.009488422,0.0009836523,0.010395507,9.0,2019.0,2.0,1.3575612,9.0,2019.0,2.0,234
0.42781025,0.4940413,0.30345798,0.37638438,0.68314654,0.43294156,0.6747355,0.4790777,0.0010677801,0.014335257,0.4406421,0.6890722,0.63510096,0.4402957,0.6235861,0.609575,0.4224146,0.23339863,0.08660159,0.30152145,0.055517126,0.0057475273,0.043324266,9.0,2019.0,3.0,2.7674618,9.0,2019.0,3.0,235
0.40284088,0.4462537,0.38573286,0.3766156,0.68264985,0.44074097,0.82224905,0.48656467,0.0008582698,0.0027599556,0.43026212,0.78979254,0.8988213,0.42991513,0.7006304,0.637366,0.4298059,0.19666566,0.097112685,0.27040112,0.8018315,0.08295182,0.19447537,9.0,2019.0,4.0,3.0695016,9.0,2019.0,4.0,236
0.50545627,0.28603187,0.35847196,0.3805753,0.68240637,0.541813,0.6332259,0.48726153,0.006117734,0.0077989954,0.4195405,0.79499424,0.93910295,0.41919425,0.59377897,0.5887499,0.42208526,0.20739077,0.11169684,0.18395574,0.039721306,0.078452684,0.10319252,10.0,2013.0,1.0,-0.3,10.0,2013.0,1.0,237
0.5638501,0.34854868,0.3534242,0.37480825,0.6468471,0.54728353,0.7022283,0.52583295,0.171639,0.0066632424,0.4206213,0.59605515,0.8339473,0.42027384,0.6374467,0.67244095,0.40016344,0.24002275,0.116496675,0.17012449,0.042959105,0.07327078,0.07504375,10.0,2013.0,2.0,1.7,10.0,2013.0,2.0,238
0.60738266,0.30697346,0.27104452,0.38255712,0.6826893,0.60024995,0.6724003,0.48753834,0.003470965,0.009276269,0.42704374,0.66569686,0.7212778,0.42669663,0.64208233,0.578432,0.41412425,0.19694027,0.10666673,0.16666667,0.031225106,0.06545101,0.09683673,10.0,2013.0,3.0,1.0,10.0,2013.0,3.0,239
0.5754142,0.36572152,0.25961822,0.37731007,0.68611425,0.6096369,0.6431665,0.48243147,0.16332254,0.054864272,0.42734545,0.7186856,0.7331057,0.4269983,0.56364733,0.54378134,0.40089133,0.20587525,0.10213403,0.1493776,0.042378817,0.072782174,0.117470615,10.0,2013.0,4.0,0.9,10.0,2013.0,4.0,240
0.56623936,0.43629497,0.18929495,0.37926778,0.6856319,0.5916907,0.6380041,0.48498213,0.00064289843,0.009214308,0.43185356,0.7665826,0.6388085,0.4315057,0.61491746,0.49169248,0.40614277,0.2274066,0.10923925,0.1493776,0.04279974,0.07313206,0.08449029,10.0,2014.0,1.0,2.5,10.0,2014.0,1.0,241
0.60465884,0.44273865,0.2383033,0.3398493,0.6867058,0.6196186,0.63727874,0.4853515,2.2683862e-05,0.007382837,0.4268824,0.9611451,0.8259155,0.42653522,0.62428147,0.49035284,0.41950887,0.20315799,0.11064538,0.14246197,0.0383209,0.075786725,0.09367194,10.0,2014.0,2.0,1.9,10.0,2014.0,2.0,242
0.59925914,0.447541,0.30671436,0.3842398,0.6885238,0.6382032,0.6351504,0.4852242,0.00075952854,0.0084780175,0.42780107,0.8441452,0.7657642,0.427454,0.65450585,0.52559626,0.41789985,0.22689828,0.10896796,0.12863071,0.038010813,0.067654476,0.10138199,10.0,2014.0,3.0,2.6,10.0,2014.0,3.0,243
0.5894631,0.46494395,0.23886636,0.38045755,0.6878648,0.56898826,0.56571835,0.48682418,0.00180497,0.0008371376,0.4345049,0.70679927,0.5608981,0.43415827,0.6781476,0.4932337,0.42273423,0.22841059,0.09147647,0.12863071,0.03723719,0.08636829,0.13774373,10.0,2014.0,4.0,3.0,10.0,2014.0,4.0,244
0.51998305,0.41841063,0.22953132,0.3837329,0.68571347,0.50783795,0.55790657,0.48520672,0.0014030292,0.011830665,0.43507022,0.68892527,0.5430231,0.43472365,0.57083255,0.43351185,0.44113505,0.18116698,0.08343572,0.12863071,0.047064006,0.081069715,0.09869672,10.0,2015.0,1.0,2.9,10.0,2015.0,1.0,245
0.47277102,0.36932626,0.20118627,0.37739268,0.6862367,0.4916662,0.5300851,0.48466256,0.0009744924,0.008260052,0.43729514,0.5299543,0.43681902,0.43694872,0.55215096,0.37873322,0.450366,0.17561124,0.09002263,0.12863071,0.03803017,0.06827486,0.10311907,10.0,2015.0,2.0,2.3,10.0,2015.0,2.0,246
0.45270115,0.46573922,0.13972557,0.13070983,0.67695665,0.44974792,0.5560139,0.48204878,0.00066815934,0.008297912,0.43824583,0.48256695,0.4005467,0.43789944,0.5598925,0.31511462,0.45666233,0.16198486,0.08472132,0.12863071,0.03336511,0.089513816,0.14868279,10.0,2015.0,3.0,3.4,10.0,2015.0,3.0,247
0.43157998,0.38651565,0.15349707,0.38068643,0.6848793,0.43664086,0.49623653,0.48500958,0.0005900892,0.009899324,0.4348697,0.3982176,0.44991645,0.43452308,0.50866866,0.34511223,0.44965458,0.14757608,0.08310942,0.13208853,0.03911873,0.07022295,0.10423279,10.0,2015.0,4.0,2.2,10.0,2015.0,4.0,248
0.44352633,0.38569793,0.1645782,0.33165553,0.6858031,0.4505051,0.5030727,0.48623192,0.00077401736,0.0056710863,0.43250757,0.42529207,0.51141876,0.4321608,0.51960874,0.32551065,0.4510182,0.16532071,0.07547746,0.15283541,0.036342584,0.1079332,0.15574895,10.0,2016.0,1.0,1.7,10.0,2016.0,1.0,249
0.46632,0.40144777,0.17072019,0.3805124,0.68610746,0.47419912,0.5161806,0.48535046,0.0010960562,0.008512904,0.43359575,0.46138048,0.50178033,0.43324903,0.5269331,0.3372653,0.4476753,0.15959674,0.07053984,0.16666667,0.03829504,0.070877396,0.108652286,10.0,2016.0,2.0,2.3,10.0,2016.0,2.0,250
0.5139621,0.29331565,0.18947531,0.38415998,0.6877314,0.5316853,0.53626424,0.48746386,0.0033108867,0.009174256,0.4326247,0.55694115,0.5595458,0.43227792,0.5393102,0.3658144,0.45417243,0.16913313,0.062139466,0.18741356,0.033853803,0.0727367,0.14163038,10.0,2016.0,3.0,0.9,10.0,2016.0,3.0,251
0.58927196,0.34583953,0.16844957,0.3790131,0.6887778,0.6296974,0.6158934,0.4879978,0.0019817813,0.0066717323,0.43524167,0.58950734,0.5156097,0.43489495,0.58775264,0.3279861,0.4520651,0.18860206,0.055321198,0.2219917,0.038141113,0.09108096,0.11811233,10.0,2016.0,4.0,2.3,10.0,2016.0,4.0,252
0.686133,0.42769793,0.22538893,0.38418934,0.6845707,0.69341195,0.7640913,0.48611438,0.0013183424,0.008682089,0.43141228,0.6224831,0.6090048,0.43106523,0.7001205,0.3882894,0.43515876,0.26215032,0.047797598,0.26002768,0.045529652,0.07719452,0.08383202,10.0,2017.0,1.0,3.4,10.0,2017.0,1.0,253
0.6622881,0.34244248,0.27890593,0.3808578,0.6890264,0.6736179,0.64455116,0.4855693,0.00092319516,0.007617345,0.427328,0.6254661,0.69674504,0.42698053,0.65844613,0.5205673,0.42486116,0.30961734,0.04943181,0.28423238,0.05429102,0.09188754,0.13284548,10.0,2017.0,2.0,1.5,10.0,2017.0,2.0,254
0.6320399,0.35672095,0.33815333,0.070894636,0.6858554,0.65789115,0.6968147,0.4850717,0.0006758689,0.008028806,0.4248383,0.58204836,0.7292769,0.4244906,0.6775913,0.60793513,0.4140711,0.32593045,0.04114599,0.29460582,0.045933355,0.07785174,0.09893636,10.0,2017.0,3.0,1.2,10.0,2017.0,3.0,255
0.6715107,0.3425239,0.34056786,0.37772715,0.69028914,0.7090244,0.71626246,0.49088565,0.0038413305,0.008520833,0.42564425,0.6230146,0.7270307,0.4252966,0.72213984,0.5775734,0.4190842,0.33058718,0.0475711,0.29806364,0.05518805,0.09339549,0.075997844,10.0,2017.0,4.0,1.4,10.0,2017.0,4.0,256
0.68914354,0.30162123,0.3295385,0.19212922,0.68646544,0.70147955,0.7107325,0.4861253,0.0010482155,0.0074080313,0.42882448,0.57236326,0.6450635,0.42847598,0.7070276,0.60368437,0.4367676,0.27607197,0.036607392,0.3118949,0.052728295,0.089230254,0.09489907,10.0,2018.0,1.0,1.1,10.0,2018.0,1.0,257
0.6867065,0.39676696,0.22989081,0.38032463,0.68401086,0.7152246,0.7681032,0.48606658,0.0011672755,0.008238551,0.4333143,0.5583798,0.5444006,0.43296722,0.7571852,0.44876456,0.45206895,0.24475624,0.043626726,0.31881052,0.050029173,0.04336334,0.100167,10.0,2018.0,2.0,2.9,10.0,2018.0,2.0,258
0.6987962,0.39257818,0.24739757,0.3811039,0.6854123,0.7066439,0.7500738,0.48605222,0.0011611885,0.008291324,0.43019265,0.5005178,0.5894591,0.42984536,0.72167623,0.4712147,0.441336,0.25933078,0.03953214,0.32572615,0.046217833,0.0783585,0.123191275,10.0,2018.0,3.0,2.8,10.0,2018.0,3.0,259
0.6225784,0.31533924,0.19910449,0.38166854,0.6140913,0.6142157,0.70010895,0.48531032,0.00016118851,0.0076801395,0.43014905,0.4106185,0.5544767,0.42980173,0.6744391,0.50662106,0.44919473,0.25530717,0.044247832,0.3360996,0.051413093,0.08701044,0.0904159,10.0,2018.0,4.0,1.1,10.0,2018.0,4.0,260
0.569441,0.33949262,0.20606926,0.37867862,0.68626505,0.6050705,0.6331479,0.4857182,0.0017351306,0.0122812,0.43035674,0.42104307,0.5554572,0.43001065,0.6067124,0.5518839,0.45479837,0.22506393,0.0455525,0.34647304,0.046362218,0.07903753,0.08658128,10.0,2019.0,1.0,0.9,10.0,2019.0,1.0,261
0.59438497,0.27429616,0.23781317,0.38281164,0.69682264,0.61240774,0.55364436,0.48658764,0.0014356697,0.008309464,0.42762804,0.4643548,0.62711906,0.42728078,0.5388003,0.6035675,0.44305015,0.22976199,0.05267181,0.34647304,0.053459603,0.09049798,0.1142365,10.0,2019.0,2.0,-1.0,10.0,2019.0,2.0,262
0.5573035,0.2832059,0.16238344,0.38428482,0.69051915,0.5810896,0.5598395,0.48641795,0.001224999,0.008082323,0.43184412,0.47242522,0.5433103,0.43149728,0.54056185,0.52594835,0.45268765,0.19159779,0.04939981,0.3360996,0.046916362,0.07958588,0.14120327,10.0,2019.0,3.0,-0.5,10.0,2019.0,3.0,263
0.51969635,0.23738761,0.2803626,0.38276175,0.6939419,0.52253836,0.4893302,0.48621505,0.0012134837,0.008111197,0.42695168,0.5832921,0.6895594,0.42660484,0.48762286,0.5959448,0.44804418,0.17579275,0.04632494,0.3153527,0.051454473,0.08712076,0.09926532,10.0,2019.0,4.0,-1.0,10.0,2019.0,4.0,264
0.41067603,0.3942183,0.18696262,0.37792644,0.68400186,0.23433323,0.37191796,0.48547652,0.0,0.008572916,0.4390643,0.40109384,0.40395823,0.43871802,0.6602286,0.39955714,0.45086104,0.11472287,0.15435717,0.090594746,0.020814287,0.03538784,0.050038837,11.0,2015.0,2.0,1.9,11.0,2015.0,2.0,265
0.52075905,0.47457227,0.12908585,0.3769357,0.6855283,0.20464246,0.31512013,0.48590603,0.00020466892,0.008145175,0.43830505,0.34780788,0.39162073,0.4379589,0.6833198,0.3404777,0.44857734,0.11472287,0.16126727,0.08713693,0.014737031,0.16206214,0.104816824,11.0,2015.0,3.0,2.49,11.0,2015.0,3.0,266
0.38132888,0.48129794,0.17196584,0.37894908,0.68506527,0.3300674,0.42323464,0.48591602,0.0010053699,0.009442228,0.42559382,0.4450884,0.61142385,0.42524683,0.5546244,0.48023918,0.4444619,0.10624603,0.14502895,0.08713693,0.013694783,0.026537707,0.0674562,11.0,2016.0,1.0,2.68,11.0,2016.0,1.0,267
0.5153982,0.32766962,0.32546166,0.38145214,0.68703425,0.6169932,0.5765554,0.48628408,0.00687164,0.0067185583,0.42222166,0.6674649,0.7696759,0.4218743,0.47604555,0.610902,0.43856782,0.10624603,0.13948444,0.06984786,0.015344791,0.086828955,0.060008455,11.0,2016.0,3.0,2.23,11.0,2016.0,3.0,268
0.8914836,0.38890857,0.3040207,0.3826245,0.68932796,0.8690681,0.64897096,0.48513746,0.0045643356,0.01840675,0.43021584,0.57544124,0.6184954,0.42986906,0.4894754,0.6293085,0.4390505,0.11472287,0.14226085,0.066390045,0.021087816,0.022491956,0.05003617,11.0,2016.0,4.0,2.74,11.0,2016.0,4.0,269
1.0,0.319882,0.36072844,0.38311455,0.6887152,0.9733223,0.8321929,0.48615086,0.0023043472,0.0068687643,0.43232486,0.5879008,0.5943821,0.43197802,0.6227984,0.64570856,0.43400857,0.1401534,0.14526111,0.066390045,0.04591487,0.027499298,0.0164395,11.0,2017.0,1.0,2.18,11.0,2017.0,1.0,270
0.8557474,0.4076696,0.31765154,0.3800054,0.68785226,0.82591385,0.7359299,0.48745504,0.012940045,0.006568343,0.4321802,0.6555727,0.6301535,0.43183336,0.7321836,0.58509773,0.44035485,0.13167655,0.13649051,0.066390045,0.063894,0.029196259,0.015251605,11.0,2017.0,2.0,2.13,11.0,2017.0,2.0,271
0.7779355,0.44483775,0.29598087,0.37912828,0.6866242,0.8110155,0.78086865,0.4858486,0.00019018113,0.008148234,0.4320557,0.6456221,0.6269059,0.4317089,0.93904036,0.5915376,0.43243733,0.12743813,0.13411303,0.066390045,0.0633918,0.02696962,0.05545595,11.0,2017.0,3.0,3.02,11.0,2017.0,3.0,272
0.52477425,0.42147493,0.32355163,0.37288395,0.6789631,0.5796492,0.74005646,0.48596707,0.001685182,0.00895342,0.42753655,0.7800443,0.75784403,0.42718938,0.7199933,0.52706605,0.43146408,0.13167655,0.13130899,0.066390045,0.083785824,0.03716877,0.04175931,11.0,2017.0,4.0,2.35,11.0,2017.0,4.0,273
0.5988464,0.55882007,0.3001667,0.37223187,0.6829466,0.68357056,0.76980966,0.48665935,0.07106679,0.008126767,0.43191162,0.71628976,0.66576177,0.43156475,0.7341881,0.48738912,0.43543568,0.13167655,0.13409998,0.066390045,0.06298995,0.034969695,0.015488066,11.0,2018.0,1.0,3.06,11.0,2018.0,1.0,274
0.7090971,0.50713867,0.27902526,0.378674,0.6851754,0.7186439,0.7686871,0.48482636,0.0002859978,0.010084033,0.43167108,0.63088524,0.62707657,0.43132427,0.6879634,0.48772007,0.43355498,0.1401534,0.12939917,0.066390045,0.07046752,0.016463667,0.04261422,11.0,2018.0,2.0,3.19,11.0,2018.0,2.0,275
0.7795741,0.47244838,0.26138216,0.38172016,0.68684286,0.64517474,0.6416378,0.48583162,0.0006090034,0.010173017,0.43459788,0.55492926,0.548975,0.43425095,0.48545507,0.45719412,0.44002426,0.13167655,0.12064976,0.066390045,0.046503324,0.029678077,0.019410593,11.0,2018.0,3.0,2.67,11.0,2018.0,3.0,276
0.8440881,0.48129794,0.19139184,0.38236853,0.68861794,0.7008982,0.62204456,0.4864962,0.005373452,0.003962203,0.43497017,0.38624874,0.45883396,0.43462354,0.7243622,0.4861479,0.43802387,0.12743813,0.113463394,0.066390045,0.06574586,0.029743748,0.041444052,11.0,2018.0,4.0,2.48,11.0,2018.0,4.0,277
0.74717927,0.3981121,0.20607762,0.38171017,0.6899558,0.58112866,0.5212684,0.48037103,2.3829929e-05,0.0100177545,0.43306372,0.44436032,0.51450586,0.43271703,0.6185157,0.471528,0.4386229,0.10624603,0.11349534,0.066390045,0.046344955,0.024895737,0.034897473,11.0,2019.0,1.0,2.01,11.0,2019.0,1.0,278
0.8008165,0.420413,0.23667459,0.38567927,0.6924871,0.62459886,0.47482297,0.4855546,2.303905e-05,0.008010139,0.4336326,0.5133911,0.5426713,0.4332869,0.57104826,0.4928785,0.4329803,0.11896129,0.12145378,0.06293223,0.057546984,0.02545133,0.012073306,11.0,2019.0,2.0,1.58,11.0,2019.0,2.0,279
0.742147,0.47067848,0.23742633,0.38696966,0.6916283,0.60930973,0.47092697,0.48604676,0.0,0.007849854,0.4334422,0.60253525,0.5921987,0.43309566,0.5935355,0.47493917,0.4324586,0.12319971,0.12275537,0.045643155,0.038559143,0.01853978,0.010462233,11.0,2019.0,3.0,1.71,11.0,2019.0,3.0,280
0.5885942,0.4444838,0.31467038,0.38353482,0.6914839,0.5264889,0.47492072,0.48603973,0.00011593719,0.0060248086,0.43543908,0.8317014,0.68141663,0.43509254,0.57160777,0.48095763,0.43475053,0.12743813,0.11869702,0.03526971,0.060075,0.030879634,0.038718924,11.0,2019.0,4.0,1.96,11.0,2019.0,4.0,281
0.5433979,0.39444122,0.2693709,0.38970336,0.73317575,0.55882865,0.48756844,0.4866618,0.0035509628,0.006144903,0.44786233,0.7461539,0.63258886,0.44751573,0.52864826,0.6313032,0.41985348,0.11712464,0.034626022,0.11825726,0.016632564,0.49539587,0.096207105,12.0,2013.0,1.0,2.43,12.0,2013.0,1.0,282
0.53742474,0.40105364,0.2890057,0.39738017,0.69054943,0.55900294,0.5103625,0.483866,0.0018631596,0.024389874,0.46282396,0.7353997,0.57709616,0.4624728,0.52957535,0.6095699,0.41802025,0.10271401,0.030470897,0.11134163,0.009191856,0.27535614,0.05118176,12.0,2013.0,2.0,3.15,12.0,2013.0,2.0,283
0.56752956,0.40804517,0.27634585,0.3807587,0.68738157,0.551747,0.55156523,0.48776412,0.01091917,0.009515369,0.45300728,0.74604994,0.62131906,0.45266187,0.57361394,0.6097689,0.4225229,0.10921292,0.034626022,0.10788382,0.009557505,0.28476366,0.060590968,12.0,2013.0,3.0,3.72,12.0,2013.0,3.0,284
0.5952451,0.40999144,0.29472956,0.37999707,0.68608266,0.56688774,0.6110074,0.48576525,0.001013778,0.009066545,0.45694983,0.781267,0.6317519,0.4566046,0.60328203,0.62464035,0.42540455,0.096356384,0.034626022,0.10788382,0.01418666,0.4225465,0.082412206,12.0,2013.0,4.0,3.86,12.0,2013.0,4.0,285
0.5503268,0.4240546,0.2692295,0.38077265,0.68648976,0.56070197,0.5935723,0.4862124,0.0015560156,0.010492125,0.46234506,0.79770434,0.66550446,0.4620015,0.59818286,0.6004089,0.43430558,0.09889943,0.045706365,0.10788382,0.013121605,0.39109492,0.07719784,12.0,2014.0,1.0,3.83,12.0,2014.0,1.0,286
0.5737417,0.40669262,0.33196518,0.38064626,0.6865445,0.58643794,0.6140171,0.4866507,0.0008123118,0.0022784802,0.4329853,0.9583053,0.88704777,0.4326603,0.61440754,0.6989024,0.43183693,0.11938513,0.04986149,0.10788382,0.009184323,0.2742719,0.05229197,12.0,2014.0,2.0,3.64,12.0,2014.0,2.0,287
0.5799538,0.40683478,0.33202597,0.37939999,0.6858636,0.53270566,0.58114487,0.4855487,0.0007904066,0.008843393,0.4853214,0.817961,0.6594374,0.48497298,0.6436121,0.6786987,0.429517,0.10977805,0.04986149,0.10096819,0.01229576,0.36876008,0.06976277,12.0,2014.0,3.0,2.88,12.0,2014.0,3.0,288
0.539814,0.37369722,0.23925264,0.37973756,0.6866759,0.4624919,0.46661374,0.4863128,0.00074052444,0.00512733,0.5598863,0.75914764,0.51523006,0.55954814,0.52957535,0.5786977,0.4229328,0.09282436,0.054016612,0.08713693,0.014633998,0.45504677,0.08851557,12.0,2014.0,4.0,2.53,12.0,2014.0,4.0,289
0.48390505,0.3618181,0.27613285,0.38199046,0.6897411,0.37824705,0.31511948,0.4793719,0.0002048999,0.008265206,0.64543366,0.7528056,0.5596016,0.6451156,0.35110328,0.61281466,0.42128688,0.08067423,0.051246516,0.08367912,0.014554822,0.43351513,0.08378218,12.0,2015.0,1.0,2.63,12.0,2015.0,1.0,290
0.42321754,0.37214297,0.28125256,0.3798393,0.6866161,0.35150984,0.34021893,0.48256186,0.0017396448,0.026627393,0.7082722,0.6914625,0.42435318,0.70797473,0.3520304,0.5612411,0.42876035,0.075023,0.05678671,0.073305674,0.006950702,0.2092887,0.042215303,12.0,2015.0,2.0,2.1,12.0,2015.0,2.0,291
0.388812,0.435998,0.21068807,0.381196,0.6878003,0.3410235,0.2859289,0.48021716,0.0015253277,0.02669572,1.0,0.64953583,0.36452934,1.0,0.30799183,0.4857297,0.42765945,0.07855502,0.055401642,0.066390045,0.010107138,0.3016303,0.06090198,12.0,2015.0,3.0,3.35,12.0,2015.0,3.0,292
0.3582293,0.45732304,0.2652151,0.37951735,0.6862796,0.34276044,0.33930323,0.48833352,0.010324095,0.023921777,0.49705362,0.63076234,0.43463385,0.49670988,0.32097164,0.55541354,0.45156375,0.09014003,0.051246516,0.066390045,0.01332107,0.396781,0.07471559,12.0,2015.0,4.0,3.6,12.0,2015.0,4.0,293
0.3300359,0.43209034,0.22062315,0.3808492,0.68673044,0.38600597,0.36560133,0.4865013,0.002395855,0.0052263294,0.5110655,0.6589167,0.42038926,0.51073015,0.34646764,0.47645637,0.44305748,0.0874557,0.058171738,0.066390045,0.014445781,0.43059242,0.08607767,12.0,2016.0,1.0,3.1,12.0,2016.0,1.0,294
0.4308632,0.4821337,0.20630787,0.37904644,0.6861011,0.4094519,0.42351153,0.48656812,0.0022029122,0.0059879106,0.47049716,0.63277376,0.45441487,0.47015125,0.42851844,0.48607546,0.45401245,0.08674929,0.051246516,0.06293223,0.009272933,0.27813825,0.06642293,12.0,2016.0,2.0,3.95,12.0,2016.0,2.0,295
0.46049017,0.43729302,0.3039668,0.3789582,0.68498266,0.4912418,0.5949329,0.4871352,0.0014125915,0.0030605318,0.4435221,0.76329213,0.7002084,0.44317594,0.50268865,0.6103478,0.44004816,0.082369596,0.06371189,0.056016598,0.010938314,0.32847068,0.058614198,12.0,2016.0,3.0,2.83,12.0,2016.0,3.0,296
0.5527161,0.43764082,0.2525317,0.3791147,0.6852463,0.53626865,0.62904036,0.48301655,0.00039092146,0.014598429,0.44793674,0.6883369,0.584273,0.44759217,0.62738734,0.5667083,0.44076088,0.11274494,0.05678671,0.056016598,0.014651227,0.43846357,0.08514165,12.0,2016.0,4.0,2.83,12.0,2016.0,4.0,297
0.7386015,0.48751116,0.3217184,0.3780929,0.68419236,0.72456664,0.93746907,0.4901744,0.006540879,0.007612829,0.43606427,0.75532037,0.75917184,0.43571684,0.90228075,0.6327549,0.44548607,0.1443918,0.05678671,0.056016598,0.016383925,0.4879881,0.091366634,12.0,2017.0,1.0,3.58,12.0,2017.0,1.0,298
0.7672728,0.4375491,0.35359794,0.37750897,0.6838532,0.65035665,0.86054146,0.48067507,0.0064286366,0.052222338,0.42945305,0.7600129,0.8410386,0.42910588,0.827647,0.6198706,0.4341615,0.13266551,0.055401642,0.056016598,0.010677011,0.31801012,0.05767433,12.0,2017.0,2.0,3.05,12.0,2017.0,2.0,299
0.8695336,0.44933686,0.33050293,0.38052034,0.6869395,0.7356959,0.7648249,0.48505098,0.001253444,0.017314808,0.43930924,0.74961233,0.721006,0.43896362,0.81837565,0.5229152,0.45203266,0.14523949,0.060941834,0.056016598,0.012678352,0.37766477,0.066787295,12.0,2017.0,3.0,4.07,12.0,2017.0,3.0,300
0.6473313,0.4281401,0.43771127,0.379329,0.6852417,0.64619553,0.7472134,0.48676568,0.0023289495,0.004490599,0.42901486,0.91278344,1.0,0.42866778,0.72798073,0.5673236,0.44020656,0.112179816,0.058171738,0.06293223,0.016790345,0.50009316,0.09255609,12.0,2017.0,4.0,3.04,12.0,2017.0,4.0,301
0.67456895,0.39443004,0.41355002,0.37825364,0.6845761,0.6619661,0.76757693,0.48503187,0.00027350563,0.014844486,0.43972018,0.8402042,0.79704034,0.4393745,0.76460224,0.5479703,0.46045348,0.096780226,0.059556764,0.066390045,0.017359458,0.5170455,0.11609004,12.0,2018.0,1.0,3.38,12.0,2018.0,1.0,302
0.57660884,0.42904553,0.33294755,0.37992147,0.6872726,0.708688,0.73104185,0.48737755,0.0006758055,0.0008255553,0.45010212,0.7572137,0.62794054,0.44975665,0.75069535,0.5509519,0.46164137,0.11444031,0.058171738,0.066390045,0.010155531,0.078233466,0.031407785,12.0,2018.0,2.0,3.42,12.0,2018.0,2.0,303
0.5589282,0.4096333,0.27044594,0.37941483,0.68653435,0.63500065,0.66747963,0.49425653,0.0023434064,0.0038337098,0.44537258,0.71647173,0.6239853,0.44502476,0.68023366,0.5895945,0.4599255,0.1167008,0.07617726,0.066390045,0.012813883,0.3818032,0.072866954,12.0,2018.0,3.0,2.55,12.0,2018.0,3.0,304
0.64350843,0.383152,0.1524347,0.37904873,0.68620425,0.668417,0.7204772,1.0,0.0077731423,0.007638356,0.46036294,0.60832477,0.39255616,0.46001694,0.7567217,0.56437665,0.45031682,0.126873,0.066481985,0.073305674,0.016762024,0.4992496,0.09187713,12.0,2018.0,4.0,3.37,12.0,2018.0,4.0,305
0.40314764,0.335769,0.15856197,0.3785171,0.685849,0.4165029,0.4526565,0.48521885,0.0016361359,0.014879344,0.45641965,0.61718583,0.41831163,0.45607442,0.4753384,0.54573673,0.42059317,0.074034035,0.066481985,0.07676349,0.0167901,0.50008816,0.095554404,12.0,2019.0,1.0,1.94,12.0,2019.0,1.0,306
0.40410334,0.34381968,0.14685497,0.3787359,0.6840778,0.4100917,0.5032324,0.48488814,0.0007959772,0.034840018,0.4509786,0.7025747,0.52103555,0.45063266,0.523549,0.4947805,0.4298323,0.07883758,0.06509696,0.07676349,0.011023416,0.32832766,0.05942807,12.0,2019.0,2.0,2.49,12.0,2019.0,2.0,307
0.3501058,0.37435672,0.13693878,0.3774945,0.6846115,0.40306222,0.5011661,0.48462254,8.757507e-05,0.025304068,0.4507046,0.6591815,0.47216916,0.4503604,0.5105693,0.47528976,0.42164907,0.0531245,0.058171738,0.066390045,0.013657725,0.407349,0.073844165,12.0,2019.0,3.0,2.18,12.0,2019.0,3.0,308
0.3606186,0.42550436,0.24721377,0.37984037,0.68580556,0.39849898,0.4316732,0.4852495,1.861255e-05,0.008186471,0.43992636,0.75337106,0.6947705,0.43958005,0.4368626,0.48957422,0.435191,0.06372055,0.05678671,0.056016598,0.01715832,0.5110531,0.093052745,12.0,2019.0,4.0,2.63,12.0,2019.0,4.0,309
0.5899887,0.15740412,0.20298104,0.3772729,0.69024414,0.61014646,0.50116146,0.48606572,0.0015588352,0.018957077,0.43649963,0.45802855,0.45441315,0.43615326,0.46467644,0.5517891,0.33018154,0.1622572,1.0,0.03526971,0.032309417,0.17745966,0.058493603,13.0,2013.0,1.0,-2.5,13.0,2013.0,1.0,310
0.65258765,0.23882006,0.30865812,1.0,0.83439267,0.6788155,0.5834052,0.48664686,0.0016632157,0.0055613434,0.43264896,0.5105475,0.5467706,0.43230215,0.5532171,0.5578448,0.3597468,0.12420303,0.99168974,0.02835408,0.01954542,0.10821852,0.045131627,13.0,2013.0,2.0,-1.6,13.0,2013.0,2.0,311
0.5746974,0.2978171,0.296631,0.3832802,0.6881505,0.66644955,0.6750283,0.48604044,0.0010580764,0.0070809936,0.43172103,0.54094243,0.5758952,0.4313742,0.54811794,0.5853591,0.38817698,0.10250413,0.98891956,0.024896266,0.02254739,0.12504965,0.050212786,13.0,2013.0,3.0,-1.2,13.0,2013.0,3.0,312
0.533124,0.4040118,0.3342789,0.38168257,0.68637294,0.6420833,0.68407345,0.48614505,0.0014755838,0.018394183,0.4294264,0.47794995,0.5879937,0.42909873,0.59076583,0.5829727,0.417927,0.056582697,0.97783905,0.017980637,0.035675373,0.19617796,0.072383896,13.0,2013.0,4.0,-0.3,13.0,2013.0,4.0,313
0.543159,0.3839528,0.30848077,0.38396987,0.67514706,0.5948184,0.6746981,0.48631957,0.0008212246,0.0009259688,0.42510265,0.5223665,0.6791563,0.42475525,0.65010196,0.5794838,0.41114283,0.051642988,0.9556785,0.014522822,0.033166155,0.18232995,0.066789046,13.0,2014.0,1.0,0.4,13.0,2014.0,1.0,314
0.51353204,0.43469027,0.38194844,0.37469387,0.6836097,0.5850684,0.7045294,0.48595542,0.0008623017,0.0024480377,0.4255853,0.6427742,0.72684884,0.42523813,0.62182456,0.5760592,0.41708228,0.060452938,0.9252078,0.013139696,0.016787786,0.09324684,0.0469268,13.0,2014.0,2.0,1.0,13.0,2014.0,2.0,315
0.5751752,0.37687317,0.3636532,0.38068193,0.68659264,0.58181906,0.61242336,0.4857521,0.00080502353,0.0131221665,0.43249083,0.48877454,0.5397939,0.43214414,0.657519,0.545966,0.41787422,0.037186313,0.90720195,0.0089903185,0.026452104,0.14536653,0.06778092,13.0,2014.0,3.0,1.7,13.0,2014.0,3.0,316
0.5938116,0.38867256,0.21022548,0.37775967,0.6879873,0.46764305,0.46952206,0.48576108,0.00057890714,0.003208978,0.4353502,0.35892403,0.4320238,0.43500382,0.6422214,0.52233315,0.43244568,0.029818542,0.8933517,0.0062240665,0.03409484,0.19091888,0.06236097,13.0,2014.0,4.0,2.5,13.0,2014.0,4.0,317
0.57756454,0.4276106,0.18365912,0.3401912,0.68970895,0.32815343,0.332276,0.48576543,0.0007868059,0.01699943,0.44062993,0.23289223,0.2823339,0.44028366,0.61626184,0.47732535,0.44538048,0.007958566,0.86842096,0.0062240665,0.03527854,0.19387661,0.062450882,13.0,2015.0,1.0,3.2,13.0,2015.0,1.0,318
0.60671365,0.43941003,0.15457727,0.4068965,0.68802315,0.31815916,0.32143122,0.48605457,0.0010928267,0.0077883406,0.44082513,0.22880745,0.27816552,0.4404789,0.6450028,0.47067595,0.43994257,0.04038303,0.83656484,0.0062240665,0.012494318,0.0766094,0.03292702,13.0,2015.0,2.0,3.9,13.0,2015.0,2.0,319
0.5746974,0.5125664,0.110742755,0.37932235,0.68560815,0.33835495,0.37237564,0.48671097,0.0016638852,0.0057156007,0.43742418,0.3420481,0.38978985,0.43707767,0.62228817,0.50204784,0.44997364,0.03373337,0.80332386,0.0062240665,0.0227742,0.12642191,0.04858513,13.0,2015.0,3.0,4.1,13.0,2015.0,3.0,320
0.58329874,0.479528,0.13583013,0.38053676,0.6844676,0.37666366,0.44535616,0.48647398,0.0014230708,0.0031148165,0.43760228,0.408444,0.415681,0.43725577,0.6195068,0.51479906,0.45314133,0.037551187,0.7756233,0.0062240665,0.03274346,0.18008323,0.05835383,13.0,2015.0,4.0,4.2,13.0,2015.0,4.0,321
0.5379026,0.48896754,0.082592055,0.38379768,0.69603884,0.5252659,0.5370042,0.48593745,0.0008854664,0.005770832,0.4307263,0.61021173,0.62536037,0.4303794,0.5518264,0.56738746,0.444087,0.023288634,0.7534624,0.0055325036,0.031629674,0.17557818,0.05863376,13.0,2016.0,1.0,3.7,13.0,2016.0,1.0,322
0.5952451,0.4217109,0.08786816,0.3812372,0.68955195,0.6439997,0.6143382,0.4856362,0.0004451893,0.0032048775,0.43286306,0.56881434,0.57185775,0.43251646,0.5745411,0.5817657,0.4525342,0.011070584,0.7396121,0.004149378,0.017405665,0.098334976,0.040705547,13.0,2016.0,2.0,3.0,13.0,2016.0,2.0,323
0.56657386,0.34383482,0.13600361,0.38109824,0.68798345,0.5935993,0.58169174,0.48547244,0.0003442853,0.008103478,0.43177593,0.60143,0.6045185,0.43142912,0.5318932,0.5644648,0.44466773,0.043382686,0.70637107,0.004149378,0.024421392,0.1358711,0.049228586,13.0,2016.0,3.0,3.0,13.0,2016.0,3.0,324
0.592378,0.3721534,0.164284,0.37893397,0.68800044,0.5882981,0.5948116,0.4855734,0.0003904694,0.006636097,0.4335827,0.5378288,0.5465013,0.433236,0.6208975,0.5615251,0.42716616,0.09244049,0.68282527,0.004149378,0.032496735,0.17845759,0.05871103,13.0,2016.0,4.0,2.5,13.0,2016.0,4.0,325
0.7457693,0.40637168,0.3039823,0.44608673,0.6878332,0.64992267,0.6869889,0.48583332,0.0008827654,0.0095774755,0.43457344,0.54595953,0.53370553,0.43422678,0.8053959,0.54196566,0.4170031,0.16745435,0.66066474,0.004149378,0.034668628,0.19037193,0.05875497,13.0,2017.0,1.0,2.6,13.0,2017.0,1.0,326
0.5981123,0.42053097,0.37909237,0.37807637,0.68568224,0.5947665,0.6575135,0.4860166,0.0010696697,0.012348092,0.42831585,0.6849706,0.69933707,0.42796862,0.6737437,0.54587674,0.42737734,0.13588342,0.6232686,0.004149378,0.018419323,0.10116103,0.039068006,13.0,2017.0,2.0,3.2,13.0,2017.0,2.0,327
0.6019351,0.4417699,0.39755872,0.38029802,0.6854692,0.70077264,0.79006493,0.48696157,0.0018719488,0.009633248,0.42854118,0.77546185,0.738084,0.4281941,0.7131467,0.5714729,0.42125311,0.12123698,0.59972274,0.004149378,0.027049804,0.14855027,0.047830384,13.0,2017.0,3.0,3.0,13.0,2017.0,3.0,328
0.63060635,0.5326254,0.39900476,0.3795026,0.6860235,0.78985333,0.85539,0.48631135,0.0014035202,0.0071838084,0.4239551,1.0,0.9158429,0.4236077,0.693677,0.5784295,0.4234705,0.11257769,0.596953,0.004149378,0.03780217,0.20757845,0.06615433,13.0,2017.0,4.0,3.0,13.0,2017.0,4.0,329
0.539814,0.43941003,0.37208214,0.3734659,0.6838793,0.8180067,0.8746523,0.48640433,0.0019815925,0.019218976,0.4238208,0.97666985,0.90687025,0.42347348,0.60189134,0.5906242,0.4246848,0.091585726,0.58033246,0.004149378,0.035731733,0.19621034,0.06716626,13.0,2018.0,1.0,2.6,13.0,2018.0,1.0,330
0.6263057,0.400472,0.2516863,0.38147616,0.685284,0.7567723,0.84861344,0.48621926,0.0015719798,0.028472899,0.43090725,0.68573815,0.659235,0.43056038,0.71361023,0.5801632,0.41507608,0.1275156,0.54432124,0.004149378,0.015166632,0.013519793,0.014248954,13.0,2018.0,2.0,2.2,13.0,2018.0,2.0,331
0.60050154,0.37687317,0.20673946,0.3798201,0.6845698,0.58381057,0.67873687,0.4863906,0.0014639613,0.008781394,0.4328193,0.5887196,0.5843567,0.4324726,0.6737437,0.56896865,0.40926862,0.14572407,0.5193905,0.004149378,0.023389304,0.1284381,0.04080909,13.0,2018.0,3.0,2.1,13.0,2018.0,3.0,332
0.5680074,0.2659587,0.15849543,0.378584,0.6843088,0.53339446,0.613853,0.48732945,0.002896484,0.011993371,0.4355813,0.47662544,0.48947456,0.4352347,0.64314854,0.5593254,0.42418322,0.12365346,0.51108027,0.004149378,0.03459323,0.18995897,0.05589992,13.0,2018.0,4.0,2.2,13.0,2018.0,4.0,333
0.55845034,0.33085546,0.16708265,0.38691625,0.6766928,0.46163106,0.51909703,0.48647615,0.0012248742,0.0042810077,0.43799806,0.42867815,0.42997187,0.4376516,0.6097719,0.540603,0.42647982,0.09928878,0.49584466,0.004149378,0.03608218,0.19814554,0.06243978,13.0,2019.0,1.0,2.4,13.0,2019.0,1.0,334
0.54459256,0.37451327,0.18662067,0.38304952,0.68669707,0.47033957,0.49029502,0.48616585,0.0011946422,0.00670788,0.43575722,0.6272914,0.5599403,0.43541065,0.55692565,0.54442275,0.42914596,0.09013383,0.49445978,0.004149378,0.018394722,0.10101699,0.037833806,13.0,2019.0,2.0,2.2,13.0,2019.0,2.0,335
0.5441147,0.3615339,0.18788502,0.37570536,0.6863535,0.5122508,0.544936,0.48577428,0.0009756207,0.0118949795,0.43660492,0.5429371,0.50854677,0.43625844,0.5916929,0.5295005,0.43878108,0.06440001,0.49030465,0.004149378,0.026248043,0.14421296,0.049129624,13.0,2019.0,3.0,1.9,13.0,2019.0,3.0,336
0.5508047,0.3756932,0.27131373,0.377212,0.68784696,0.519571,0.53429234,0.4857207,0.00057741633,0.0043285103,0.43479064,0.69116104,0.6101916,0.43444377,0.55692565,0.5318475,0.43352798,0.06986476,0.4833793,0.004149378,0.03590072,0.19713858,0.059109733,13.0,2019.0,4.0,1.5,13.0,2019.0,4.0,337
0.5350355,0.40637168,0.30517474,0.3880898,0.6869687,0.573248,0.58820146,0.48673242,0.0005769937,0.0004749339,0.44893578,0.49369872,0.54719514,0.44613108,0.5332839,0.55404687,0.3717577,0.17674816,0.2243767,0.03526971,0.014573937,0.8770081,0.5716799,14.0,2013.0,1.0,-1.1,14.0,2013.0,1.0,338
0.50158566,0.34265485,0.36783785,0.3791352,0.68578655,0.5559006,0.60611665,0.51806384,0.0010436594,0.00568938,0.44297707,0.654218,0.6674382,0.4446985,0.5175227,0.56280094,0.38632914,0.167649,0.24238223,0.02835408,0.0004829035,0.029001435,0.017031815,14.0,2013.0,2.0,-0.6,14.0,2013.0,2.0,339
0.5259562,0.3237758,0.3831515,0.37966713,0.6858591,0.6374216,0.6948972,0.49701235,0.0013299712,0.004977974,0.4326705,0.6207799,0.65399814,0.43425003,0.53838307,0.5965088,0.3827127,0.1686688,0.25761768,0.024896266,0.0047861757,0.2884896,0.3220991,14.0,2013.0,3.0,0.3,14.0,2013.0,3.0,340
0.5001521,0.37097344,0.397121,0.38100454,0.6848609,0.56371975,0.6535495,0.5074606,0.0036241657,0.019107126,0.4326728,0.6389571,0.66753894,0.43427208,0.53421104,0.5923744,0.40047824,0.1171397,0.25623262,0.017980637,0.015368968,0.9238424,0.9554417,14.0,2013.0,4.0,1.5,14.0,2013.0,4.0,341
0.5039749,0.101946905,0.37166104,0.37807596,0.68521947,0.64343035,0.73078877,0.4866384,0.0009730973,0.0037641348,0.42805752,0.74235445,0.7498385,0.43068123,0.5564621,0.5835086,0.4213323,0.09759698,0.2645429,0.014522822,0.0166293,1.0,1.0,14.0,2014.0,1.0,1.8,14.0,2014.0,1.0,342
0.52643406,0.28129792,0.39510882,0.37835982,0.6863714,0.69265103,0.7393624,0.4843334,0.00071703905,0.010521992,0.43634644,0.72758555,0.7285499,0.43805698,0.57964027,0.5800331,0.42141148,0.09300326,0.25623262,0.013139696,2.4374842e-05,0.0014637124,0.0018715474,14.0,2014.0,2.0,1.7,14.0,2014.0,2.0,343
0.5412476,0.3697935,0.3104504,0.38079274,0.68583965,0.6120108,0.66586447,0.4851996,0.0005776349,0.00993115,0.4445973,0.49319288,0.5509949,0.44047174,0.58520305,0.5450398,0.42030278,0.09007171,0.2409972,0.0089903185,0.0049156845,0.29520088,0.30120623,14.0,2014.0,3.0,1.1,14.0,2014.0,3.0,344
0.543159,0.25533924,0.22641075,0.37991965,0.6848151,0.46884194,0.53684384,0.4852176,7.683343e-05,0.0011799787,0.4572061,0.39581323,0.4659661,0.4487611,0.5476544,0.5195413,0.43062425,0.089446835,0.24238223,0.0062240665,0.015706977,0.95147294,0.84616315,14.0,2014.0,4.0,1.9,14.0,2014.0,4.0,345
0.5350355,0.37333333,0.21843792,0.38217124,0.6874175,0.3259893,0.30622956,0.4764173,0.005168285,0.0537229,0.48222715,0.27028126,0.35936782,0.46148023,0.6055999,0.46919018,0.43574536,0.05801713,0.24376729,0.0062240665,0.015583125,0.9358783,0.858376,14.0,2015.0,1.0,2.0,14.0,2015.0,1.0,346
0.58664376,0.17510325,0.2037385,0.36401078,0.6770909,0.2924809,0.53574604,0.47660834,0.004962998,0.06370993,0.45200738,0.28012636,0.39132503,0.44035754,0.6565919,0.45647985,0.43365994,0.0884776,0.23684207,0.0062240665,8.656235e-06,0.0005199829,0.0013687913,14.0,2015.0,2.0,2.2,14.0,2015.0,2.0,347
0.54268116,0.15268436,0.21197827,0.37841764,0.68467534,0.30204546,0.3566218,0.48740178,0.0014588645,0.0075336783,0.4497543,0.46343198,0.52304,0.44279113,0.59632856,0.49412265,0.43387112,0.08222936,0.22576173,0.0062240665,0.0041938247,0.2554499,0.25444698,14.0,2015.0,3.0,2.7,14.0,2015.0,3.0,348
0.5359912,0.18808259,0.24360435,0.37745145,0.6862508,0.4099291,0.4374538,0.4862383,0.0021069609,0.0114453165,0.43488538,0.43410558,0.52171206,0.4298365,0.6450028,0.50603795,0.4255031,0.07744656,0.22576173,0.0062240665,0.015129107,0.90933585,0.81264645,14.0,2015.0,4.0,1.5,14.0,2015.0,4.0,349
0.48151577,0.32849556,0.2186097,0.37680203,0.6839163,0.4182349,0.5384747,0.4864419,0.00050913193,0.0035874224,0.43238634,0.6934392,0.7086854,0.4345431,0.5077879,0.5640351,0.41652793,0.07586914,0.21329635,0.0055325036,0.014903321,0.9001088,0.7386252,14.0,2016.0,1.0,1.8,14.0,2016.0,1.0,350
0.49202856,0.4523894,0.22907308,0.38658756,0.6932116,0.53382796,0.40761063,0.48672062,0.00029553485,0.0010122507,0.4513245,0.63506,0.6354247,0.45049232,0.49341738,0.5829451,0.42064595,0.051287282,0.20498611,0.004149378,0.0002500821,0.01501723,0.0070899744,14.0,2016.0,2.0,2.1,14.0,2016.0,2.0,351
0.54029185,0.36507374,0.2620132,0.3789234,0.6851641,0.53966975,0.5987264,0.48529586,0.00081228075,0.0068644034,0.4505236,0.65314126,0.64776164,0.44994912,0.5532171,0.5614181,0.42296895,0.051427066,0.18836561,0.004149378,0.004825126,0.29365468,0.43387634,14.0,2016.0,3.0,2.6,14.0,2016.0,3.0,352
0.61388147,0.42053097,0.25364742,0.38037595,0.6871348,0.5395141,0.5553977,0.4837612,0.0010885079,0.013155913,0.4441574,0.5504965,0.58568615,0.442069,0.6153347,0.55770147,0.43938822,0.0799688,0.17590024,0.004149378,0.014323016,0.8613721,0.7638731,14.0,2016.0,4.0,3.2,14.0,2016.0,4.0,353
0.78495336,0.39575222,0.30457598,0.38234854,0.6878814,0.6023796,0.6027691,0.4863193,0.00069781527,0.004961947,0.43565968,0.47779483,0.5492646,0.43249056,0.7993696,0.5346365,0.43611494,0.11593336,0.16620496,0.004149378,0.014967475,0.8989587,0.66800255,14.0,2017.0,1.0,3.1,14.0,2017.0,1.0,354
0.6831704,0.33911505,0.3458122,0.37862214,0.6870778,0.5857933,0.6150505,0.48583028,0.00085322635,0.007278455,0.43066347,0.63547486,0.6721453,0.4314707,0.7131467,0.54244936,0.44266152,0.10404942,0.15650968,0.004149378,0.0005672949,0.034065507,0.027892303,14.0,2017.0,2.0,2.8,14.0,2017.0,2.0,355
0.6793475,0.41109145,0.37298638,0.38084972,0.68899673,0.70796394,0.7114835,0.5063483,0.0015823233,0.008132605,0.42569995,0.64295727,0.6889932,0.4274533,0.7140738,0.57425565,0.44126245,0.11005052,0.14404431,0.004149378,0.0046396726,0.27861077,0.2739359,14.0,2017.0,3.0,2.7,14.0,2017.0,3.0,356
0.648287,0.4276106,0.40271512,0.38128653,0.68691003,0.75684696,0.7948588,0.48681617,0.0010352087,0.0031727108,0.432932,0.83573085,0.8075946,0.4385884,0.73400706,0.58022827,0.43276244,0.10882265,0.13019387,0.004149378,0.014400178,0.8647167,0.72720146,14.0,2017.0,4.0,2.5,14.0,2017.0,4.0,357
0.58138734,0.46890855,0.38807607,0.38162795,0.686613,0.8888666,0.95161164,0.48630393,0.00078816235,0.005408747,0.43359372,0.80562395,0.78147274,0.43999177,0.6538105,0.59636974,0.4330792,0.10320322,0.116343476,0.004149378,0.013925318,0.83620185,0.58076066,14.0,2018.0,1.0,2.6,14.0,2018.0,1.0,358
0.62582785,0.4382301,0.30822802,0.38054085,0.6874629,0.8164467,0.8511923,0.48621956,0.0013372977,0.008256865,0.43441266,0.5573201,0.6039188,0.43503785,0.67977005,0.5790297,0.44252953,0.11548718,0.108033225,0.004149378,1.2878027e-05,0.00026258457,0.0006674339,14.0,2018.0,2.0,2.6,14.0,2018.0,2.0,359
0.6683569,0.40873155,0.26751474,0.3805905,0.6868491,0.69073683,0.7254468,0.48586878,0.00082455017,0.0059695938,0.44074056,0.45145026,0.5140825,0.43939272,0.7214908,0.5577682,0.4363789,0.1371848,0.1066482,0.004149378,0.0052162907,0.31350884,0.39886138,14.0,2018.0,3.0,2.1,14.0,2018.0,3.0,360
0.6200936,0.31315634,0.18667151,0.38015252,0.68634695,0.59644353,0.634699,0.47993279,0.0006374942,0.011195044,0.4424766,0.31689903,0.40905842,0.4397254,0.6510291,0.55015534,0.4342143,0.13726066,0.09695288,0.004149378,0.015174302,0.9112021,0.7498934,14.0,2018.0,4.0,1.7,14.0,2018.0,4.0,361
0.592378,0.2978171,0.20948984,0.37850425,0.68511575,0.39715716,0.45241302,0.48582438,0.0010316969,0.008671212,0.44503337,0.3031176,0.3979607,0.43977892,0.6385129,0.5297528,0.43123138,0.15883507,0.090027705,0.004149378,0.015062668,0.904561,0.66255593,14.0,2019.0,1.0,2.2,14.0,2019.0,1.0,362
0.5770867,0.280118,0.23316057,0.37807855,0.68412095,0.4203317,0.4882595,0.4865337,0.0011043237,0.0064151655,0.44919172,0.4436211,0.48732227,0.44741797,0.646857,0.53542525,0.42962113,0.16380423,0.08448751,0.004149378,0.00060428993,0.036287025,0.029977957,14.0,2019.0,2.0,2.2,14.0,2019.0,2.0,363
0.5388583,0.29309735,0.23779465,0.37951452,0.6852217,0.42234623,0.47436768,0.48659596,0.0019346765,0.013964299,0.45260328,0.48439845,0.5119391,0.4485033,0.59910995,0.5257065,0.4255031,0.16421448,0.090027705,0.004149378,0.004109617,0.2467907,0.2755119,14.0,2019.0,3.0,2.5,14.0,2019.0,3.0,364
0.5689631,0.29427728,0.34494564,0.3772624,0.68460524,0.47822416,0.5574649,0.4861411,0.0012256175,0.007783105,0.44423282,0.61415535,0.6225546,0.4428494,0.6088448,0.5259738,0.43025467,0.16417654,0.088642634,0.004149378,0.01495903,0.89827627,0.66991705,14.0,2019.0,4.0,2.3,14.0,2019.0,4.0,365
0.7036225,0.48471975,0.4034332,0.37757054,0.6864464,0.77701646,0.72000915,0.48609486,0.0010959762,0.007487953,0.4243267,0.93075556,0.8762393,0.42398337,0.70526606,0.55008155,0.4691897,0.3566477,0.27285317,0.23236515,0.029278865,0.10638244,0.03433781,15.0,2013.0,1.0,8.3,15.0,2013.0,1.0,366
0.58826846,0.5830088,0.41387355,0.37797537,0.68503964,0.710865,0.78093386,0.4815416,0.0,0.036691908,0.42588535,0.86359054,0.8142244,0.4255408,0.7477285,0.5056719,0.45350465,0.34707296,0.2783933,0.197787,0.015062069,0.055170428,0.020125858,15.0,2013.0,2.0,9.5,15.0,2013.0,2.0,367
0.55916715,0.60153395,0.236854,0.3775352,0.6832136,0.6092494,0.6934395,0.4858633,0.002630343,0.0112312455,0.42956248,0.71305573,0.6705512,0.4292165,0.67800856,0.3889715,0.42302927,0.4034313,0.28670356,0.19087137,0.021261059,0.077234186,0.036975365,15.0,2013.0,3.0,9.2,15.0,2013.0,3.0,368
0.6242509,0.6922714,0.07107802,0.38228366,0.6874538,0.6474216,0.5627776,0.4858897,0.0010959762,0.009558266,0.43775746,0.47782376,0.37182632,0.4374083,0.5467736,0.24996428,0.32513678,0.39058432,0.29501382,0.41908714,0.027509712,0.10099639,0.03305954,15.0,2014.0,1.0,7.7,15.0,2014.0,1.0,369
0.5635634,0.55882007,0.24059951,0.38118485,0.6903005,0.61711985,0.5468656,0.48603886,0.00045665674,0.0070023243,0.4336659,0.5528924,0.5133559,0.43331894,0.53801227,0.41355884,0.4077604,0.4426583,0.32271478,0.34647304,0.024323981,0.08831865,0.030093227,15.0,2014.0,3.0,3.9,15.0,2014.0,3.0,370
0.4229308,0.41840708,0.3205201,0.3756594,0.6868182,0.40256703,0.422321,0.48672742,0.0010959762,0.0009751522,0.43126494,0.49426267,0.5643776,0.43092057,0.43352494,0.5930622,0.37205756,0.36758235,0.3434904,0.31881052,0.036518514,0.13262358,0.044946574,15.0,2015.0,1.0,4.1,15.0,2015.0,1.0,371
0.34938902,0.5037168,0.11627021,0.3867189,0.7135721,0.34068322,0.31837356,0.486679,0.0144668855,0.011693058,0.43583027,0.45172888,0.42862454,0.43548316,0.320369,0.35301304,0.31339782,0.36057475,0.32548457,0.3153527,0.021029089,0.07875702,0.029975362,15.0,2015.0,3.0,6.3,15.0,2015.0,3.0,372
0.42708814,0.6502655,0.16319056,0.38105956,0.6871021,0.41062304,0.41783762,0.49734083,0.015891654,0.037023015,0.43104696,0.38957518,0.5413301,0.43070003,0.40172446,0.35359406,0.46884012,0.41587746,0.3268699,0.3153527,0.032804456,0.12333707,0.040970497,15.0,2016.0,1.0,4.5,15.0,2016.0,1.0,373
0.47425237,0.24542773,0.25931597,0.37091222,0.6798117,0.36678272,0.48106313,0.48774844,0.0005811995,0.0030725237,0.42851552,0.31131455,0.5810801,0.42817,0.47909328,0.5057791,0.41723981,0.3919244,0.37257627,0.3153527,0.026560739,0.098355874,0.043352842,15.0,2016.0,3.0,0.0,15.0,2016.0,3.0,374
0.6619058,0.50017697,0.20187135,0.3761438,0.68576896,0.6331611,0.672731,0.4847861,0.00022675369,0.010155759,0.43410248,0.4332486,0.4686493,0.43375552,0.6865845,0.26931304,0.23672067,0.48401436,0.4002768,0.3360996,0.047177106,0.17125194,0.045128107,15.0,2017.0,1.0,5.4,15.0,2017.0,1.0,375
0.76488346,1.0,0.3508346,0.36342162,0.6620417,0.8269659,0.976588,0.48706326,0.001189917,0.0058986223,0.42633814,0.49493375,0.70022553,0.42599317,1.0,0.27631414,0.4974228,0.49852845,0.33933526,0.3360996,0.03524542,0.12806149,0.0370564,15.0,2017.0,3.0,11.1,15.0,2017.0,3.0,376
0.6663021,0.68082595,0.40902713,0.38022232,0.68038946,0.6536358,0.90044665,0.48887697,0.010959762,0.010534171,0.42634466,0.6219558,0.7352464,0.42599845,0.9140089,0.35986418,0.55294514,0.48684666,0.31717446,0.3360996,0.042281892,0.15348645,0.045612004,15.0,2018.0,1.0,7.1,15.0,2018.0,1.0,377
0.59792113,0.49533924,0.18740505,0.3810406,0.6849224,0.6217577,0.7052771,0.4861839,0.0007397839,0.0037749477,0.435537,0.44713777,0.43148527,0.43518895,0.69469684,0.21858911,0.2224921,0.59340584,0.34072018,0.47095436,0.019322826,0.04734965,0.019125156,15.0,2018.0,2.0,5.4,15.0,2018.0,2.0,378
0.6608068,0.34454277,0.028214829,0.38796425,0.69803387,0.6323463,0.4003264,0.48659503,0.001442074,0.007506874,0.44386736,0.4662416,0.19611771,0.44351697,0.3697849,0.016567357,0.0,0.8743095,0.36842114,0.8271093,0.030298455,0.10998447,0.03416891,15.0,2018.0,3.0,2.8,15.0,2018.0,3.0,379
0.6362451,0.08837758,0.07185357,0.3874078,0.69303685,0.6087875,0.24571735,0.4874663,0.0016439643,0.007885286,0.4422393,0.43548843,0.2360681,0.44188976,0.22139812,0.13265415,0.082404435,1.0,0.40997237,1.0,0.043550987,0.1581047,0.04406812,15.0,2018.0,4.0,-2.6,15.0,2018.0,4.0,380
0.5730727,0.14359882,0.0719246,0.38319,0.6906311,0.58043057,0.2857425,0.48585975,0.0008037159,0.0058986223,0.44365168,0.5564577,0.23221059,0.4433019,0.2702114,0.19168352,0.033132374,0.89513314,0.47645438,1.0,0.05186198,0.18826735,0.05310655,15.0,2019.0,1.0,-2.3,15.0,2019.0,1.0,381
0.5359434,0.2179351,0.11700922,0.38406038,0.69124204,0.57510686,0.30804083,0.4849163,0.0,0.0044795773,0.44048703,0.6165654,0.34682727,0.4401374,0.30094567,0.2264761,0.24027449,0.81313014,0.47506905,1.0,0.023764297,0.08642765,0.02544484,15.0,2019.0,2.0,-0.7,15.0,2019.0,2.0,382
0.57622653,0.36920354,0.3362373,0.37806958,0.6893961,0.6226569,0.5447018,0.48582056,0.0017316424,0.023381261,0.4315129,0.699384,0.62284106,0.431167,0.5304098,0.5910355,0.67207646,0.62922835,0.4847646,0.7786999,0.037434157,0.13597462,0.04078207,15.0,2019.0,3.0,0.8,15.0,2019.0,3.0,383
0.54172546,0.5439528,0.38219887,0.3751459,0.68220824,0.56352705,0.74182695,0.48252907,0.0,0.0062959553,0.43543202,0.69525874,0.51898676,0.43508384,0.7652513,0.4914254,1.0,0.48842135,0.46121877,0.55739975,0.049028154,0.17797121,0.04456887,15.0,2019.0,4.0,5.8,15.0,2019.0,4.0,384
0.6177999,0.32495576,0.27042204,0.38179362,0.68883103,0.58752674,0.5185131,0.48589733,0.00093657535,0.022217644,0.43259645,0.6479393,0.57502633,0.43224993,0.55229,0.576245,0.42761493,0.10806254,0.35595578,0.15629323,0.033471193,0.23983063,0.054543074,16.0,2013.0,1.0,-0.4,16.0,2013.0,1.0,385
0.67600256,0.38867256,0.31729206,0.37135825,0.6871678,0.6762328,0.67527896,0.48574272,0.0006682966,0.019417625,0.42852864,0.62121093,0.67349076,0.42818272,0.55414426,0.5767978,0.443955,0.076384604,0.35734066,0.12863071,0.0003292442,0.0023688213,0.0013915831,16.0,2013.0,2.0,0.6,16.0,2013.0,2.0,386
0.7235969,0.4936873,0.35532725,0.38283744,0.68843126,0.69549155,0.6642147,0.48602292,0.0010329678,0.0037984354,0.42781094,0.56017166,0.67361534,0.42746472,0.61069906,0.5465064,0.45815688,0.10301746,0.34072018,0.10788382,0.0035806196,0.026098153,0.015980823,16.0,2013.0,3.0,1.3,16.0,2013.0,3.0,387
0.7052472,0.53498524,0.38267976,0.37752134,0.6895983,0.6568572,0.6489496,0.4858489,0.00082341867,0.010030179,0.42731482,0.46130177,0.6560705,0.42696792,0.6060634,0.55885786,0.459028,0.08558009,0.3296397,0.10788382,0.020034969,0.14417401,0.068161376,16.0,2013.0,4.0,1.9,16.0,2013.0,4.0,388
0.7154733,0.55150443,0.35642168,0.3782566,0.6828614,0.6838929,0.7678218,0.48627037,0.0014217346,0.009859296,0.4243152,0.46848378,0.73243105,0.42396817,0.6691081,0.5724976,0.4214643,0.08321307,0.3268699,0.10788382,0.025182685,0.18121043,0.0601801,16.0,2014.0,1.0,3.4,16.0,2014.0,1.0,389
0.7277064,0.4559292,0.36847442,0.37609914,0.68305564,0.66294575,0.75444293,0.4861284,0.0014670743,0.025201876,0.42431352,0.6345466,0.7867418,0.42396626,0.7173188,0.5913277,0.4157096,0.06482625,0.29778385,0.10788382,0.0023828666,0.017077703,0.0072553335,16.0,2014.0,2.0,3.7,16.0,2014.0,2.0,390
0.5834899,0.400472,0.28110564,0.37591824,0.6824036,0.5993418,0.680473,0.48615688,0.0012788356,0.024246044,0.4313113,0.45997953,0.5530676,0.4309642,0.65149266,0.575946,0.41317546,0.04089506,0.267313,0.10788382,0.006326163,0.045355715,0.020928709,16.0,2014.0,3.0,3.8,16.0,2014.0,3.0,391
0.5168292,0.4358702,0.18046749,0.38406244,0.69104797,0.5099852,0.5361012,0.48601478,0.0010470282,0.00821755,0.43641362,0.36065438,0.38757345,0.43606701,0.6691081,0.51731426,0.4297795,0.024962386,0.25623262,0.08713693,0.021684207,0.15781179,0.05124678,16.0,2014.0,4.0,4.1,16.0,2014.0,4.0,392
0.37786913,0.53144544,0.14571965,0.38314602,0.68904525,0.3643322,0.34565666,0.48615262,0.0012301352,0.008006918,0.44024622,0.27330646,0.25826246,0.43989995,0.62460595,0.47988462,0.47491932,0.0,0.24792238,0.0802213,0.02382504,0.1707347,0.078159794,16.0,2015.0,1.0,4.4,16.0,2015.0,1.0,393
0.3523995,0.49132743,0.17037404,0.38374054,0.68896645,0.33477986,0.3076394,0.48615497,0.0010511576,0.0036445833,0.43991566,0.30866316,0.27820852,0.43956938,0.65334696,0.49660608,0.4763448,0.0193306,0.22576173,0.066390045,0.0,0.0,0.0,16.0,2015.0,2.0,3.9,16.0,2015.0,2.0,394
0.39612317,0.4736283,0.15101829,0.38808018,0.68705684,0.35297823,0.38247836,0.48660952,0.001930765,0.0082673365,0.43871766,0.39781356,0.33803898,0.43837106,0.67281663,0.4990345,0.44538048,0.019178087,0.21606645,0.066390045,0.005833612,0.042894237,0.018769857,16.0,2015.0,3.0,4.4,16.0,2015.0,3.0,395
0.44228393,0.520826,0.12775725,0.37782216,0.8435025,0.43191165,0.43940702,0.48599276,0.0010748946,0.010994846,0.43885615,0.46565044,0.35773072,0.4385097,0.61718893,0.49703756,0.46148297,0.017935043,0.20221606,0.066390045,0.01749773,0.12665467,0.0690724,16.0,2015.0,4.0,4.4,16.0,2015.0,4.0,396
0.5066509,0.43351033,0.14712074,0.37407464,0.6881962,0.543933,0.56338286,0.4856384,0.0005394066,0.00916314,0.43281072,0.71518147,0.59329873,0.4324637,0.59076583,0.5063407,0.4503696,0.008579198,0.18144043,0.066390045,0.025016155,0.18427004,0.06881485,16.0,2016.0,1.0,2.5,16.0,2016.0,1.0,397
0.60571015,0.50076693,0.12628481,0.40613613,0.69146764,0.6424938,0.6106321,0.4859704,0.000972167,0.0074052867,0.43609434,0.70397574,0.5077393,0.43574792,0.57964027,0.4847787,0.45979354,0.0076403595,0.16897506,0.066390045,0.0023838119,0.017269704,0.00918724,16.0,2016.0,2.0,3.4,16.0,2016.0,2.0,398
0.56198645,0.45120943,0.18377423,0.36785486,0.68356746,0.5706209,0.65188295,0.48542753,0.000124921,0.0027090253,0.4333162,0.70742136,0.58104914,0.43296945,0.5805674,0.5112786,0.4699302,0.01436977,0.16204984,0.066390045,0.0063324273,0.048681676,0.017606806,16.0,2016.0,3.0,2.7,16.0,2016.0,3.0,399
0.573216,0.44058996,0.2369642,0.3900368,0.68428737,0.59419364,0.65041727,0.48568755,0.00057002733,0.0053542005,0.43420562,0.6647463,0.5500507,0.43386006,0.6278509,0.52137303,0.44965687,0.061557528,0.14127421,0.066390045,0.020354072,0.14588216,0.05253687,16.0,2016.0,4.0,3.8,16.0,2016.0,4.0,400
0.69267964,0.55622417,0.34041265,0.38396737,0.6897621,0.6866476,0.7068574,0.4860448,0.0009502612,0.004204368,0.4330562,0.60261583,0.55646574,0.43270925,0.80307806,0.55215526,0.4631988,0.13714911,0.1204986,0.066390045,0.029990382,0.21489756,0.061158255,16.0,2017.0,1.0,5.3,16.0,2017.0,1.0,401
0.63586277,0.54914457,0.421193,0.36999357,0.6521232,0.65282315,0.76214087,0.4856888,0.0005382123,0.0043944344,0.4258239,0.57096934,0.7169325,0.42547652,0.76599294,0.5989171,0.45335254,0.13097163,0.11911357,0.066390045,0.0019114881,0.013770507,0.012430772,16.0,2017.0,2.0,4.8,16.0,2017.0,2.0,402
0.79943234,0.60106194,0.46461594,0.38152525,0.68879586,0.839938,0.7910786,0.48710963,0.0026618962,0.010813001,0.42716715,0.59929043,0.69663745,0.4268204,0.7395698,0.59806436,0.46298763,0.13584985,0.1066482,0.066390045,0.0077347765,0.05542048,0.018559938,16.0,2017.0,3.0,5.7,16.0,2017.0,3.0,403
0.8378041,0.6341003,0.47701624,0.3760193,0.6750327,0.8580665,0.9569416,0.48675776,0.0018137229,0.005797012,0.41926506,0.7543593,0.92857426,0.41891623,0.7859262,0.6275593,0.47681996,0.15251984,0.09418283,0.066390045,0.021382084,0.15320554,0.053292,16.0,2017.0,4.0,5.1,16.0,2017.0,4.0,404
0.8504672,0.55504423,0.39198828,0.18941511,0.6353065,0.9067654,1.0,0.48656452,0.0018931804,0.013909362,0.42364994,0.827309,0.8569368,0.42330295,0.7163916,0.6385571,0.46045348,0.12406118,0.07202214,0.066390045,0.031436443,0.22524649,0.05899689,16.0,2018.0,1.0,5.8,16.0,2018.0,1.0,405
0.782134,0.5951622,0.22861621,0.38661978,0.68650126,0.8068097,0.8358605,0.4872126,0.003157429,0.03299064,0.43346962,0.5875389,0.54175436,0.43312335,0.70712036,0.56064475,0.47874698,0.13290034,0.06232686,0.066390045,2.7479808e-07,1.382842e-06,1.0401131e-05,16.0,2018.0,2.0,6.2,16.0,2018.0,2.0,406
0.630463,0.54914457,0.18243977,0.37753445,0.6789941,0.6353075,0.73717165,0.4865311,0.0020772412,0.06687391,0.4323927,0.5472448,0.5544936,0.4320456,0.7233451,0.5501295,0.46069103,0.13987839,0.066481985,0.066390045,0.0073889177,0.0530354,0.024945887,16.0,2018.0,3.0,6.0,16.0,2018.0,3.0,407
0.59247357,0.5054867,0.14209856,0.384914,0.68527037,0.6013632,0.6453445,0.48614913,0.0015571903,0.027942032,0.43619406,0.44506687,0.42797038,0.43584725,0.69923973,0.53488696,0.45638824,0.11530102,0.066481985,0.066390045,0.022896562,0.16406026,0.0653915,16.0,2018.0,4.0,5.5,16.0,2018.0,4.0,408
0.5357045,0.58454275,0.15504271,0.37831724,0.6883723,0.53320086,0.5524596,0.4858415,0.0018585029,0.053487416,0.43701908,0.28970888,0.35791743,0.43667245,0.6454663,0.498358,0.45005283,0.10156133,0.06232686,0.066390045,0.030285021,0.21699628,0.06476262,16.0,2019.0,1.0,5.1,16.0,2019.0,1.0,409
0.5272464,0.5078466,0.21752457,0.3805557,0.68777573,0.5431526,0.5689284,0.4862786,0.0012813901,0.0052931923,0.43094292,0.5114373,0.57755995,0.43059573,0.64592993,0.5367019,0.45097676,0.15139407,0.04293627,0.066390045,0.0036850593,0.026626652,0.015342697,16.0,2019.0,2.0,4.6,16.0,2019.0,2.0,410
0.5520949,0.4358702,0.17646171,0.38711888,0.68872935,0.5711001,0.5549992,0.48607764,0.0010321719,0.0032588094,0.436683,0.4856366,0.43292305,0.43633664,0.62599665,0.52404475,0.4482314,0.16480047,0.037396118,0.066390045,0.007198518,0.051613897,0.02187227,16.0,2019.0,3.0,4.1,16.0,2019.0,3.0,411
0.56595266,0.4582891,0.21949796,0.38426813,0.7015946,0.5829557,0.5382835,0.4860855,0.0011275695,0.007863707,0.43409097,0.6135268,0.5398181,0.4337444,0.58937514,0.53440803,0.45124072,0.1641711,0.030470897,0.066390045,0.023460902,0.1680999,0.055832297,16.0,2019.0,4.0,3.8,16.0,2019.0,4.0,412
